Mannschaft;Heidgraben 3.;FC Elmshorn 2.;Lieth 3.;Rantzau 3.;Hörnerkirchen 2.;Seestermühe 1.;Sparrieshoop 2.;Heist 2.;Haseldorf 2.;Holsatia im EMTV 1.;Hemd.-Bilsen/​Kickers Egenbüttel 1.SG;TBS Pinneberg 2.;Gencler Birligi 1.;Buxtehude 2.;Harburger Türk-Sport 2.;GW Harburg 1.;FFC 08 2.;FSV Harburg-Rönneburg 2.;Einigkeit 1.;RW Wilhelmsburg 2.;Viktoria Harburg 2.;Harburger TB 3.;Buchholz 3.;Finkenwerder 2.;Juventude 1.;Dersimspor 2.;Aumühle 2.;SVNA 2.;SC V. M. 3.;TSG Bergedorf 1.;Reinbek 2.;Schwarzenbek 3.;Escheburg 3.;Börnsen 3.;Altengamme 3.;ASV Bergedorf 85 2.;FSV Geesthacht 2.;FC Lauenburg 1.;Grünhof-Tesperhude 1.;Düneberg 2.;Aumühle 3.;Einigkeit 2.;Lorbeer 1.;HafenCity 2.;Bostelbek 2.;MSV Hamburg 3.;Mesopotamien 2.;RW Wilhelmsburg 3.;FC Türkiye 2.;Störtebeker SV 1.;Billstedt-Horn 5.;Vorwärts Ost 1.;SV Wilhelmsburg 3.;ETSV Hamburg 2.;SC Europa 1.;SC V. M. 4.;Billstedt-Horn 3.;MSV Hamburg 1.;SC Hamm 1.;Oststeinbek 2.;ASV Bergedorf 85 3.;Glinde 3.;Polonia 4.;FC Preußen Hamburg 1.;Hamm United 3.;Aumühle 4.;Lorbeer 2.;SVNA 3.;Condor 4.;Concordia 3.;Polonia 3.;Farmsen 1.;Stapelfeld 2.;Barsbüttel 3.;tus BERNE 3.;Willinghusen 2.;Vorw. Wacker 4.;SC FU 1.;Lorbeer 3.;Billstedt-Horn 4.;SV Alter Teichweg 1.;Tonndorf-Lohe 1.;HafenCity 3.;SV Barmbek 1.;MSV Hamburg 4.;BU 5.;Farmsen 2.;Bramfeld 5.;DJK Hamburg 1.;tus BERNE 2.;Hellbrook 1.;Croatia 2.;FC Gregs 1.;Nordlichter im NSV 1.;HSV V;Polonia 2.;Paloma 4.;VfL 93 2.;Glashütte 2.;Alstertal-Langenhorn 2.;Hamburg Hurricanes 2.;DUWO 08 1.;Poppenbüttel 2.;UH-Adler 3.;Bergstedt 2.;DSC Hanseat 3.;Hellbrook 2.;Hummelsbüttel 1.;VfL 93 3.;Tangstedt 2.;Victoria 5.;Alstertal-Langenhorn 3.;Friedrichsgabe 1.;FC Guine-Bissau;Rugenbergen 3.;Teutonia 10 3.;Niendorf 5.;Nordlichter im NSV 2.;Germania 3.;Eintracht Lokstedt 3.;SV Groß Borstel 3.;Eintracht Lokstedt 4.;HFC Falke 2.;Rellinger FC 1.;SV Groß Borstel 2.;Teutonia 10 1.;DUWO 08 2.;TuS Osdorf 2.;Lohkamp 2.;SV Eidelstedt 4.;Sternschanze 4.;GW Eimsbüttel 3.;West-Eimsbüttel 2.;Groß Flottbek 2.;Groß Flottbek 3.;Sternschanze 5.;Alsterbrüder 4.;HEBC 4.;Inter Eidelstedt 1.;GW Eimsbüttel 4.;Stellingen 1.;Teutonia 10 2.;Hammonia 4.;Lohkamp 3.;Union 03 2.;Hansa 11 3.;Rissen 2.;VfL Pinneberg 2.;FC Hamburger Berg 1.;Wedel 2.;Kickers Halstenbek 1.;Cosmos Wedel 2.;TuS Osdorf 3.;SC Pinneberg 1.;Komet Blankenese 1.;Osdorfer Born 1.;Altona 93 4.;BLS Hamburg 01 1.;Waldenau 1.;Union 03 3.;Moorrege 1.;Wedel 1.;Sparrieshoop 1.;Borstel 1.;Heidgraben 2.;Appen 1.;Union Tornesch 3.;Heist 1.;Rantzau 2.;Rissen 1.;Cosmos Wedel 1.;Roland Wedel 1.;Hörnerkirchen 1.;Tangstedt 1.;Lieth 2.;Holm 1.;FSV Harburg-Rönneburg 1.;Este 06/​70 1.;Viktoria Harburg 1.;Kosova 2.;Buxtehude 1.;St. Pauli VII;Harburger TB 2.;Bostelbek 1.;Harburger SC 2.;Altenwerder 1.;RW Wilhelmsburg 1.;Hellas United 1.;Süderelbe 3.;FC Veddel United 1.;SV Wilhelmsburg 1.;Voran Ohe 2.;Reinbek 1.;SC Wentorf 2.;SC V. M. 2.;ASV Bergedorf 85 1.;Lohbrügge 2.;Altengamme 2.;Curslack-Neuengamme 2.;Escheburg 2.;Börnsen 2.;Dassendorf 2.;FSV Geesthacht 1.;Lauenburg 1.;Schwarzenbek 2.;Billstedt-Horn 1.;Barsbüttel 2.;Walddörfer 2.;Willinghusen 1.;Condor 3.;Stapelfeld 1.;Ahrensburg 2.;Meiendorf 2.;Wandsetal 1.;Rahlstedt 2.;ASV Hamburg 2.;Urania 1.;BU 4.;Bramfeld 2.;Rahlstedt 3.;Eilbek 3.;Hamm United 2.;BU 3.;Wellingsbüttel 2.;Wandsetal 2.;FC Winterhude 1.;Paloma 3.;Billstedt-Horn 2.;Sasel 3.;Sperber 2.;TuS Hamburg 1.;Polonia 1.;Hamburg Hurricanes 1.;UH-Adler 2.;Bramfeld 3.;Hasloh 1.;Ellerau 1.;Niendorf 4.;Hoisbüttel 1.;Bergstedt 1.;St. Pauli IV;1. FC Quickborn 1.;Lemsahl 1.;Glashütte 1.;Egenbüttel 2.;Germania 2.;Rugenbergen 2.;Harksheide 3.;West-Eimsbüttel 1.;SV Eidelstedt 1.;Hansa 11 1.;St. Pauli V;GW Eimsbüttel 2.;BSV 19 1.;Sternschanze 2.;Victoria 3.;Alsterbrüder 2.;Egenbüttel 3.;Eimsbüttel 3.;Hammonia 2.;Blau-Weiss Ellas 1.;HEBC 3.;HafenCity 1.;Altona 93 3.;Teutonia 05 3.;Nienstedten 2.;Hammonia 3.;Lohkamp 1.;Nikola Tesla 2.;Eimsbüttel 4.;Blankenese 2.;Sternschanze 3.;Alsterbrüder 3.;Groß Flottbek 1.;Altenwerder 2.;Lurup 1.;Hansa 11 2.;St. Pauli VI;Union Tornesch 4.;Victoria 4.
Heidgraben 3.;0.0;9.716700000000001;6.056;16.519;27.0761;9.322899999999999;22.648;5.6719;12.109;10.4084;15.1208;9.522200000000002;10.0095;58.064699999999995;51.3979;48.9321;41.0404;49.262;42.0975;44.277;51.3979;46.019400000000005;63.6784;41.0404;45.812599999999996;46.073;61.9373;53.848;64.3937;52.4193;55.4062;72.23530000000001;65.2664;59.8097;63.3525;48.9291;70.3129;80.75689999999999;73.487;65.9349;61.9373;42.0975;37.701;35.7021;45.5715;46.0086;51.5697;44.277;43.8044;35.7021;43.559599999999996;41.2256;45.812599999999996;46.9115;45.735;64.3937;42.0205;46.0086;38.490300000000005;47.227;48.9291;52.6181;35.9403;39.993300000000005;39.0601;61.9373;37.701;53.848;43.0346;44.120400000000004;35.9403;43.0346;54.6877;45.8369;44.114599999999996;51.9303;42.7591;39.7744;37.701;43.559599999999996;36.8617;45.2621;35.7021;38.142300000000006;46.0086;35.4433;43.0346;40.289;36.8617;44.114599999999996;38.9208;35.9403;38.9208;28.919400000000003;34.0192;35.9403;35.052;33.043099999999995;35.741800000000005;33.8897;32.7601;44.6624;38.124;34.6511;42.0032;36.8617;38.9208;34.522400000000005;33.9148;20.7823;30.232;33.0861;28.968700000000002;45.735;21.862299999999998;30.7136;28.9606;28.919400000000003;26.857599999999998;29.2211;29.9727;29.2211;27.6;16.9258;29.9727;30.7136;44.6624;25.8804;24.645799999999998;24.645799999999998;30.701700000000002;29.250799999999998;26.298299999999998;30.744799999999998;30.744799999999998;30.701700000000002;30.8912;29.087;27.6;29.250799999999998;26.298299999999998;30.7136;30.701700000000002;24.645799999999998;29.8328;32.3565;20.1378;13.3659;30.8385;15.860700000000001;20.291400000000003;15.860700000000001;25.8804;13.3659;22.3383;23.7588;31.3923;29.250799999999998;16.2105;29.8328;5.5114;15.860700000000001;22.648;14.3105;0.0;9.1909;5.051699999999999;5.6719;16.519;20.1378;15.860700000000001;15.860700000000001;27.0761;20.7823;6.056;10.8192;49.262;49.0449;51.3979;38.525800000000004;58.064699999999995;32.3565;46.019400000000005;45.5715;50.3879;43.7269;44.277;43.7269;46.939099999999996;38.525800000000004;45.812599999999996;53.775400000000005;55.4062;53.600300000000004;64.3937;48.9291;49.4439;63.3525;57.711400000000005;65.2664;59.8097;65.4285;70.3129;80.75689999999999;72.23530000000001;43.559599999999996;45.8369;44.156099999999995;51.9303;43.8206;54.6877;50.843;45.1184;39.751599999999996;45.5866;39.0601;36.5229;36.4817;40.289;45.5866;36.829;39.0601;35.4433;41.379599999999996;39.7744;33.9148;35.052;42.0205;39.3885;33.9148;39.0601;35.9403;36.6156;34.6511;38.9208;22.8142;24.8643;26.4464;44.2776;42.0032;32.3565;23.969099999999997;39.152699999999996;35.741800000000005;21.8872;24.971400000000003;21.862299999999998;35.3745;26.298299999999998;24.645799999999998;32.3565;32.3565;29.250799999999998;31.3923;30.701700000000002;29.7345;30.8912;21.8872;30.5232;30.701700000000002;29.8328;29.598599999999998;35.7021;31.3923;30.625;33.761300000000006;30.701700000000002;24.645799999999998;31.3923;30.5232;22.3383;30.701700000000002;30.8912;30.744799999999998;43.7269;26.8543;32.3565;32.3565;5.051699999999999;29.7345
FC Elmshorn 2.;9.716700000000001;0.0;4.8359;10.328700000000001;18.541700000000002;12.0797;7.29;13.5387;18.5467;2.9476999999999998;14.4941;13.9151;1.9972999999999999;57.9409;51.2741;48.8083;40.916599999999995;49.1382;41.973699999999994;44.1532;51.2741;45.8956;63.5546;40.916599999999995;45.6888;45.9492;61.8135;53.7241;64.2699;52.2955;55.282300000000006;72.1115;65.1426;59.685900000000004;63.228699999999996;48.8053;70.18910000000001;80.6331;73.36319999999999;65.81110000000001;61.8135;41.973699999999994;37.5771;35.578300000000006;45.4477;45.884699999999995;51.4459;44.1532;43.6806;35.578300000000006;43.4358;41.101800000000004;45.6888;46.787699999999994;45.6112;64.2699;41.896699999999996;45.884699999999995;38.3665;47.103199999999994;48.8053;52.4942;35.8165;39.8695;38.9363;61.8135;37.5771;53.7241;42.9108;43.9966;35.8165;42.9108;54.563900000000004;45.7131;43.9908;51.8065;42.6352;39.6506;37.5771;43.4358;36.7379;45.1383;35.578300000000006;38.0185;45.884699999999995;35.3195;42.9108;40.1652;36.7379;43.9908;38.797;35.8165;38.797;30.1324;33.8954;35.8165;34.9282;32.9193;35.618;33.7659;32.6363;44.538599999999995;38.0002;34.527300000000004;41.879400000000004;36.7379;38.797;34.3985;33.7909;20.6585;30.1082;32.962300000000006;30.1817;45.6112;21.7385;30.5898;28.8368;30.1324;26.7338;29.0973;29.8489;29.0973;27.476200000000002;16.802;29.8489;30.5898;44.538599999999995;25.7566;24.522;24.522;30.577900000000003;29.127;26.1745;30.621;30.621;30.577900000000003;30.767400000000002;28.9632;27.476200000000002;29.127;26.1745;30.5898;30.577900000000003;24.522;29.709;32.2326;30.6415;17.2099;30.7147;27.1857;20.1675;27.1857;25.7566;17.2099;26.4749;23.635;31.2685;29.127;21.0892;29.709;13.378200000000001;27.1857;7.29;14.1867;9.4119;18.4087;9.464799999999999;13.5387;10.328700000000001;30.6415;27.1857;27.1857;18.541700000000002;20.6585;4.8359;24.1161;49.1382;48.921099999999996;51.2741;38.402;57.9409;32.2326;45.8956;45.4477;50.2641;43.6031;44.1532;43.6031;46.8153;38.402;45.6888;53.6516;55.282300000000006;53.4765;64.2699;48.8053;49.3201;63.228699999999996;57.5876;65.1426;59.685900000000004;65.3047;70.18910000000001;80.6331;72.1115;43.4358;45.7131;44.032300000000006;51.8065;43.6968;54.563900000000004;50.719199999999994;44.9946;39.6277;45.4628;38.9363;36.3991;36.3579;40.1652;45.4628;36.7052;38.9363;35.3195;41.2558;39.6506;33.7909;34.9282;41.896699999999996;39.2646;33.7909;38.9363;35.8165;36.491699999999994;34.527300000000004;38.797;22.6904;24.237599999999997;26.322599999999998;44.153800000000004;41.879400000000004;32.2326;25.1821;39.0289;35.618;21.7634;24.8476;21.7385;35.250699999999995;26.1745;24.522;32.2326;32.2326;29.127;31.2685;30.577900000000003;29.6107;30.767400000000002;21.7634;30.3994;30.577900000000003;29.709;29.4748;35.578300000000006;31.2685;30.5012;33.6375;30.577900000000003;24.522;31.2685;30.3994;26.4749;30.577900000000003;30.767400000000002;30.621;43.6031;26.7305;32.2326;32.2326;9.464799999999999;29.6107
Lieth 3.;6.056;4.8359;0.0;12.9283;23.0236;8.4565;9.8895;9.9155;14.9236;5.5651;18.976;18.397;5.1662;62.4228;55.755900000000004;53.2902;45.3985;53.62;46.4556;48.635;55.755900000000004;50.3774;68.0365;45.3985;50.1706;50.431;66.2953;58.206;68.7517;56.7774;59.764199999999995;76.59339999999999;69.6245;64.1678;67.7105;53.287099999999995;74.67089999999999;85.115;77.845;70.29289999999999;66.2953;46.4556;42.059;40.0601;49.9295;50.3666;55.927800000000005;48.635;48.1624;40.0601;47.917699999999996;45.5836;50.1706;51.2695;50.093;68.7517;46.3785;50.3666;42.8483;51.585;53.287099999999995;56.976099999999995;40.2984;44.3514;43.4182;66.2953;42.059;58.206;47.3927;48.4784;40.2984;47.3927;59.0457;50.194900000000004;48.4726;56.2883;47.1171;44.1325;42.059;47.917699999999996;41.219699999999996;49.6202;40.0601;42.5003;50.3666;39.801300000000005;47.3927;44.6471;41.219699999999996;48.4726;43.278800000000004;40.2984;43.278800000000004;34.6143;38.377199999999995;40.2984;39.4101;37.401199999999996;40.0998;38.247699999999995;37.1181;49.0204;42.482099999999996;39.0092;46.3613;41.219699999999996;43.278800000000004;38.8804;38.272800000000004;25.1403;34.5901;37.444199999999995;34.6635;50.093;26.220299999999998;35.0716;33.318599999999996;34.6143;31.215700000000002;33.5791;34.3307;33.5791;31.958099999999998;21.283900000000003;34.3307;35.0716;49.0204;30.2385;29.0038;29.0038;35.0598;33.6089;30.656299999999998;35.1028;35.1028;35.0598;35.249199999999995;33.445;31.958099999999998;33.6089;30.656299999999998;35.0716;35.0598;29.0038;34.1908;36.7145;24.381400000000003;21.6918;35.1965;20.104400000000002;24.6494;20.104400000000002;30.2385;21.6918;30.9567;28.1169;35.7503;33.6089;25.571;34.1908;9.7551;20.104400000000002;9.8895;18.668599999999998;5.7886999999999995;13.4346;9.5591;9.9155;12.9283;24.381400000000003;20.104400000000002;20.104400000000002;23.0236;25.1403;0.0;15.0628;53.62;53.4029;55.755900000000004;42.883900000000004;62.4228;36.7145;50.3774;49.9295;54.7459;48.085;48.635;48.085;51.2971;42.883900000000004;50.1706;58.1334;59.764199999999995;57.9583;68.7517;53.287099999999995;53.802;67.7105;62.0694;69.6245;64.1678;69.7865;74.67089999999999;85.115;76.59339999999999;47.917699999999996;50.194900000000004;48.5141;56.2883;48.1787;59.0457;55.201;49.4764;44.1096;49.9446;43.4182;40.880900000000004;40.8397;44.6471;49.9446;41.1871;43.4182;39.801300000000005;45.7376;44.1325;38.272800000000004;39.4101;46.3785;43.7465;38.272800000000004;43.4182;40.2984;40.9736;39.0092;43.278800000000004;27.1722;28.7194;30.8045;48.6357;46.3613;36.7145;29.6639;43.5107;40.0998;26.2452;29.3294;26.220299999999998;39.7326;30.656299999999998;29.0038;36.7145;36.7145;33.6089;35.7503;35.0598;34.0925;35.249199999999995;26.2452;34.8813;35.0598;34.1908;33.9567;40.0601;35.7503;34.983;38.1193;35.0598;29.0038;35.7503;34.8813;30.9567;35.0598;35.249199999999995;35.1028;48.085;31.2123;36.7145;36.7145;9.5591;34.0925
Rantzau 3.;16.519;10.328700000000001;12.9283;0.0;8.4002;18.9057;9.0551;19.382900000000003;26.2885;7.6822;7.4567;17.2476;8.4704;61.2734;54.6065;52.140800000000006;44.2491;52.4706;45.3062;47.485699999999994;54.6065;49.228;66.8871;44.2491;49.0212;49.2816;65.1459;57.056599999999996;67.6023;55.628;58.6148;75.444;68.47510000000001;63.0184;66.56110000000001;52.137699999999995;73.5215;83.96560000000001;76.6956;69.1435;65.1459;45.3062;40.9096;38.9107;48.7801;49.2172;54.778400000000005;47.485699999999994;47.013;38.9107;46.7683;44.4342;49.0212;50.1202;48.9437;67.6023;45.229099999999995;49.2172;41.6989;50.4356;52.137699999999995;55.826699999999995;39.149;43.202;42.268800000000006;65.1459;40.9096;57.056599999999996;46.243300000000005;47.3291;39.149;46.243300000000005;57.896300000000004;49.0455;47.3232;55.1389;45.967699999999994;42.9831;40.9096;46.7683;40.0703;48.470800000000004;38.9107;41.3509;49.2172;38.652;46.243300000000005;43.497699999999995;40.0703;47.3232;42.129400000000004;39.149;42.129400000000004;21.2553;23.4043;39.149;38.2607;36.2518;26.340799999999998;37.0983;35.9687;35.7181;29.5861;37.8598;34.4702;40.0703;42.129400000000004;37.731;37.123400000000004;23.9909;33.4407;36.2948;22.1373;48.9437;25.0709;33.9223;32.169200000000004;21.2553;30.0663;32.429700000000004;33.1813;32.429700000000004;30.8087;20.1345;33.1813;33.9223;35.7181;29.0891;27.854400000000002;27.854400000000002;33.9104;32.4595;29.5069;33.9534;33.9534;33.9104;34.0998;32.295700000000004;30.8087;32.4595;29.5069;33.9223;33.9104;27.854400000000002;33.0414;35.5651;33.9739;20.5424;34.0471;30.518099999999997;23.5;30.518099999999997;29.0891;20.5424;29.807299999999998;26.9675;34.6009;32.4595;24.421599999999998;33.0414;19.2225;30.518099999999997;9.0551;17.5192;16.5063;21.7412;12.4333;19.382900000000003;0.0;33.9739;30.518099999999997;30.518099999999997;8.4002;23.9909;12.9118;27.4486;52.4706;52.2535;54.6065;41.7345;61.2734;35.5651;49.228;48.7801;53.5965;46.9356;47.485699999999994;46.9356;50.1477;41.7345;49.0212;56.984;58.6148;56.809;67.6023;52.137699999999995;52.6526;66.56110000000001;60.9201;68.47510000000001;63.0184;68.6371;73.5215;83.96560000000001;75.444;46.7683;49.0455;37.4298;55.1389;47.029300000000006;57.896300000000004;44.6945;38.3921;42.9602;48.795199999999994;42.268800000000006;39.7315;39.6903;43.497699999999995;48.795199999999994;40.037699999999994;42.268800000000006;38.652;34.6533;42.9831;37.123400000000004;38.2607;45.229099999999995;32.6622;37.123400000000004;42.268800000000006;39.149;39.8242;37.8598;42.129400000000004;18.5793;14.3785;29.655099999999997;39.0306;34.4702;35.5651;16.305;29.7517;26.340799999999998;25.0959;28.18;25.0709;22.7453;29.5069;27.854400000000002;35.5651;35.5651;32.4595;34.6009;33.9104;32.9431;34.0998;25.0959;33.7319;33.9104;33.0414;32.807300000000005;38.9107;34.6009;33.8337;36.9699;33.9104;27.854400000000002;34.6009;33.7319;29.807299999999998;33.9104;34.0998;33.9534;46.9356;30.062900000000003;35.5651;35.5651;12.4333;32.9431
Hörnerkirchen 2.;27.0761;18.541700000000002;23.0236;8.4002;0.0;29.9447;8.9886;30.0824;36.9879;13.287;14.6549;27.583099999999998;14.0752;71.60889999999999;64.9421;62.4763;54.5846;62.8062;55.6418;57.8212;64.9421;59.5636;77.2227;54.5846;59.3568;59.6172;75.4815;67.3922;77.9379;65.9635;68.95039999999999;85.7795;78.8107;73.3539;76.8967;62.4733;83.8571;94.3011;87.0312;79.4791;75.4815;55.6418;51.2452;49.246300000000005;59.1157;59.552800000000005;65.1139;57.8212;57.3486;49.246300000000005;57.1038;54.769800000000004;59.3568;60.4557;59.279199999999996;77.9379;55.564699999999995;59.552800000000005;52.0345;60.7712;62.4733;66.1623;49.4846;53.5375;52.6044;75.4815;51.2452;67.3922;56.5788;57.6646;49.4846;56.5788;68.2319;59.381099999999996;57.6588;65.4745;56.3033;53.318599999999996;51.2452;57.1038;50.4059;58.806400000000004;49.246300000000005;51.6865;59.552800000000005;48.9875;56.5788;53.8332;50.4059;57.6588;52.465;49.4846;52.465;28.4535;30.6025;49.4846;48.596199999999996;46.5874;49.286;47.4339;46.304300000000005;42.9163;51.6682;48.1954;55.5474;50.4059;52.465;48.0666;47.459;34.3265;43.776300000000006;46.630300000000005;29.3355;59.279199999999996;35.4065;44.2578;42.5048;28.4535;40.4018;42.7653;43.5169;42.7653;41.1442;30.47;43.5169;44.2578;42.9163;39.4246;38.19;38.19;44.2459;42.795;39.8425;44.289;44.289;44.2459;44.4354;42.6312;41.1442;42.795;39.8425;44.2578;44.2459;38.19;43.377;45.9007;44.3095;30.8779;44.3827;40.853699999999996;33.8356;40.853699999999996;39.4246;30.8779;40.142900000000004;37.303;44.9365;42.795;34.7572;43.377;29.9219;40.853699999999996;8.9886;27.8548;27.2058;32.0767;23.1328;30.0824;8.3497;44.3095;40.853699999999996;40.853699999999996;0.0;34.3265;23.5757;37.7842;62.8062;62.5891;64.9421;52.07;71.60889999999999;45.9007;59.5636;59.1157;63.9321;57.2712;57.8212;57.2712;60.4833;52.07;59.3568;67.31960000000001;68.95039999999999;67.1445;77.9379;62.4733;62.988099999999996;76.8967;71.2556;78.8107;73.3539;78.9727;83.8571;94.3011;85.7795;57.1038;59.381099999999996;57.700300000000006;65.4745;57.3648;68.2319;64.38719999999999;58.6626;53.2958;59.1308;52.6044;50.067099999999996;50.0259;53.8332;59.1308;50.3732;52.6044;48.9875;54.9238;53.318599999999996;47.459;48.596199999999996;55.564699999999995;52.9327;47.459;52.6044;49.4846;50.159800000000004;48.1954;52.465;25.7775;21.576700000000002;39.9907;57.8219;55.5474;45.9007;23.5032;52.6969;49.286;35.431400000000004;38.5156;35.4065;29.9436;39.8425;38.19;45.9007;45.9007;42.795;44.9365;44.2459;43.2787;44.4354;35.431400000000004;44.0675;44.2459;43.377;43.142900000000004;49.246300000000005;44.9365;44.1692;47.3055;44.2459;38.19;44.9365;44.0675;40.142900000000004;44.2459;44.4354;44.289;57.2712;40.3985;45.9007;45.9007;23.1328;43.2787
Seestermühe 1.;9.322899999999999;12.0797;8.4565;18.9057;29.9447;0.0;17.1821;12.337399999999999;12.126700000000001;12.8576;22.8521;17.2535;12.4587;65.796;59.1292;56.6634;48.771699999999996;56.993300000000005;49.8288;52.008300000000006;59.1292;53.7506;71.4097;48.771699999999996;53.543800000000005;53.804199999999994;69.66860000000001;61.5792;72.1249;60.1506;63.1374;79.9666;72.9977;67.541;71.0837;56.6604;78.0442;88.48819999999999;81.2183;73.6661;69.66860000000001;49.8288;45.432199999999995;43.4333;53.302800000000005;53.7398;59.301;52.008300000000006;51.5357;43.4333;51.2909;48.956900000000005;53.543800000000005;54.6428;53.466300000000004;72.1249;49.7517;53.7398;46.2215;54.9582;56.6604;60.3493;43.6716;47.724599999999995;46.7914;69.66860000000001;45.432199999999995;61.5792;50.7659;51.851699999999994;43.6716;50.7659;62.419;53.5682;51.845800000000004;59.6616;50.490300000000005;47.5057;45.432199999999995;51.2909;44.5929;52.9934;43.4333;45.873599999999996;53.7398;43.1746;50.7659;48.020300000000006;44.5929;51.845800000000004;46.6521;43.6716;46.6521;36.6507;41.7504;43.6716;42.783300000000004;40.7744;43.473;41.6209;40.4913;52.393699999999995;45.8553;42.382400000000004;49.7345;44.5929;46.6521;42.2536;41.646;28.5135;37.963300000000004;40.8174;36.7;53.466300000000004;29.5935;38.444900000000004;36.6918;36.6507;34.5889;36.952400000000004;37.703900000000004;36.952400000000004;35.331300000000006;24.6571;37.703900000000004;38.444900000000004;52.393699999999995;34.027699999999996;32.3771;32.3771;38.433;36.982099999999996;34.0295;38.476099999999995;38.476099999999995;38.433;38.6225;36.8183;35.331300000000006;36.982099999999996;34.0295;38.444900000000004;38.433;32.3771;37.564099999999996;40.0877;25.981;21.0972;38.5698;21.704;28.022599999999997;21.704;34.027699999999996;21.0972;33.116099999999996;31.9061;39.1235;36.982099999999996;26.9883;37.564099999999996;13.678700000000001;21.704;17.1821;22.0418;9.0125;16.6584;12.7829;12.337399999999999;20.2208;25.981;21.704;21.704;30.3161;28.5135;8.5052;16.6624;56.993300000000005;56.7761;59.1292;46.2571;65.796;40.0877;53.7506;53.302800000000005;58.119099999999996;51.4582;52.008300000000006;51.4582;54.670300000000005;46.2571;53.543800000000005;61.5066;63.1374;61.3316;72.1249;56.6604;57.1752;71.0837;65.4427;72.9977;67.541;73.1597;78.0442;88.48819999999999;79.9666;51.2909;53.5682;51.8873;59.6616;51.5519;62.419;58.5742;52.849599999999995;47.482800000000005;53.317800000000005;46.7914;44.2541;44.213;48.020300000000006;53.317800000000005;44.560300000000005;46.7914;43.1746;49.110800000000005;47.5057;41.646;42.783300000000004;49.7517;47.119699999999995;41.646;46.7914;43.6716;44.3468;42.382400000000004;46.6521;30.5454;32.5955;34.177699999999994;52.008900000000004;49.7345;40.0877;31.7003;46.883900000000004;43.473;29.6185;32.7027;29.5935;43.1058;34.0295;32.3771;40.0877;40.0877;36.982099999999996;39.1235;38.433;37.4658;38.6225;29.6185;38.2545;38.433;37.564099999999996;37.3299;43.4333;39.1235;38.356300000000005;41.4925;38.433;32.3771;39.1235;38.2545;33.116099999999996;38.433;38.6225;38.476099999999995;51.4582;34.5855;40.0877;40.0877;12.7829;37.4658
Sparrieshoop 2.;22.648;7.29;9.8895;9.0551;8.9886;17.1821;0.0;25.7047;32.6103;4.632899999999999;15.360299999999999;23.2055;5.4211;67.2313;60.5645;58.098699999999994;50.207;58.428599999999996;51.2641;53.443599999999996;60.5645;55.185900000000004;72.845;50.207;54.9792;55.2395;71.1039;63.0145;73.5602;61.5859;64.5727;81.4019;74.433;68.97630000000001;72.51910000000001;58.095699999999994;79.4795;89.9235;82.65360000000001;75.1014;71.1039;51.2641;46.8675;44.8687;54.738099999999996;55.1751;60.7363;53.443599999999996;52.971;44.8687;52.7262;50.392199999999995;54.9792;56.0781;54.9016;73.5602;51.187;55.1751;47.656800000000004;56.3936;58.095699999999994;61.7846;45.1069;49.1599;48.226699999999994;71.1039;46.8675;63.0145;52.2012;53.287;45.1069;52.2012;63.8543;55.0035;53.2812;61.0969;51.925599999999996;48.941;46.8675;52.7262;46.0282;54.4287;44.8687;47.3089;55.1751;44.6099;52.2012;49.4556;46.0282;53.2812;48.0874;45.1069;48.0874;29.158900000000003;43.1858;45.1069;44.218599999999995;42.2097;44.9084;43.0563;41.9267;53.829;47.2906;43.817699999999995;51.1698;46.0282;48.0874;43.688900000000004;43.081300000000006;29.9488;39.3986;42.2527;30.0409;54.9016;31.0289;39.880199999999995;38.1271;29.158900000000003;36.0242;38.387699999999995;39.139300000000006;38.387699999999995;36.7666;26.0924;39.139300000000006;39.880199999999995;53.829;35.047;33.812400000000004;33.812400000000004;39.868300000000005;38.4174;35.464800000000004;39.9114;39.9114;39.868300000000005;40.0578;38.2536;36.7666;38.4174;35.464800000000004;39.880199999999995;39.868300000000005;33.812400000000004;38.9994;41.523;39.9319;26.5003;40.0051;36.476099999999995;29.457900000000002;36.476099999999995;35.047;26.5003;35.7653;32.9254;40.5589;38.4174;30.3796;38.9994;25.5443;36.476099999999995;0.0;23.4771;22.8281;27.699099999999998;18.7551;25.7047;9.0551;39.9319;36.476099999999995;36.476099999999995;9.039;29.9488;9.8625;33.4065;58.428599999999996;58.2115;60.5645;47.6924;67.2313;41.523;55.185900000000004;54.738099999999996;59.5544;52.8935;53.443599999999996;52.8935;56.1057;47.6924;54.9792;62.941900000000004;64.5727;62.7669;73.5602;58.095699999999994;58.6105;72.51910000000001;66.878;74.433;68.97630000000001;74.5951;79.4795;89.9235;81.4019;52.7262;55.0035;53.3227;61.0969;52.987199999999994;63.8543;60.0096;54.285;48.918099999999995;54.753099999999996;48.226699999999994;45.6894;45.648300000000006;49.4556;54.753099999999996;45.995599999999996;48.226699999999994;44.6099;50.5462;48.941;43.081300000000006;44.218599999999995;51.187;48.555;43.081300000000006;48.226699999999994;45.1069;45.7821;43.817699999999995;48.0874;31.9808;22.2821;35.613;53.444199999999995;51.1698;41.523;24.208599999999997;48.319300000000005;44.9084;31.0538;34.138;31.0289;44.5411;35.464800000000004;33.812400000000004;41.523;41.523;38.4174;40.5589;39.868300000000005;38.9011;40.0578;31.0538;39.689800000000005;39.868300000000005;38.9994;38.7652;44.8687;40.5589;39.791599999999995;42.9279;39.868300000000005;33.812400000000004;40.5589;39.689800000000005;35.7653;39.868300000000005;40.0578;39.9114;52.8935;36.0208;41.523;41.523;18.7551;38.9011
Heist 2.;5.6719;13.5387;9.9155;19.382900000000003;30.0824;12.337399999999999;25.7047;0.0;6.905600000000001;13.9735;18.061;10.6733;13.5746;53.7421;47.075199999999995;44.6095;36.703300000000006;44.9393;41.4979;39.9399;47.075199999999995;41.6967;59.3558;36.703300000000006;43.5388;41.7503;64.8775;51.7214;70.23389999999999;50.646699999999996;58.3463;75.1755;63.139900000000004;57.683099999999996;61.2259;47.1565;68.1863;78.6304;71.3604;63.8083;64.8775;41.4979;35.9284;33.9065;41.2488;44.236;47.247099999999996;39.9399;39.4673;33.9065;41.787;39.099;43.5388;45.1389;43.9624;70.23389999999999;40.2479;44.236;36.717699999999994;45.4544;47.1565;55.5582;38.8805;39.0095;42.0003;64.8775;35.9284;51.7214;45.9748;47.0606;38.8805;45.9748;57.627900000000004;48.7771;47.0547;54.8705;40.9864;42.7146;35.9284;41.787;39.8018;48.2023;33.9065;41.0825;44.236;38.3835;45.9748;43.2292;39.8018;47.0547;41.861;38.8805;41.861;31.859599999999997;36.959300000000006;38.8805;37.9922;35.9833;38.6819;36.829800000000006;35.700199999999995;47.602599999999995;41.0642;37.591300000000004;44.943400000000004;39.8018;41.861;37.4625;36.8549;17.7446;33.1722;36.026300000000006;31.9088;43.9624;18.8246;28.090400000000002;31.9007;31.859599999999997;29.7978;32.1612;32.912800000000004;32.1612;30.540200000000002;13.888200000000001;32.912800000000004;28.090400000000002;47.602599999999995;22.5126;23.5358;23.5358;33.6419;32.191;29.238400000000002;24.000700000000002;24.000700000000002;33.6419;33.831300000000006;32.0272;30.540200000000002;32.191;29.238400000000002;28.090400000000002;33.6419;23.5358;27.2257;29.878400000000003;14.4659;12.7714;33.7786;10.1889;19.404400000000003;10.1889;22.5126;12.7714;21.601;20.391;25.5906;32.191;15.4731;27.2257;1.3413;10.1889;25.588099999999997;13.4908;5.3706000000000005;6.8119;7.9918000000000005;0.0;19.4591;14.4659;10.1889;10.1889;30.0162;17.7446;9.6211;5.1473;44.9393;44.707800000000006;47.075199999999995;36.3992;53.7421;29.878400000000003;41.6967;41.2488;46.0652;39.404300000000006;39.9399;39.404300000000006;42.6164;36.3992;43.5388;56.7155;58.3463;51.8277;70.23389999999999;47.1565;47.6713;61.2259;55.5848;63.139900000000004;57.683099999999996;68.3686;68.1863;78.6304;75.1755;41.787;48.7771;47.096199999999996;54.8705;46.7608;57.627900000000004;53.7831;48.0585;42.6917;48.5267;42.0003;39.463;39.4219;43.2292;48.5267;39.7692;42.0003;38.3835;44.3197;42.7146;36.8549;37.9922;40.2479;42.3286;36.8549;42.0003;38.8805;39.555699999999995;37.591300000000004;41.861;21.994400000000002;27.8044;29.386599999999998;47.217800000000004;44.943400000000004;29.878400000000003;26.909200000000002;42.092800000000004;38.6819;24.8274;27.9115;18.8246;38.314699999999995;29.238400000000002;23.5358;29.878400000000003;29.878400000000003;32.191;25.5906;33.6419;32.6747;33.831300000000006;24.8274;33.4634;33.6419;27.2257;32.5388;33.9065;25.5906;26.9923;25.277099999999997;33.6419;23.5358;25.5906;33.4634;21.601;33.6419;33.831300000000006;24.000700000000002;39.404300000000006;22.1681;29.878400000000003;29.878400000000003;7.9918000000000005;32.6747
Haseldorf 2.;12.109;18.5467;14.9236;26.2885;36.9879;12.126700000000001;32.6103;6.905600000000001;0.0;19.4874;24.98;18.6399;19.0885;57.457;50.7902;48.324400000000004;40.4182;48.654300000000006;45.2128;43.6548;50.7902;45.4116;63.070699999999995;40.4182;47.253699999999995;45.465199999999996;64.4655;55.4363;73.9488;54.361599999999996;57.934400000000004;74.7635;66.8548;61.3981;64.9408;50.8714;71.9013;82.34530000000001;75.0753;67.5232;64.4655;45.2128;39.6433;37.6214;44.963800000000006;47.950900000000004;50.962;43.6548;43.182199999999995;37.6214;45.5019;42.813900000000004;47.253699999999995;48.8538;47.6773;73.9488;43.9628;47.950900000000004;40.4326;49.1693;50.8714;55.1462;38.4685;42.7244;41.588300000000004;64.4655;39.6433;55.4363;46.5237;46.6486;38.4685;46.5237;57.215900000000005;48.3651;47.6036;54.4585;44.7014;42.3091;39.6433;45.5019;39.396300000000004;47.7903;37.6214;41.6313;47.950900000000004;37.978;46.5237;43.7781;39.396300000000004;47.6036;42.409800000000004;38.4685;42.409800000000004;37.403;37.508199999999995;38.4685;37.5867;35.5778;39.2308;37.378699999999995;35.2947;48.1514;41.613;37.1858;45.4923;39.396300000000004;42.409800000000004;38.0114;36.449400000000004;25.6918;32.7667;36.575199999999995;37.4523;47.6773;26.7718;31.8053;32.4496;37.403;30.3466;31.7558;33.4617;31.7558;30.134700000000002;21.8354;33.4617;31.8053;48.1514;26.2275;27.250700000000002;27.250700000000002;33.2299;31.7855;29.4115;27.7156;27.7156;33.2299;33.4194;31.6152;30.134700000000002;31.7855;29.4115;31.8053;33.2299;27.250700000000002;30.9406;33.593300000000006;17.8137;16.4864;33.366699999999994;13.536700000000002;23.1193;13.536700000000002;26.2275;16.4864;25.315900000000003;24.105900000000002;29.3055;31.7855;19.1881;30.9406;8.260399999999999;13.536700000000002;32.5072;21.4573;12.2896;13.731;14.9109;6.919;26.3781;17.8137;13.536700000000002;13.536700000000002;36.935199999999995;25.6918;15.135;8.862200000000001;48.654300000000006;48.4227;50.7902;40.1142;57.457;33.593300000000006;45.4116;44.963800000000006;49.7801;43.1192;43.6548;43.1192;46.331300000000006;40.1142;47.253699999999995;56.303599999999996;57.934400000000004;55.5426;73.9488;50.8714;51.386199999999995;64.9408;59.299800000000005;66.8548;61.3981;67.9567;71.9013;82.34530000000001;74.7635;45.5019;48.3651;47.6451;54.4585;47.309599999999996;57.215900000000005;54.332;48.6074;42.286199999999994;49.0756;41.588300000000004;39.0575;39.016400000000004;43.7781;49.0756;39.363699999999994;41.588300000000004;37.978;44.8686;42.3091;36.449400000000004;37.5867;43.9628;42.8775;36.449400000000004;41.588300000000004;38.4685;39.1502;37.1858;42.409800000000004;29.961;32.7996;29.9355;47.7667;45.4923;33.593300000000006;32.4527;42.6417;39.2308;25.3762;28.4604;26.7718;38.8635;29.4115;27.250700000000002;33.593300000000006;33.593300000000006;31.7855;29.3055;33.2299;32.2692;33.4194;25.3762;33.057900000000004;33.2299;30.9406;32.126799999999996;37.6214;29.3055;30.7072;28.992;33.2299;27.250700000000002;29.3055;33.057900000000004;25.315900000000003;33.2299;33.4194;27.7156;43.1192;25.883;33.593300000000006;33.593300000000006;14.9109;32.2692
Holsatia im EMTV 1.;10.4084;2.9476999999999998;5.5651;7.6822;13.287;12.8576;4.632899999999999;13.9735;19.4874;0.0;13.8056;15.786;1.8747;59.811800000000005;53.145;50.679199999999994;42.7875;51.0091;43.8446;46.0241;53.145;47.7665;65.4255;42.7875;47.5597;47.8201;63.684400000000004;55.595;66.1408;54.1664;57.1532;73.9824;67.0135;61.5568;65.0996;50.676199999999994;72.06;82.504;75.23410000000001;67.682;63.684400000000004;43.8446;39.448;37.4492;47.318599999999996;47.7556;53.3168;46.0241;45.5515;37.4492;45.3067;42.972699999999996;47.5597;48.6586;47.482099999999996;66.1408;43.7676;47.7556;40.2374;48.9741;50.676199999999994;54.3651;37.687400000000004;41.7404;40.807199999999995;63.684400000000004;39.448;55.595;44.781699999999994;45.8675;37.687400000000004;44.781699999999994;56.4348;47.584;45.8617;53.6774;44.506099999999996;41.5215;39.448;45.3067;38.6088;47.0092;37.4492;39.8894;47.7556;37.190400000000004;44.781699999999994;42.0361;38.6088;45.8617;40.6679;37.687400000000004;40.6679;27.604200000000002;35.7663;37.687400000000004;36.799099999999996;34.7902;37.4889;35.6368;34.5072;46.4095;39.8711;36.398199999999996;43.7503;38.6088;40.6679;36.269400000000005;35.6618;22.529400000000003;31.9791;34.8332;27.6535;47.482099999999996;23.6094;32.4607;30.7076;27.604200000000002;28.6047;30.9682;31.7198;30.9682;29.347099999999998;18.672900000000002;31.7198;32.4607;46.4095;27.6275;26.3929;26.3929;32.4488;30.9979;28.0454;32.4919;32.4919;32.4488;32.6383;30.8341;29.347099999999998;30.9979;28.0454;32.4607;32.4488;26.3929;31.579900000000002;34.1035;32.5124;19.0808;32.5856;29.0566;22.038400000000003;29.0566;27.6275;19.0808;28.3458;25.5059;33.1394;30.9979;22.960099999999997;31.579900000000002;14.190299999999999;29.0566;4.6401;16.0576;10.224;20.2796;11.335700000000001;14.3508;7.6789;32.5124;29.0566;29.0566;13.344700000000001;22.529400000000003;5.648;25.987;51.0091;50.792;53.145;40.2729;59.811800000000005;34.1035;47.7665;47.318599999999996;52.135;45.474;46.0241;45.474;48.6862;40.2729;47.5597;55.5225;57.1532;55.3474;66.1408;50.676199999999994;51.191;65.0996;59.4585;67.0135;61.5568;67.1756;72.06;82.504;73.9824;45.3067;47.584;45.9032;53.6774;45.567699999999995;56.4348;52.5901;46.8655;41.498599999999996;47.3337;40.807199999999995;38.27;38.2288;42.0361;47.3337;38.5761;40.807199999999995;37.190400000000004;43.1267;41.5215;35.6618;36.799099999999996;43.7676;41.1355;35.6618;40.807199999999995;37.687400000000004;38.3626;36.398199999999996;40.6679;24.5613;21.6747;28.1935;46.024699999999996;43.7503;34.1035;22.6539;40.899800000000006;37.4889;23.6343;26.7185;23.6094;37.1216;28.0454;26.3929;34.1035;34.1035;30.9979;33.1394;32.4488;31.4816;32.6383;23.6343;32.2703;32.4488;31.579900000000002;31.3457;37.4492;33.1394;32.372099999999996;35.5084;32.4488;26.3929;33.1394;32.2703;28.3458;32.4488;32.6383;32.4919;45.474;28.6014;34.1035;34.1035;11.335700000000001;31.4816
Hemd.-Bilsen/​Kickers Egenbüttel 1.SG;15.1208;14.4941;18.976;7.4567;14.6549;22.8521;15.360299999999999;18.061;24.98;13.8056;0.0;15.8671;12.431700000000001;59.892900000000004;53.226099999999995;50.7603;42.8686;51.090199999999996;43.9257;46.105199999999996;53.226099999999995;47.8475;65.50659999999999;42.8686;47.640800000000006;47.901199999999996;63.0092;55.6761;66.2218;54.2475;56.4781;73.3072;67.0946;61.6379;65.1807;50.7573;72.14110000000001;82.58510000000001;75.31519999999999;67.763;63.0092;43.9257;39.5291;37.530300000000004;47.399699999999996;47.8367;53.3979;46.105199999999996;45.6326;37.530300000000004;48.3331;43.0538;47.640800000000006;48.7397;47.563199999999995;66.2218;43.8486;47.8367;40.318400000000004;49.3976;50.7573;53.69;37.7685;40.8335;40.1321;63.0092;39.5291;55.6761;38.9676;45.1923;37.7685;38.9676;36.8971;46.9088;29.7848;53.002199999999995;42.8614;39.2375;39.5291;48.3331;37.2082;43.0592;37.530300000000004;34.075300000000006;47.8367;34.704800000000006;38.9676;36.222;37.2082;29.7848;34.8538;37.7685;34.8538;14.1751;16.3241;37.7685;35.7219;34.871300000000005;19.2605;29.8227;31.1787;29.212799999999998;22.5058;36.1291;27.39;37.2082;34.8538;23.8655;35.5276;13.5606;32.0602;19.9445;14.2243;47.563199999999995;14.6961;32.5418;24.8936;14.1751;23.2956;31.0493;29.0605;31.0493;29.4282;18.754;29.0605;32.5418;29.212799999999998;27.708599999999997;26.474;26.474;32.529900000000005;31.079;28.1264;32.573;32.573;32.529900000000005;32.7194;30.915200000000002;29.4282;31.079;28.1264;32.5418;32.529900000000005;26.474;31.661;34.184599999999996;32.5935;19.161900000000003;32.6667;29.137700000000002;22.1195;29.137700000000002;27.708599999999997;19.161900000000003;28.4269;25.587;33.2205;31.079;23.0412;31.661;17.842;29.137700000000002;15.360299999999999;16.1387;15.1259;20.3607;11.0529;18.0025;7.415;32.5935;29.137700000000002;29.137700000000002;14.7054;13.5606;17.4712;26.068099999999998;51.090199999999996;50.8731;53.226099999999995;40.354;59.892900000000004;34.184599999999996;47.8475;47.399699999999996;52.216;45.555099999999996;46.105199999999996;45.555099999999996;48.767300000000006;40.354;47.640800000000006;54.847300000000004;56.4781;55.4285;66.2218;50.7573;51.2721;65.1807;59.5396;67.0946;61.6379;66.5004;72.14110000000001;82.58510000000001;73.3072;48.3331;46.9088;30.3496;53.002199999999995;39.7536;36.8971;38.1892;31.3119;39.2146;41.5196;40.1321;35.9182;35.8771;36.222;41.5196;37.8519;40.1321;34.704800000000006;27.5731;39.2375;35.5276;35.7219;43.8486;25.5819;35.5276;40.1321;37.7685;36.0109;36.1291;34.8538;11.499;10.1199;25.534299999999998;29.6644;27.39;34.184599999999996;9.2247;22.671400000000002;19.2605;23.715400000000002;24.161;14.6961;15.6651;28.1264;26.474;34.184599999999996;34.184599999999996;31.079;33.2205;32.529900000000005;31.5627;32.7194;23.715400000000002;32.3514;32.529900000000005;31.661;31.4268;37.530300000000004;33.2205;32.4532;35.5895;32.529900000000005;26.474;33.2205;32.3514;28.4269;32.529900000000005;32.7194;32.573;45.555099999999996;28.6824;34.184599999999996;34.184599999999996;11.0529;31.5627
TBS Pinneberg 2.;9.522200000000002;13.9151;18.397;17.2476;27.583099999999998;17.2535;23.2055;10.6733;18.6399;15.786;15.8671;0.0;15.2776;47.6729;41.006099999999996;38.5403;30.6486;38.8702;31.7057;33.8852;41.006099999999996;35.6276;53.2866;30.6486;35.4208;35.6812;51.5455;43.4561;54.0019;42.0275;45.014300000000006;61.8435;54.8746;49.4179;52.960699999999996;38.5373;59.921099999999996;70.36510000000001;63.0952;55.543099999999995;51.5455;31.7057;27.309099999999997;25.310299999999998;35.1797;35.616699999999994;41.1779;33.8852;33.4126;25.310299999999998;33.1678;30.8338;35.4208;36.5197;35.343199999999996;54.0019;31.628700000000002;35.616699999999994;28.0985;36.8352;38.5373;42.2262;25.5485;29.6015;28.6683;51.5455;27.309099999999997;43.4561;32.6428;33.7286;25.5485;32.6428;44.2959;35.4451;33.7228;41.5385;32.367200000000004;29.3826;27.309099999999997;33.1678;26.4698;34.8703;25.310299999999998;27.7505;35.616699999999994;25.0515;32.6428;29.8972;26.4698;33.7228;28.529;25.5485;28.529;19.4567;23.6274;25.5485;24.6602;22.6513;25.35;23.4979;22.368299999999998;34.2706;27.732200000000002;24.2593;31.6114;26.4698;28.529;24.1305;23.5229;10.3905;19.8402;22.6943;19.506;35.343199999999996;11.4705;20.3218;18.5687;19.4567;16.465799999999998;18.8293;19.5809;18.8293;17.2082;6.534;19.5809;20.3218;34.2706;14.9071;14.254;14.254;20.309900000000003;18.859;15.9064;16.3953;16.3953;20.309900000000003;20.4994;18.6952;17.2082;18.859;15.9064;20.3218;20.309900000000003;14.254;19.441;21.964599999999997;18.1621;5.0231;20.4467;13.9642;9.8995;13.9642;14.9071;5.0231;13.9955;12.7855;21.0005;18.859;7.8677;19.441;10.8339;13.9642;22.7963;3.5111;9.494;5.1872;10.235700000000001;10.6422;17.0038;18.1621;13.9642;13.9642;27.224400000000003;10.3905;13.9626;10.8946;38.8702;38.6531;41.006099999999996;28.134;47.6729;21.964599999999997;35.6276;35.1797;39.9961;33.3351;33.8852;33.3351;36.5473;28.134;35.4208;43.3835;45.014300000000006;43.2085;54.0019;38.5373;39.052099999999996;52.960699999999996;47.3196;54.8746;49.4179;55.036699999999996;59.921099999999996;70.36510000000001;61.8435;33.1678;35.4451;33.764300000000006;41.5385;33.4288;44.2959;40.4512;34.7266;29.3597;35.1948;28.6683;26.1311;26.0899;29.8972;35.1948;26.4372;28.6683;25.0515;30.9878;29.3826;23.5229;24.6602;31.628700000000002;28.996599999999997;23.5229;28.6683;25.5485;26.2237;24.2593;28.529;12.014700000000001;14.853299999999999;16.0546;33.8858;31.6114;21.964599999999997;14.5064;28.760900000000003;25.35;11.4954;14.579600000000001;11.4705;24.9827;15.9064;14.254;21.964599999999997;21.964599999999997;18.859;21.0005;20.309900000000003;19.3427;20.4994;11.4954;20.131400000000003;20.309900000000003;19.441;19.206799999999998;25.310299999999998;21.0005;20.2332;17.671599999999998;20.309900000000003;14.254;21.0005;20.131400000000003;13.9955;20.309900000000003;20.4994;16.3953;33.3351;16.4625;21.964599999999997;21.964599999999997;10.235700000000001;19.3427
Gencler Birligi 1.;10.0095;1.9972999999999999;5.1662;8.4704;14.0752;12.4587;5.4211;13.5746;19.0885;1.8747;12.431700000000001;15.2776;0.0;58.4379;51.7711;49.3053;41.413599999999995;49.6352;42.470699999999994;44.6502;51.7711;46.3926;64.0516;41.413599999999995;46.1858;46.4462;62.3105;54.2211;64.7669;52.7925;55.779300000000006;72.6085;65.6396;60.182900000000004;63.725699999999996;49.3023;70.68610000000001;81.1301;73.86019999999999;66.30810000000001;62.3105;42.470699999999994;38.0741;36.075300000000006;45.9447;46.381699999999995;51.9429;44.6502;44.1776;36.075300000000006;43.9328;41.598800000000004;46.1858;47.284699999999994;46.1082;64.7669;42.393699999999995;46.381699999999995;38.8635;47.600199999999994;49.3023;52.9912;36.3135;40.3665;39.4333;62.3105;38.0741;54.2211;43.4078;44.4936;36.3135;43.4078;55.060900000000004;46.2101;44.4878;52.3035;43.1322;40.1476;38.0741;43.9328;37.2348;45.6353;36.075300000000006;38.5155;46.381699999999995;35.8165;43.4078;40.6622;37.2348;44.4878;39.294;36.3135;39.294;26.2303;34.3924;36.3135;35.4252;33.4163;36.115;34.2629;33.133300000000006;45.035599999999995;38.4972;35.024300000000004;42.376400000000004;37.2348;39.294;34.8955;34.2879;21.1555;30.6052;33.459300000000006;26.2796;46.1082;22.2355;31.0868;29.3337;26.2303;27.2308;29.5943;30.3459;29.5943;27.973200000000002;17.299;30.3459;31.0868;45.035599999999995;26.2536;25.019;25.019;31.074900000000003;29.624;26.671400000000002;31.118;31.118;31.074900000000003;31.264400000000002;29.4602;27.973200000000002;29.624;26.671400000000002;31.0868;31.074900000000003;25.019;30.206;32.7296;31.1385;17.7069;31.2117;27.6827;20.6645;27.6827;26.2536;17.7069;26.9719;24.132;31.7655;29.624;21.5862;30.206;13.709200000000001;27.6827;5.42;14.6837;9.742799999999999;18.9057;9.961799999999998;13.8696;8.4587;31.1385;27.6827;27.6827;14.1245;21.1555;5.1668;24.6131;49.6352;49.418099999999995;51.7711;38.899;58.4379;32.7296;46.3926;45.9447;50.7611;44.1001;44.6502;44.1001;47.3123;38.899;46.1858;54.1485;55.779300000000006;53.9735;64.7669;49.3023;49.817099999999996;63.725699999999996;58.0846;65.6396;60.182900000000004;65.8017;70.68610000000001;81.1301;72.6085;43.9328;46.2101;44.529300000000006;52.3035;44.1938;55.060900000000004;51.2162;45.4916;40.1247;45.9598;39.4333;36.896;36.8549;40.6622;45.9598;37.2022;39.4333;35.8165;41.7528;40.1476;34.2879;35.4252;42.393699999999995;39.7616;34.2879;39.4333;36.3135;36.988699999999994;35.024300000000004;39.294;23.1874;22.175099999999997;26.819599999999998;44.650800000000004;42.376400000000004;32.7296;21.28;39.5259;36.115;22.2604;25.3446;22.2355;35.747699999999995;26.671400000000002;25.019;32.7296;32.7296;29.624;31.7655;31.074900000000003;30.1077;31.264400000000002;22.2604;30.8964;31.074900000000003;30.206;29.971799999999998;36.075300000000006;31.7655;30.9982;34.1345;31.074900000000003;25.019;31.7655;30.8964;26.9719;31.074900000000003;31.264400000000002;31.118;44.1001;27.2275;32.7296;32.7296;9.961799999999998;30.1077
Buxtehude 2.;58.064699999999995;57.9409;62.4228;61.2734;71.60889999999999;65.796;67.2313;53.7421;57.457;59.811800000000005;59.892900000000004;47.6729;58.4379;0.0;29.0635;26.8696;20.010099999999998;33.4448;36.476699999999994;28.7125;29.0635;21.8048;27.861900000000002;20.010099999999998;35.0565;28.222099999999998;69.4458;57.8557;51.9765;61.1835;61.034699999999994;84.0702;69.2742;63.8175;67.36030000000001;57.674;74.3207;84.76469999999999;78.8484;69.9427;69.4458;36.476699999999994;50.038199999999996;51.5183;21.356900000000003;54.7534;29.2353;28.7125;28.239900000000002;51.5183;55.4423;48.956300000000006;35.0565;54.0368;54.4799;51.9765;56.107;54.7534;51.778;55.982699999999994;57.674;59.9792;53.4018;56.788199999999996;53.5081;69.4458;50.038199999999996;57.8557;64.1268;60.5055;53.4018;64.1268;66.5532;62.222;66.9381;63.7651;57.125699999999995;62.3737;50.038199999999996;55.4423;55.4785;61.6472;51.5183;57.3217;54.7534;56.779;64.1268;58.9965;55.4785;66.9381;58.9511;53.4018;58.9511;56.724199999999996;47.104699999999994;53.4018;54.783699999999996;55.5525;48.8273;42.6502;40.295199999999994;57.748;51.2096;53.9909;66.7853;55.4785;58.9511;47.6079;55.2325;45.1329;36.082;46.171699999999994;55.2751;54.4799;42.3348;32.269;42.046099999999996;56.724199999999996;39.9432;36.7562;39.5757;36.7562;35.1351;45.2308;39.5757;32.269;57.748;33.9892;35.525800000000004;35.525800000000004;34.436099999999996;36.7859;35.1954;31.7687;31.7687;34.436099999999996;35.2119;34.105;35.1351;36.7859;35.1954;32.269;34.436099999999996;35.525800000000004;32.6426;34.518800000000006;40.3524;45.9803;35.1592;44.323800000000006;37.9582;44.323800000000006;33.9892;45.9803;35.663;35.784699999999994;30.531299999999998;36.7859;39.9124;32.6426;55.868199999999995;44.323800000000006;67.2971;48.445699999999995;58.8095;48.104;54.7365;54.526900000000005;61.5045;40.3524;44.323800000000006;44.323800000000006;71.72510000000001;45.1329;63.8106;50.584;33.4448;12.0731;29.0635;48.441199999999995;0.0;34.518800000000006;21.8048;21.356900000000003;28.0535;15.5142;28.7125;15.5142;12.8524;48.441199999999995;35.0565;65.61019999999999;61.034699999999994;62.3645;51.9765;57.674;58.1888;67.36030000000001;61.719199999999994;69.2742;63.8175;74.688;74.3207;84.76469999999999;84.0702;55.4423;62.222;70.7522;63.7651;64.9128;66.5532;76.4081;67.1865;62.7925;64.0195;53.5081;56.332699999999996;56.291599999999995;58.9965;64.0195;53.741099999999996;53.5081;56.779;62.8708;62.3737;55.2325;54.783699999999996;56.107;64.1625;55.2325;53.5081;53.4018;56.4254;53.9909;58.9511;45.3299;53.9945;40.475300000000004;69.05969999999999;66.7853;34.518800000000006;54.159800000000004;52.2382;48.8273;40.8265;39.440400000000004;42.3348;48.4601;35.1954;35.525800000000004;34.518800000000006;34.518800000000006;36.7859;30.531299999999998;34.436099999999996;37.2696;35.2119;40.8265;35.22;34.436099999999996;32.6426;34.4249;51.5183;30.531299999999998;30.3112;32.2761;34.436099999999996;35.525800000000004;30.531299999999998;35.22;35.663;34.436099999999996;35.2119;31.7687;15.5142;33.8647;34.518800000000006;34.518800000000006;54.7365;37.2696
Harburger Türk-Sport 2.;51.3979;51.2741;55.755900000000004;54.6065;64.9421;59.1292;60.5645;47.075199999999995;50.7902;53.145;53.226099999999995;41.006099999999996;51.7711;29.0635;0.0;4.3027;16.8685;1.8431;8.408100000000001;8.9442;0.0;4.9384;22.3055;16.8685;6.9879;3.6293;34.117599999999996;22.5275;33.0733;25.8553;25.7065;48.742;33.946;28.4893;32.0321;22.3458;38.9925;49.4365;42.166599999999995;34.6145;34.117599999999996;8.408100000000001;13.7047;15.184700000000001;2.6184000000000003;19.4252;0.7797000000000001;8.9442;10.373899999999999;15.184700000000001;20.114099999999997;10.9835;6.9879;18.708599999999997;19.1517;33.0733;20.7788;19.4252;15.4444;20.6545;22.3458;24.651;17.0682;18.3313;17.174599999999998;34.117599999999996;13.7047;22.5275;28.798599999999997;25.1773;17.0682;28.798599999999997;31.225;26.8938;31.609900000000003;28.4369;21.7975;27.0455;13.7047;20.114099999999997;19.145;26.319;15.184700000000001;20.9882;19.4252;20.445400000000003;28.798599999999997;22.663;19.145;31.609900000000003;22.6175;17.0682;22.6175;45.5687;35.9493;17.0682;18.450200000000002;19.219;31.4168;24.5822;20.9795;32.967400000000005;30.4735;17.657400000000003;30.4518;19.145;22.6175;26.5993;18.8989;33.9775;20.388;28.473599999999998;44.119699999999995;19.1517;31.179299999999998;19.6599;30.8906;45.5687;28.7877;22.311799999999998;22.575599999999998;22.311799999999998;23.9797;34.0754;22.575599999999998;19.6599;32.967400000000005;22.8337;24.3703;24.3703;19.127599999999997;20.8906;24.039900000000003;20.6132;20.6132;19.127599999999997;18.8645;20.376099999999997;23.9797;20.8906;24.039900000000003;19.6599;19.127599999999997;24.3703;21.487099999999998;17.9638;29.196900000000003;34.8249;18.2291;33.1683;26.8027;33.1683;22.8337;34.8249;24.5076;24.6292;19.375799999999998;20.8906;28.7569;21.487099999999998;44.7127;33.1683;56.1416;37.2902;47.654;36.9485;43.581;43.3714;50.3491;29.196900000000003;33.1683;33.1683;60.5697;33.9775;52.655199999999994;39.4285;1.8431;24.873;0.0;10.4683;28.2915;17.9638;4.9384;2.6184000000000003;2.2349;8.4939;8.9442;8.4939;12.1144;10.4683;6.9879;30.282;25.7065;27.0363;33.0733;22.3458;22.860599999999998;32.0321;26.391;33.946;28.4893;39.3598;38.9925;49.4365;48.742;20.114099999999997;26.8938;35.424;28.4369;29.5846;31.225;41.0799;31.8583;27.464299999999998;28.6913;17.174599999999998;19.999200000000002;19.958;22.663;28.6913;17.4076;17.174599999999998;20.445400000000003;26.5373;27.0455;18.8989;18.450200000000002;20.7788;27.829;18.8989;17.174599999999998;17.0682;20.091900000000003;17.657400000000003;22.6175;34.1744;42.839;29.3198;32.7262;30.4518;17.9638;43.0043;32.0064;31.4168;29.6711;28.2849;31.179299999999998;37.3046;24.039900000000003;24.3703;17.9638;17.9638;20.8906;19.375799999999998;19.127599999999997;21.2778;18.8645;29.6711;19.105900000000002;19.127599999999997;21.487099999999998;20.1124;15.184700000000001;19.375799999999998;19.1557;21.1207;19.127599999999997;24.3703;19.375799999999998;19.105900000000002;24.5076;19.127599999999997;18.8645;20.6132;8.4939;22.7092;17.9638;17.9638;43.581;21.2778
GW Harburg 1.;48.9321;48.8083;53.2902;52.140800000000006;62.4763;56.6634;58.098699999999994;44.6095;48.324400000000004;50.679199999999994;50.7603;38.5403;49.3053;26.8696;4.3027;0.0;18.580599999999997;4.5973999999999995;12.1165;12.6526;4.8471;7.0775;20.1475;18.580599999999997;10.696299999999999;4.583699999999999;45.2415;33.6514;27.407;36.9792;36.8303;59.8658;45.069900000000004;39.6132;43.1559;33.469699999999996;52.6901;63.1342;54.278800000000004;45.7383;45.2415;12.1165;25.8339;27.3139;5.6442;30.5491;4.828;12.6526;14.0823;27.3139;31.238;14.6919;10.696299999999999;29.8324;30.275599999999997;27.407;31.9026;30.5491;27.5736;31.7784;33.469699999999996;35.7749;29.197400000000002;32.5839;29.3037;45.2415;25.8339;33.6514;39.9225;36.3011;29.197400000000002;39.9225;42.3489;38.0176;42.7337;39.5608;32.9213;38.1694;25.8339;31.238;31.274099999999997;37.442800000000005;27.3139;33.1174;30.5491;32.5746;39.9225;34.7921;31.274099999999997;42.7337;34.7467;29.197400000000002;34.7467;47.280800000000006;37.661300000000004;29.197400000000002;30.5794;31.348200000000002;39.383900000000004;33.2068;30.8518;45.096599999999995;41.7662;29.7865;42.581;31.274099999999997;34.7467;38.1645;31.0281;35.6895;26.6386;36.728300000000004;45.8317;30.275599999999997;32.8913;22.825599999999998;32.6027;47.280800000000006;30.4998;27.3128;30.1323;27.3128;25.6917;35.7874;30.1323;22.825599999999998;45.096599999999995;24.5458;26.0824;26.0824;24.9927;27.3425;25.752;22.3253;22.3253;24.9927;25.7685;24.6616;25.6917;27.3425;25.752;22.825599999999998;24.9927;26.0824;23.1992;25.075400000000002;30.909;36.5369;25.715799999999998;34.8804;28.5148;34.8804;24.5458;36.5369;26.2196;26.3412;21.087799999999998;27.3425;30.469;23.1992;46.424800000000005;34.8804;57.853699999999996;39.002300000000005;49.366099999999996;38.6605;45.293099999999995;45.0835;52.061099999999996;30.909;34.8804;34.8804;62.281699999999994;35.6895;54.3672;41.1405;4.5973999999999995;26.585;4.8471;14.1767;26.1335;25.075400000000002;7.0775;5.6442;2.4756;10.9702;12.6526;10.9702;14.5907;14.1767;10.696299999999999;41.4059;36.8303;38.160199999999996;27.407;33.469699999999996;33.9845;43.1559;37.514900000000004;45.069900000000004;39.6132;50.483599999999996;52.6901;63.1342;59.8658;31.238;38.0176;46.5479;39.5608;40.7085;42.3489;52.2037;42.982099999999996;38.5882;39.8151;29.3037;32.1284;32.0872;34.7921;39.8151;29.5368;29.3037;32.5746;38.6665;38.1694;31.0281;30.5794;31.9026;39.9582;31.0281;29.3037;29.197400000000002;32.2211;29.7865;34.7467;35.8865;44.551;31.0319;44.8554;42.581;25.075400000000002;44.716300000000004;42.7948;39.383900000000004;31.3831;29.997;32.8913;39.0167;25.752;26.0824;25.075400000000002;25.075400000000002;27.3425;21.087799999999998;24.9927;27.8262;25.7685;31.3831;25.7766;24.9927;23.1992;24.9815;27.3139;21.087799999999998;20.8678;22.8327;24.9927;26.0824;21.087799999999998;25.7766;26.2196;24.9927;25.7685;22.3253;10.9702;24.421200000000002;25.075400000000002;25.075400000000002;45.293099999999995;27.8262
FFC 08 2.;41.0404;40.916599999999995;45.3985;44.2491;54.5846;48.771699999999996;50.207;36.703300000000006;40.4182;42.7875;42.8686;30.6486;41.413599999999995;20.010099999999998;16.8685;18.580599999999997;0.0;17.7105;14.0836;12.5257;19.846400000000003;14.4679;32.127;0.0;16.1246;14.5215;46.9531;35.363;43.0051;38.6908;38.5419;61.577400000000004;46.7815;41.3248;44.8675;35.1812;51.8279;62.272;69.87689999999999;47.4499;46.9531;14.0836;17.6675;19.1475;14.02;32.2607;20.0182;12.5257;12.0531;19.1475;25.0716;16.1765;16.1246;31.544;31.987099999999998;43.0051;23.5325;32.2607;19.4072;33.49;35.1812;37.4865;21.031;22.2941;21.137400000000003;46.9531;17.6675;35.363;31.1527;27.3184;21.031;31.1527;44.0605;29.0349;32.2327;41.272400000000005;24.271;25.1541;17.6675;25.0716;23.1077;28.4602;19.1475;25.768;32.2607;25.5795;31.1527;28.4071;23.1077;32.2327;27.0389;21.031;27.0389;39.325199999999995;29.7058;21.031;22.413;23.179299999999998;31.4284;25.2512;22.8962;40.349;33.8106;21.6202;37.689800000000005;23.1077;27.0389;30.2089;24.050900000000002;27.734;18.6831;28.7727;37.8762;31.987099999999998;24.9358;14.87;24.6472;39.325199999999995;22.5442;19.3573;22.1767;19.3573;17.7362;27.8319;22.1767;14.87;40.349;16.5902;18.1268;18.1268;17.0371;19.387;17.796400000000002;14.3697;14.3697;17.0371;17.813;16.706;17.7362;19.387;17.796400000000002;14.87;17.0371;18.1268;15.2436;17.119799999999998;22.953400000000002;28.581400000000002;17.7603;26.924799999999998;20.5592;26.924799999999998;16.5902;28.581400000000002;18.2641;18.3857;13.132299999999999;19.387;22.5134;15.2436;38.469300000000004;26.924799999999998;49.8981;31.0467;41.4105;30.705;37.3375;37.127900000000004;44.105599999999995;22.953400000000002;26.924799999999998;26.924799999999998;54.3262;27.734;46.411699999999996;33.185;17.7105;10.022200000000002;19.846400000000003;14.5808;20.0192;17.119799999999998;14.4679;14.02;18.8364;12.1755;12.5257;12.1755;15.3876;14.5808;16.1246;43.1174;38.5419;39.8718;43.0051;35.1812;35.6961;44.8675;39.2264;46.7815;41.3248;52.1952;51.8279;62.272;61.577400000000004;25.0716;29.0349;39.842699999999994;41.272400000000005;31.9387;44.0605;53.9153;33.9994;25.1312;30.8324;21.137400000000003;26.659;26.617900000000002;28.4071;30.8324;21.3704;21.137400000000003;25.5795;32.281400000000005;25.1541;24.050900000000002;22.413;23.5325;35.0751;24.050900000000002;21.137400000000003;21.031;26.7517;21.6202;27.0389;27.9309;36.5955;23.0763;39.9642;37.689800000000005;17.119799999999998;36.7608;34.8393;31.4284;23.427599999999998;22.041400000000003;24.9358;31.0611;17.796400000000002;18.1268;17.119799999999998;17.119799999999998;19.387;13.132299999999999;17.0371;19.8707;17.813;23.427599999999998;17.821099999999998;17.0371;15.2436;17.0259;19.1475;13.132299999999999;12.9122;14.8772;17.0371;18.1268;13.132299999999999;17.821099999999998;18.2641;17.0371;17.813;14.3697;12.1755;16.465700000000002;17.119799999999998;17.119799999999998;37.3375;19.8707
FSV Harburg-Rönneburg 2.;49.262;49.1382;53.62;52.4706;62.8062;56.993300000000005;58.428599999999996;44.9393;48.654300000000006;51.0091;51.090199999999996;38.8702;49.6352;33.4448;1.8431;4.5973999999999995;17.7105;0.0;8.571;9.1071;1.8558;5.800800000000001;18.6678;17.9052;7.1508;4.4917;34.2806;22.6905;18.4404;26.0183;25.869400000000002;48.904900000000005;34.109;28.6522;32.195;22.5087;39.1554;49.5995;42.3295;34.7774;34.2806;8.571;13.8676;15.347700000000001;3.6551;19.5882;1.4249;9.1071;10.5368;15.347700000000001;20.277099999999997;11.1464;7.1508;18.8715;19.3146;18.4404;20.9417;19.5882;15.6074;20.8175;22.5087;24.814;17.2312;18.4942;17.3375;34.2806;13.8676;22.6905;28.961599999999997;25.3402;17.2312;28.961599999999997;31.388;27.0567;31.7728;28.5999;21.9604;27.2085;13.8676;20.277099999999997;19.3079;26.481900000000003;15.347700000000001;21.1511;19.5882;20.608400000000003;28.961599999999997;22.8259;19.3079;31.7728;22.7805;17.2312;22.7805;46.6054;36.9859;17.2312;18.6131;19.3819;31.5798;24.745099999999997;21.142400000000002;33.130300000000005;30.6365;17.8203;30.6147;19.3079;22.7805;26.7622;19.0619;35.0141;20.550900000000002;28.6365;45.156400000000005;19.3146;32.216;19.8229;31.9273;46.6054;29.8244;22.4748;22.7385;22.4748;25.016299999999998;35.112;22.7385;19.8229;33.130300000000005;23.8704;25.407;25.407;19.2905;21.0535;25.0766;21.649900000000002;21.649900000000002;19.2905;19.0275;20.539099999999998;25.016299999999998;21.0535;25.0766;19.8229;19.2905;25.407;22.523799999999998;18.1267;30.2336;35.861599999999996;18.3921;34.205;27.8394;34.205;23.8704;35.861599999999996;25.5443;25.6659;20.4125;21.0535;29.793599999999998;22.523799999999998;45.7494;34.205;57.1783;38.3269;48.6907;37.9852;44.6177;44.4081;51.3857;30.2336;34.205;34.205;61.606300000000005;35.0141;53.6918;40.465199999999996;0.0;25.909599999999998;1.8558;10.6313;29.5393;18.1267;5.800800000000001;3.6551;3.4827;9.5306;9.1071;9.5306;13.1511;10.6313;7.1508;30.4449;25.869400000000002;27.1992;18.4404;22.5087;23.0235;32.195;26.553900000000002;34.109;28.6522;39.5227;39.1554;49.5995;48.904900000000005;20.277099999999997;27.0567;35.5869;28.5999;29.7476;31.388;41.2428;32.0212;27.627200000000002;28.854200000000002;17.3375;20.1621;20.121;22.8259;28.854200000000002;17.5705;17.3375;20.608400000000003;26.700200000000002;27.2085;19.0619;18.6131;20.9417;27.9919;19.0619;17.3375;17.2312;20.2548;17.8203;22.7805;35.2111;43.875699999999995;30.3565;32.8891;30.6147;18.1267;44.041;32.1693;31.5798;30.7077;29.3216;32.216;38.341300000000004;25.0766;25.407;18.1267;18.1267;21.0535;20.4125;19.2905;21.4407;19.0275;30.7077;19.268900000000002;19.2905;22.523799999999998;20.2754;15.347700000000001;20.4125;20.192400000000003;22.1573;19.2905;25.407;20.4125;19.268900000000002;25.5443;19.2905;19.0275;21.649900000000002;9.5306;23.745900000000002;18.1267;18.1267;44.6177;21.4407
Einigkeit 1.;42.0975;41.973699999999994;46.4556;45.3062;55.6418;49.8288;51.2641;41.4979;45.2128;43.8446;43.9257;31.7057;42.470699999999994;36.476699999999994;8.408100000000001;12.1165;14.0836;8.571;0.0;1.6320999999999999;8.2231;11.164200000000001;31.7335;13.6129;2.9116;9.8552;30.1614;18.5713;29.117;21.899099999999997;21.7502;44.7857;29.9898;24.533099999999997;28.0758;18.389599999999998;35.036300000000004;45.4803;38.2104;30.6582;30.1614;0.0;7.2115;8.691600000000001;9.018600000000001;15.469;8.3949;1.6320999999999999;3.6644;8.691600000000001;16.157899999999998;4.4903;2.9116;14.7524;15.1955;29.117;13.0765;15.469;8.9512;16.6983;18.389599999999998;20.6948;10.575;11.8381;10.6814;30.1614;7.2115;18.5713;17.74;16.8625;10.575;17.74;27.2688;18.5789;19.9953;24.480700000000002;13.815100000000001;14.6981;7.2115;16.157899999999998;12.6518;18.0042;8.691600000000001;14.495;15.469;13.952200000000001;17.74;16.1698;12.6518;19.9953;16.124299999999998;10.575;16.124299999999998;30.0822;27.0467;10.575;11.957;12.7258;24.9237;18.089;14.4863;26.4742;23.980400000000003;11.164200000000001;23.958599999999997;12.6518;16.124299999999998;20.106099999999998;12.405700000000001;30.8779;13.8948;21.980400000000003;41.0201;15.1955;28.0797;13.166799999999999;24.044900000000002;30.0822;25.6881;15.8186;16.0824;15.8186;15.4686;30.9758;16.0824;13.166799999999999;26.4742;19.734099999999998;21.2707;21.2707;12.6344;14.3974;17.217599999999997;17.5136;17.5136;12.6344;12.3714;13.883;15.4686;14.3974;17.217599999999997;13.166799999999999;12.6344;21.2707;13.908100000000001;11.470600000000001;26.0973;31.7253;11.735899999999999;30.0687;23.7031;30.0687;19.734099999999998;31.7253;21.408;21.5296;16.2762;14.3974;25.6573;13.908100000000001;41.613099999999996;30.0687;53.042;34.190599999999996;44.5544;33.8489;40.4814;40.271800000000006;47.2495;26.0973;30.0687;30.0687;57.470099999999995;30.8779;49.5556;36.328900000000004;8.808;21.6174;8.2231;3.9751;35.8994;11.470600000000001;11.164200000000001;9.018600000000001;9.8427;14.5269;1.6320999999999999;14.5269;18.1474;3.9751;2.9116;26.3258;21.7502;23.080099999999998;29.117;18.389599999999998;18.904400000000003;28.0758;22.4348;29.9898;24.533099999999997;35.4036;35.036300000000004;45.4803;44.7857;16.157899999999998;18.5789;27.1092;24.480700000000002;18.526;27.2688;37.123599999999996;23.5435;14.6752;20.3765;10.6814;13.506;13.464799999999999;16.1698;20.3765;10.914399999999999;10.6814;13.952200000000001;20.0441;14.6981;12.405700000000001;11.957;13.0765;21.3358;12.405700000000001;10.6814;10.575;13.598700000000001;11.164200000000001;16.124299999999998;31.0748;39.7394;18.6097;26.233;23.958599999999997;11.470600000000001;39.9047;25.5132;24.9237;26.5715;25.185299999999998;28.0797;26.2089;17.217599999999997;21.2707;11.470600000000001;11.470600000000001;14.3974;16.2762;12.6344;14.784600000000001;12.3714;26.5715;12.6127;12.6344;13.908100000000001;13.619200000000001;8.691600000000001;16.2762;16.0561;18.021099999999997;12.6344;21.2707;16.2762;12.6127;21.408;12.6344;12.3714;17.5136;14.5269;19.609599999999997;11.470600000000001;11.470600000000001;40.4814;14.784600000000001
RW Wilhelmsburg 2.;44.277;44.1532;48.635;47.485699999999994;57.8212;52.008300000000006;53.443599999999996;39.9399;43.6548;46.0241;46.105199999999996;33.8852;44.6502;28.7125;8.9442;12.6526;12.5257;9.1071;1.6320999999999999;0.0;8.1828;10.2871;32.918;12.2105;3.8567;8.9781;31.078;19.4879;30.0336;22.8157;22.6668;45.7023;30.9064;25.4496;28.9924;19.306099999999997;35.9528;46.3969;39.1269;31.5748;31.078;1.8157999999999999;6.6987;8.1787;8.0909;16.3856;8.3546;0.0;2.262;8.1787;17.0745;4.682300000000001;3.8567;15.668899999999999;16.112;30.0336;12.563600000000001;16.3856;8.4384;17.614900000000002;19.306099999999997;21.6114;10.0622;11.3252;10.1685;31.078;6.6987;19.4879;17.2271;16.3496;10.0622;17.2271;28.1854;18.0661;19.4825;25.397299999999998;13.302200000000001;14.1852;6.6987;17.0745;12.1389;17.4913;8.1787;13.9822;16.3856;13.4394;17.2271;15.6569;12.1389;19.4825;15.6115;10.0622;15.6115;41.0667;31.4473;10.0622;11.4442;12.2129;24.4108;17.5761;13.9735;25.9614;23.4675;10.651299999999999;23.445700000000002;12.1389;15.6115;19.5932;11.8929;29.4755;13.382;21.4675;39.6177;16.112;26.6773;12.6539;26.3886;41.0667;24.285700000000002;15.3058;15.5695;15.3058;19.477700000000002;29.573400000000003;15.5695;12.6539;25.9614;18.3317;19.868299999999998;19.868299999999998;12.1216;13.8846;19.5379;16.1112;16.1112;12.1216;11.8585;13.3701;19.477700000000002;13.8846;19.5379;12.6539;12.1216;19.868299999999998;13.3952;10.957799999999999;24.6949;30.3229;11.2231;28.6663;22.3007;28.6663;18.3317;30.3229;20.005599999999998;20.127200000000002;14.8738;13.8846;24.254900000000003;13.3952;40.210699999999996;28.6663;51.6396;32.788199999999996;43.152;32.4465;39.079;38.8694;45.8471;24.6949;28.6663;28.6663;56.067699999999995;29.4755;48.1532;34.9265;8.7676;20.215;8.1828;3.6264000000000003;28.1591;10.957799999999999;10.2871;8.0909;9.8024;13.4152;0.0;13.4152;17.0335;3.6264000000000003;3.8567;27.2423;22.6668;23.996599999999997;30.0336;19.306099999999997;19.8209;28.9924;23.3513;30.9064;25.4496;36.3201;35.9528;46.3969;45.7023;17.0745;18.0661;26.5963;25.397299999999998;18.013099999999998;28.1854;38.0402;23.0306;14.1624;19.863599999999998;10.1685;12.9931;12.952;15.6569;19.863599999999998;10.4016;10.1685;13.4394;19.531200000000002;14.1852;11.8929;11.4442;12.563600000000001;20.8229;11.8929;10.1685;10.0622;13.085799999999999;10.651299999999999;15.6115;29.672400000000003;38.337;18.096799999999998;25.720200000000002;23.445700000000002;10.957799999999999;38.502300000000005;25.0003;24.4108;25.1691;23.7829;26.6773;25.696;19.5379;19.868299999999998;10.957799999999999;10.957799999999999;13.8846;14.8738;12.1216;14.271700000000001;11.8585;25.1691;12.0999;12.1216;13.3952;13.106399999999999;8.1787;14.8738;14.6537;16.6187;12.1216;19.868299999999998;14.8738;12.0999;20.005599999999998;12.1216;11.8585;16.1112;13.4152;18.2072;10.957799999999999;10.957799999999999;39.079;14.271700000000001
Viktoria Harburg 2.;51.3979;51.2741;55.755900000000004;54.6065;64.9421;59.1292;60.5645;47.075199999999995;50.7902;53.145;53.226099999999995;41.006099999999996;51.7711;29.0635;0.0;4.8471;19.846400000000003;1.8558;8.2231;8.1828;0.0;4.9384;22.3055;16.8685;6.9879;3.6293;34.117599999999996;22.5275;33.0733;25.8553;25.7065;48.742;33.946;28.4893;32.0321;22.3458;38.9925;49.4365;42.166599999999995;34.6145;34.117599999999996;8.408100000000001;13.7047;15.184700000000001;2.6184000000000003;19.4252;0.7797000000000001;8.9442;10.373899999999999;15.184700000000001;20.114099999999997;10.9835;6.9879;18.708599999999997;19.1517;33.0733;20.7788;19.4252;15.4444;20.6545;22.3458;24.651;17.0682;18.3313;17.174599999999998;34.117599999999996;13.7047;22.5275;28.798599999999997;25.1773;17.0682;28.798599999999997;31.225;26.8938;31.609900000000003;28.4369;21.7975;27.0455;13.7047;20.114099999999997;19.145;26.319;15.184700000000001;20.9882;19.4252;20.445400000000003;28.798599999999997;22.663;19.145;31.609900000000003;22.6175;17.0682;22.6175;45.5687;35.9493;17.0682;18.450200000000002;19.219;31.4168;24.5822;20.9795;32.967400000000005;30.4735;17.657400000000003;30.4518;19.145;22.6175;26.5993;18.8989;33.9775;20.388;28.473599999999998;44.119699999999995;19.1517;31.179299999999998;19.6599;30.8906;45.5687;28.7877;22.311799999999998;22.575599999999998;22.311799999999998;23.9797;34.0754;22.575599999999998;19.6599;32.967400000000005;22.8337;24.3703;24.3703;19.127599999999997;20.8906;24.039900000000003;20.6132;20.6132;19.127599999999997;18.8645;20.376099999999997;23.9797;20.8906;24.039900000000003;19.6599;19.127599999999997;24.3703;21.487099999999998;17.9638;29.196900000000003;34.8249;18.2291;33.1683;26.8027;33.1683;22.8337;34.8249;24.5076;24.6292;19.375799999999998;20.8906;28.7569;21.487099999999998;44.7127;33.1683;56.1416;37.2902;47.654;36.9485;43.581;43.3714;50.3491;29.196900000000003;33.1683;33.1683;60.5697;33.9775;52.655199999999994;39.4285;1.8431;24.873;0.0;10.4683;28.2915;17.9638;4.9384;2.6184000000000003;2.2349;8.4939;8.9442;8.4939;12.1144;10.4683;6.9879;30.282;25.7065;27.0363;33.0733;22.3458;22.860599999999998;32.0321;26.391;33.946;28.4893;39.3598;38.9925;49.4365;48.742;20.114099999999997;26.8938;35.424;28.4369;29.5846;31.225;41.0799;31.8583;27.464299999999998;28.6913;17.174599999999998;19.999200000000002;19.958;22.663;28.6913;17.4076;17.174599999999998;20.445400000000003;26.5373;27.0455;18.8989;18.450200000000002;20.7788;27.829;18.8989;17.174599999999998;17.0682;20.091900000000003;17.657400000000003;22.6175;34.1744;42.839;29.3198;32.7262;30.4518;17.9638;43.0043;32.0064;31.4168;29.6711;28.2849;31.179299999999998;37.3046;24.039900000000003;24.3703;17.9638;17.9638;20.8906;19.375799999999998;19.127599999999997;21.2778;18.8645;29.6711;19.105900000000002;19.127599999999997;21.487099999999998;20.1124;15.184700000000001;19.375799999999998;19.1557;21.1207;19.127599999999997;24.3703;19.375799999999998;19.105900000000002;24.5076;19.127599999999997;18.8645;20.6132;8.4939;22.7092;17.9638;17.9638;43.581;21.2778
Harburger TB 3.;46.019400000000005;45.8956;50.3774;49.228;59.5636;53.7506;55.185900000000004;41.6967;45.4116;47.7665;47.8475;35.6276;46.3926;21.8048;4.9384;7.0775;14.4679;5.800800000000001;11.164200000000001;10.2871;4.9384;0.0;22.1101;14.920200000000001;9.6244;1.3091;36.8041;25.214;32.9777;28.5418;28.393;51.4284;36.6325;31.1758;34.718599999999995;25.0323;41.679;52.123;44.8531;37.3009;36.8041;11.0446;16.3412;17.8212;2.4844;22.1117;5.0339;10.305200000000001;11.9342;17.8212;22.8006;13.6199;9.6244;21.3951;21.8382;32.9777;23.4653;22.1117;18.0809;23.341;25.0323;27.3375;19.7047;20.9677;19.811;36.8041;16.3412;25.214;31.4851;27.8637;19.7047;31.4851;33.9115;29.5802;34.2963;31.1234;24.484;29.732;16.3412;22.8006;21.7814;29.0055;17.8212;23.6247;22.1117;23.0819;31.4851;25.299400000000002;21.7814;34.2963;25.254;19.7047;25.254;43.620400000000004;34.001;19.7047;21.0867;21.8555;35.7236;29.546400000000002;27.1914;35.6039;38.1058;20.2938;33.088300000000004;21.7814;25.254;34.5042;21.535400000000003;32.0292;22.9783;33.0679;42.1714;21.8382;29.231;19.165200000000002;28.942400000000003;43.620400000000004;26.8394;23.6525;26.4719;23.6525;22.0314;32.1271;26.4719;19.165200000000002;35.6039;20.8854;22.422;22.422;21.3324;23.6822;22.0916;18.664900000000003;18.664900000000003;21.3324;22.1082;21.0012;22.0314;23.6822;22.0916;19.165200000000002;21.3324;22.422;19.5389;21.415;27.2486;32.876599999999996;22.0555;31.22;24.854400000000002;31.22;20.8854;32.876599999999996;22.5593;22.6809;17.4275;23.6822;26.8086;19.5389;42.7645;31.22;54.1933;35.342;45.7057;35.0002;41.6327;41.4231;48.400800000000004;27.2486;31.22;31.22;58.6214;32.0292;50.706900000000005;37.480199999999996;5.8419;22.9247;4.862;13.1048;28.0961;21.415;0.0;2.4844;4.651;6.5456;10.305200000000001;6.5456;10.1661;13.1048;9.6244;32.9685;28.393;29.7228;32.9777;25.0323;25.547099999999997;34.718599999999995;29.0775;36.6325;31.1758;42.0463;41.679;52.123;51.4284;22.8006;29.5802;38.1105;31.1234;32.2711;33.9115;43.766400000000004;34.5448;30.1508;31.3777;19.811;22.6357;22.5945;25.299400000000002;31.3777;20.0441;19.811;23.0819;29.1738;29.732;21.535400000000003;21.0867;23.4653;30.4655;21.535400000000003;19.811;19.7047;22.7284;20.2938;25.254;32.226099999999995;40.890699999999995;27.3715;35.3627;33.088300000000004;21.415;41.056;39.1345;35.7236;27.7228;26.336599999999997;29.231;35.356300000000005;22.0916;22.422;21.415;21.415;23.6822;17.4275;21.3324;24.1659;22.1082;27.7228;22.1163;21.3324;19.5389;21.321099999999998;17.8212;17.4275;17.2074;19.172400000000003;21.3324;22.422;17.4275;22.1163;22.5593;21.3324;22.1082;18.664900000000003;6.5456;20.760900000000003;21.415;21.415;41.6327;24.1659
Buchholz 3.;63.6784;63.5546;68.0365;66.8871;77.2227;71.4097;72.845;59.3558;63.070699999999995;65.4255;65.50659999999999;53.2866;64.0516;27.861900000000002;22.3055;20.1475;32.127;18.6678;31.7335;32.918;22.3055;22.1101;0.0;31.8813;28.9887;20.424;53.7545;42.1644;36.285199999999996;45.4922;45.3434;68.3788;53.5829;48.1262;51.669;41.982699999999994;58.629400000000004;69.07339999999999;63.157;54.2513;53.7545;34.137;34.3469;35.827;24.2683;39.0621;21.4372;32.1645;34.8574;35.827;39.751;33.265;28.9887;38.3455;38.788599999999995;36.285199999999996;40.415699999999994;39.0621;36.0866;40.2914;41.982699999999994;44.2879;37.7104;41.0969;37.8168;53.7545;34.3469;42.1644;48.4355;44.814099999999996;37.7104;48.4355;50.8619;46.5306;51.2467;48.073800000000006;41.434400000000004;46.6824;34.3469;39.751;39.7872;45.9559;35.827;41.6304;39.0621;41.0876;48.4355;43.3052;39.7872;51.2467;43.259699999999995;37.7104;43.259699999999995;60.5815;50.9621;37.7104;39.092400000000005;39.8612;52.6847;45.2244;41.6217;53.6096;51.1157;38.2996;51.094;39.7872;43.259699999999995;47.2415;39.5411;48.990300000000005;39.9394;50.029;59.1325;38.788599999999995;46.192099999999996;36.1263;45.9035;60.5815;43.8005;40.6136;43.433;40.6136;38.9925;49.0882;43.433;36.1263;53.6096;37.8465;39.3831;39.3831;38.2935;40.6433;39.052699999999994;35.626;35.626;38.2935;39.506800000000005;37.962300000000006;38.9925;40.6433;39.052699999999994;36.1263;38.2935;39.3831;36.5;38.606;44.2097;49.8377;38.871300000000005;48.1811;41.8155;48.1811;37.8465;49.8377;39.5204;39.642;34.3886;40.6433;43.7697;36.5;59.7256;48.1811;71.1544;52.3031;62.6668;51.9613;58.5938;58.3842;65.3619;44.2097;48.1811;48.1811;75.5825;48.990300000000005;67.668;54.441300000000005;20.8128;39.8858;21.265400000000003;32.749900000000004;27.2242;38.606;21.043;24.2683;20.2554;24.271;32.1645;24.271;27.8915;32.749900000000004;28.9887;49.9189;45.3434;46.673199999999994;36.285199999999996;41.982699999999994;42.4975;51.669;46.0279;53.5829;48.1262;58.9967;58.629400000000004;69.07339999999999;68.3788;39.751;46.5306;55.060900000000004;48.073800000000006;49.2215;50.8619;60.716800000000006;51.4952;47.1012;48.328199999999995;37.8168;40.641400000000004;40.600199999999994;43.3052;48.328199999999995;38.049800000000005;37.8168;41.0876;47.1795;46.6824;39.5411;39.092400000000005;40.415699999999994;48.471199999999996;39.5411;37.8168;37.7104;40.7341;38.2996;43.259699999999995;49.1872;57.851800000000004;44.3326;53.3684;51.094;38.606;58.0171;56.0956;52.6847;44.6839;43.2978;46.192099999999996;52.3174;39.052699999999994;39.3831;38.606;38.606;40.6433;34.3886;38.2935;41.127;39.506800000000005;44.6839;39.077400000000004;38.2935;36.5;38.282199999999996;35.827;34.3886;34.1685;36.1335;38.2935;39.3831;34.3886;39.077400000000004;39.5204;38.2935;39.506800000000005;35.626;24.271;37.722;38.606;38.606;58.5938;41.127
Finkenwerder 2.;41.0404;40.916599999999995;45.3985;44.2491;54.5846;48.771699999999996;50.207;36.703300000000006;40.4182;42.7875;42.8686;30.6486;41.413599999999995;20.010099999999998;16.8685;18.580599999999997;0.0;17.9052;13.6129;12.2105;16.8685;14.920200000000001;31.8813;0.0;16.1246;14.5215;46.9531;35.363;43.0051;38.6908;38.5419;61.577400000000004;46.7815;41.3248;44.8675;35.1812;51.8279;62.272;69.87689999999999;47.4499;46.9531;14.0836;17.6675;19.1475;14.02;32.2607;20.0182;12.5257;12.0531;19.1475;25.0716;16.1765;16.1246;31.544;31.987099999999998;43.0051;23.5325;32.2607;19.4072;33.49;35.1812;37.4865;21.031;22.2941;21.137400000000003;46.9531;17.6675;35.363;31.1527;27.3184;21.031;31.1527;44.0605;29.0349;32.2327;41.272400000000005;24.271;25.1541;17.6675;25.0716;23.1077;28.4602;19.1475;25.768;32.2607;25.5795;31.1527;28.4071;23.1077;32.2327;27.0389;21.031;27.0389;39.325199999999995;29.7058;21.031;22.413;23.179299999999998;31.4284;25.2512;22.8962;40.349;33.8106;21.6202;37.689800000000005;23.1077;27.0389;30.2089;24.050900000000002;27.734;18.6831;28.7727;37.8762;31.987099999999998;24.9358;14.87;24.6472;39.325199999999995;22.5442;19.3573;22.1767;19.3573;17.7362;27.8319;22.1767;14.87;40.349;16.5902;18.1268;18.1268;17.0371;19.387;17.796400000000002;14.3697;14.3697;17.0371;17.813;16.706;17.7362;19.387;17.796400000000002;14.87;17.0371;18.1268;15.2436;17.119799999999998;22.953400000000002;28.581400000000002;17.7603;26.924799999999998;20.5592;26.924799999999998;16.5902;28.581400000000002;18.2641;18.3857;13.132299999999999;19.387;22.5134;15.2436;38.469300000000004;26.924799999999998;49.8981;31.0467;41.4105;30.705;37.3375;37.127900000000004;44.105599999999995;22.953400000000002;26.924799999999998;26.924799999999998;54.3262;27.734;46.411699999999996;33.185;17.7105;10.022200000000002;19.846400000000003;14.5808;20.0192;17.119799999999998;14.4679;14.02;18.8364;12.1755;12.5257;12.1755;15.3876;14.5808;16.1246;43.1174;38.5419;39.8718;43.0051;35.1812;35.6961;44.8675;39.2264;46.7815;41.3248;52.1952;51.8279;62.272;61.577400000000004;25.0716;29.0349;39.842699999999994;41.272400000000005;31.9387;44.0605;53.9153;33.9994;25.1312;30.8324;21.137400000000003;26.659;26.617900000000002;28.4071;30.8324;21.3704;21.137400000000003;25.5795;32.281400000000005;25.1541;24.050900000000002;22.413;23.5325;35.0751;24.050900000000002;21.137400000000003;21.031;26.7517;21.6202;27.0389;27.9309;36.5955;23.0763;39.9642;37.689800000000005;17.119799999999998;36.7608;34.8393;31.4284;23.427599999999998;22.041400000000003;24.9358;31.0611;17.796400000000002;18.1268;17.119799999999998;17.119799999999998;19.387;13.132299999999999;17.0371;19.8707;17.813;23.427599999999998;17.821099999999998;17.0371;15.2436;17.0259;19.1475;13.132299999999999;12.9122;14.8772;17.0371;18.1268;13.132299999999999;17.821099999999998;18.2641;17.0371;17.813;14.3697;12.1755;16.465700000000002;17.119799999999998;17.119799999999998;37.3375;19.8707
Juventude 1.;45.812599999999996;45.6888;50.1706;49.0212;59.3568;53.543800000000005;54.9792;43.5388;47.253699999999995;47.5597;47.640800000000006;35.4208;46.1858;35.0565;6.9879;10.696299999999999;16.1246;7.1508;2.9116;3.8567;6.9879;9.6244;28.9887;16.1246;0.0;8.4534;30.2171;18.627;29.1727;21.9548;21.8059;44.8414;30.0455;24.5888;28.1315;18.4453;35.092;45.536;38.2661;30.713900000000002;30.2171;3.0564;10.8095;12.2895;7.6168000000000005;15.524700000000001;6.9932;3.8421999999999996;5.8746;12.2895;16.2136;7.04;0.0;14.8081;15.2512;29.1727;16.8782;15.524700000000001;12.5492;16.754;18.4453;20.7505;14.173;17.5595;14.279399999999999;30.2171;10.8095;18.627;24.8981;21.2767;14.173;24.8981;27.3245;22.9932;27.7093;24.5364;17.897;23.145;10.8095;16.2136;16.2498;22.4185;12.2895;18.093;15.524700000000001;17.5502;24.8981;19.767799999999998;16.2498;27.7093;19.7223;14.173;19.7223;33.6802;30.6447;14.173;15.555;16.3238;28.5216;21.687;18.0843;30.072200000000002;27.5783;14.7622;27.5566;16.2498;19.7223;23.704099999999997;16.003700000000002;33.088;17.4928;25.578400000000002;43.2303;15.2512;30.289900000000003;16.7647;27.6429;33.6802;27.8983;19.4166;19.680400000000002;19.4166;19.066599999999998;33.185900000000004;19.680400000000002;16.7647;30.072200000000002;21.9443;23.480900000000002;23.480900000000002;16.2324;17.9954;20.8156;19.7238;19.7238;16.2324;15.969299999999999;17.480900000000002;19.066599999999998;17.9954;20.8156;16.7647;16.2324;23.480900000000002;17.5061;15.0686;28.3075;33.9355;15.3339;32.2789;25.9133;32.2789;21.9443;33.9355;23.6182;23.7398;18.4864;17.9954;27.8675;17.5061;43.8233;32.2789;55.252199999999995;36.400800000000004;46.7646;36.0591;42.6916;42.482;49.4597;28.3075;32.2789;32.2789;59.6803;33.088;51.765699999999995;38.5391;7.4062;23.827599999999997;6.8213;6.5249;43.4266;15.0686;9.7625;7.6168000000000005;8.4409;13.1251;3.8421999999999996;13.1251;16.7456;6.5249;0.0;26.3815;21.8059;23.1358;29.1727;18.4453;18.960099999999997;28.1315;22.4905;30.0455;24.5888;35.459300000000006;35.092;45.536;44.8414;16.2136;22.9932;31.5235;24.5364;25.684099999999997;27.3245;37.1794;27.9577;23.5638;24.7907;14.279399999999999;17.104;17.0628;19.767799999999998;24.7907;14.5124;14.279399999999999;17.5502;23.6421;23.145;16.003700000000002;15.555;16.8782;24.933799999999998;16.003700000000002;14.279399999999999;14.173;17.1967;14.7622;19.7223;33.0064;41.9496;22.2077;29.831;27.5566;15.0686;42.1149;29.1112;28.5216;28.7817;27.3955;30.289900000000003;29.806900000000002;20.8156;23.480900000000002;15.0686;15.0686;17.9954;18.4864;16.2324;18.3826;15.969299999999999;28.7817;16.2107;16.2324;17.5061;17.217200000000002;12.2895;18.4864;18.266299999999998;20.2313;16.2324;23.480900000000002;18.4864;16.2107;23.6182;16.2324;15.969299999999999;19.7238;13.1251;21.8198;15.0686;15.0686;42.6916;18.3826
Dersimspor 2.;46.073;45.9492;50.431;49.2816;59.6172;53.804199999999994;55.2395;41.7503;45.465199999999996;47.8201;47.901199999999996;35.6812;46.4462;28.222099999999998;3.6293;4.583699999999999;14.5215;4.4917;9.8552;8.9781;3.6293;1.3091;20.424;14.5215;8.4534;0.0;35.495;23.905;34.4507;27.2328;27.0839;50.1194;35.3235;29.8667;33.4095;23.723200000000002;40.3699;50.814;43.544;35.9919;35.495;9.7355;15.0321;16.5122;1.743;20.8027;3.7248;8.9962;10.4259;16.5122;21.4915;12.3109;8.315299999999999;20.086;20.5291;34.4507;22.156200000000002;20.8027;16.771900000000002;22.0319;23.723200000000002;26.0285;18.3957;19.6587;18.502;35.495;15.0321;23.905;30.176099999999998;26.5547;18.3957;30.176099999999998;32.6025;28.2712;32.987300000000005;29.814400000000003;23.1749;28.423;15.0321;21.4915;20.4724;27.6964;16.5122;22.3156;20.8027;21.7729;30.176099999999998;23.9904;20.4724;32.987300000000005;23.945;18.3957;23.945;43.6744;34.0549;18.3957;19.7776;20.546400000000002;35.7775;25.909599999999998;22.306900000000002;34.2948;38.159800000000004;18.9848;31.7792;20.4724;23.945;34.558099999999996;20.2264;32.0831;23.0322;33.121900000000004;42.225300000000004;20.5291;29.285;19.2192;28.996299999999998;43.6744;26.8934;23.706400000000002;26.5259;23.706400000000002;22.0853;32.181;26.5259;19.2192;34.2948;20.939400000000003;22.476;22.476;21.3863;23.736099999999997;22.145599999999998;18.7189;18.7189;21.3863;22.1621;21.0552;22.0853;23.736099999999997;22.145599999999998;19.2192;21.3863;22.476;19.5928;19.2912;27.302599999999998;32.9305;22.1094;31.274;24.9084;31.274;20.939400000000003;32.9305;22.6132;22.734900000000003;17.4815;23.736099999999997;26.862599999999997;19.5928;42.818400000000004;31.274;54.2473;35.395900000000005;45.759699999999995;35.054199999999994;41.686699999999995;41.4771;48.454699999999995;27.302599999999998;31.274;31.274;58.6753;32.0831;50.7608;37.5342;4.5328;22.9786;3.553;11.7958;27.465400000000002;19.2912;1.3091;1.743;3.342;6.5995;8.9962;6.5995;10.2201;11.7958;8.315299999999999;31.6594;27.0839;28.413700000000002;34.4507;23.723200000000002;24.238;33.4095;27.7684;35.3235;29.8667;40.737199999999994;40.3699;50.814;50.1194;21.4915;28.2712;36.8014;29.814400000000003;30.9621;32.6025;42.457300000000004;33.235699999999994;28.8417;30.0687;18.502;21.3266;21.2855;23.9904;30.0687;18.735;18.502;21.7729;27.8647;28.423;20.2264;19.7776;22.156200000000002;29.1564;20.2264;18.502;18.3957;21.4193;18.9848;23.945;32.2801;40.9447;27.4255;34.053599999999996;31.7792;19.2912;41.11;39.1884;35.7775;27.7767;26.3906;29.285;35.4103;22.145599999999998;22.476;19.2912;19.2912;23.736099999999997;17.4815;21.3863;24.2198;22.1621;27.7767;22.1702;21.3863;19.5928;21.3751;16.5122;17.4815;17.261400000000002;19.2263;21.3863;22.476;17.4815;22.1702;22.6132;21.3863;22.1621;18.7189;6.5995;20.8149;19.2912;19.2912;41.686699999999995;24.2198
Aumühle 2.;61.9373;61.8135;66.2953;65.1459;75.4815;69.66860000000001;71.1039;64.8775;64.4655;63.684400000000004;63.0092;51.5455;62.3105;69.4458;34.117599999999996;45.2415;46.9531;34.2806;30.1614;31.078;34.117599999999996;36.8041;53.7545;46.9531;30.2171;35.495;0.0;19.2318;24.4694;13.4665;9.6706;14.7426;8.539299999999999;9.673399999999999;15.709200000000001;16.0333;15.9246;26.368599999999997;18.605700000000002;11.930200000000001;0.0;33.171099999999996;29.5865;26.7923;39.3641;18.1597;38.8636;34.2661;33.8916;26.7923;20.4513;32.299099999999996;34.8335;24.2943;17.8861;24.4694;22.3905;18.1597;27.522299999999998;14.7542;16.0333;12.2346;27.6889;25.511;24.5778;0.0;29.5865;19.2318;25.2717;21.6504;27.6889;25.2717;17.8446;17.4945;29.3749;14.3715;21.9174;23.5186;29.5865;20.4513;26.5164;22.792099999999998;26.7923;29.252599999999997;18.1597;28.4535;25.2717;27.3317;26.5164;29.3749;30.6256;27.6889;30.6256;43.3489;40.3135;27.6889;27.537;29.7426;36.5492;33.075300000000006;31.4039;35.9452;33.4523;27.933799999999998;34.7224;26.5164;30.6256;34.567800000000005;29.090400000000002;47.6006;33.1306;36.9897;47.027;17.8861;45.711;33.006;39.7755;43.3489;42.343199999999996;34.3321;33.1629;34.3321;34.7044;47.6985;33.1629;33.006;35.9452;40.6856;37.960800000000006;37.960800000000006;31.8702;33.633199999999995;36.104;37.8272;37.8272;31.8702;31.6071;33.1187;34.7044;33.633199999999995;36.104;33.006;31.8702;37.960800000000006;33.606199999999994;31.269;47.0488;48.448;30.971700000000002;51.020199999999996;45.420199999999994;51.020199999999996;40.6856;48.448;42.3595;41.9255;37.2277;33.633199999999995;45.898300000000006;33.606199999999994;63.993199999999995;51.020199999999996;69.76469999999999;50.9133;61.2771;53.538599999999995;57.2041;64.1537;63.972199999999994;47.0488;51.020199999999996;51.020199999999996;74.1928;47.6006;66.2783;56.569900000000004;39.2766;53.4066;38.6917;31.784;73.31519999999999;31.269;41.509800000000006;39.3641;40.3113;44.896699999999996;34.2661;44.896699999999996;48.517199999999995;31.784;34.8335;9.699;9.6706;10.7259;24.4694;16.0333;13.300600000000001;15.709200000000001;17.128700000000002;8.539299999999999;9.673399999999999;6.1111;15.9246;26.368599999999997;14.7426;20.4513;17.4945;30.0103;14.3715;26.0577;17.8446;27.221400000000003;28.6585;23.9374;25.1644;24.5778;27.492;27.8631;27.3317;25.1644;25.8759;24.5778;28.4535;29.8669;23.5186;29.090400000000002;27.537;22.3905;32.1617;29.090400000000002;24.5778;27.6889;27.499299999999998;27.933799999999998;30.6256;45.1391;56.0471;36.6834;35.4003;34.7224;31.269;48.4182;35.4626;36.5492;43.2942;38.6494;45.711;41.218199999999996;36.104;37.960800000000006;31.269;31.269;33.633199999999995;37.2277;31.8702;34.020300000000006;31.6071;43.2942;31.8485;31.8702;33.606199999999994;32.855;26.7923;37.2277;34.758;39.0403;31.8702;37.960800000000006;37.2277;31.8485;42.3595;31.8702;31.6071;37.8272;44.896699999999996;40.024800000000006;31.269;31.269;57.2041;34.020300000000006
SVNA 2.;53.848;53.7241;58.206;57.056599999999996;67.3922;61.5792;63.0145;51.7214;55.4363;55.595;55.6761;43.4561;54.2211;57.8557;22.5275;33.6514;35.363;22.6905;18.5713;19.4879;22.5275;25.214;42.1644;35.363;18.627;23.905;19.2318;0.0;14.923399999999999;5.5632;8.4714;28.8268;15.7962;10.3395;13.882200000000001;2.7701;20.8427;31.2867;24.0168;16.464599999999997;17.1397;16.811799999999998;15.476;18.5143;23.0048;8.383299999999998;22.5043;17.9068;17.5323;18.5143;16.704;15.9399;18.4742;8.664299999999999;8.1098;14.923399999999999;17.3687;8.383299999999998;19.6921;17.244400000000002;2.7701;12.6779;20.3978;18.0499;20.115;17.1397;15.476;0.0;25.3885;21.7672;20.3978;25.3885;27.8149;23.483700000000002;28.1998;13.9435;18.387400000000003;23.6354;15.476;16.704;26.633200000000002;22.908900000000003;18.5143;25.327900000000003;8.383299999999998;24.5289;25.3885;27.4485;26.633200000000002;28.1998;26.701;20.3978;26.701;39.905;36.8695;20.3978;21.779799999999998;22.548599999999997;36.666;27.9117;24.309099999999997;36.5404;33.5691;20.986900000000002;34.1349;26.633200000000002;26.701;30.643099999999997;22.2285;38.187599999999996;23.717599999999997;31.803099999999997;48.329800000000006;8.1098;35.3894;22.9895;33.8677;39.905;32.997800000000005;25.6414;25.905099999999997;25.6414;25.291400000000003;38.2855;25.905099999999997;22.9895;36.5404;30.6691;28.5478;28.5478;22.4572;24.220200000000002;27.0404;27.8107;27.8107;22.4572;22.1941;23.7057;25.291400000000003;24.220200000000002;27.0404;22.9895;22.4572;28.5478;23.730900000000002;21.293400000000002;37.032300000000006;39.035;21.5587;41.003699999999995;36.0072;41.003699999999995;30.6691;39.035;32.343;31.909;27.2112;24.220200000000002;35.881800000000005;23.730900000000002;54.5803;41.003699999999995;60.351699999999994;41.5003;51.8641;44.125699999999995;47.7911;50.496300000000005;54.5592;37.032300000000006;41.003699999999995;41.003699999999995;64.77980000000001;38.187599999999996;56.865300000000005;46.5534;22.9173;37.0473;22.3325;15.424700000000001;56.9559;21.293400000000002;25.1505;23.0048;23.952099999999998;28.5374;17.9068;28.5374;32.1579;15.424700000000001;18.4742;13.417399999999999;8.4714;6.7442;14.923399999999999;2.7701;4.5567;13.882200000000001;8.241200000000001;15.7962;10.3395;21.21;20.8427;31.2867;28.8268;16.704;23.483700000000002;32.0139;13.9435;26.1745;27.8149;37.6698;28.4482;24.0542;25.281200000000002;20.115;22.9414;23.7123;27.4485;25.281200000000002;25.9927;20.115;24.5289;29.9836;23.6354;22.2285;21.779799999999998;17.3687;31.402;22.2285;20.115;20.3978;22.948700000000002;20.986900000000002;26.701;39.231199999999994;47.049099999999996;28.4324;35.9348;34.1349;21.293400000000002;47.214400000000005;35.5794;36.666;33.8812;30.3985;35.3894;36.031699999999994;27.0404;28.5478;21.293400000000002;21.293400000000002;24.220200000000002;27.2112;22.4572;24.6073;22.1941;33.8812;22.4355;22.4572;23.730900000000002;23.442;18.5143;27.2112;24.741400000000002;29.023799999999998;22.4572;28.5478;27.2112;22.4355;32.343;22.4572;22.1941;27.8107;28.5374;30.6118;21.293400000000002;21.293400000000002;47.7911;24.6073
SC V. M. 3.;64.3937;64.2699;68.7517;67.6023;77.9379;72.1249;73.5602;70.23389999999999;73.9488;66.1408;66.2218;54.0019;64.7669;51.9765;33.0733;27.407;43.0051;18.4404;29.117;30.0336;33.0733;32.9777;36.285199999999996;43.0051;29.1727;34.4507;24.4694;14.923399999999999;0.0;14.018600000000001;18.4239;29.632099999999998;15.9223;14.5414;9.551;14.6189;20.5446;30.988599999999998;22.133200000000002;17.4305;24.439700000000002;27.761;21.021;29.4635;33.954;19.3729;33.4535;28.856099999999998;28.4815;29.4635;27.653200000000002;26.8891;29.4234;19.6135;19.099400000000003;0.0;28.3179;19.3729;30.641299999999998;28.1936;14.6189;22.6303;31.347;28.9991;31.0642;24.439700000000002;21.021;14.551;36.3377;32.7164;31.347;36.3377;38.7641;34.432900000000004;39.149;23.896;29.336599999999997;34.5846;21.021;27.653200000000002;37.5824;33.8581;29.4635;36.2772;19.3729;35.4781;36.3377;38.3977;37.5824;39.149;37.6502;31.347;37.6502;50.8542;47.8187;31.347;32.729;33.497800000000005;47.615199999999994;38.8609;35.258300000000006;47.489599999999996;44.5183;31.9361;45.0841;37.5824;37.6502;41.5923;33.177699999999994;49.1368;34.6668;42.752300000000005;59.279;19.099400000000003;46.3386;33.9387;44.816900000000004;50.8542;43.947;36.5906;36.8544;36.5906;36.2406;49.2347;36.8544;33.9387;47.489599999999996;49.3569;39.497;39.497;33.406400000000005;35.1694;37.989599999999996;47.1364;47.1364;33.406400000000005;33.1433;34.654900000000005;36.2406;35.1694;37.989599999999996;33.9387;33.406400000000005;39.497;34.680099999999996;32.242599999999996;55.720099999999995;49.984199999999994;32.5079;59.6915;46.9564;59.6915;49.3569;49.984199999999994;51.030800000000006;51.1524;45.899;35.1694;55.2801;34.680099999999996;65.5295;59.6915;71.3009;52.4495;62.813300000000005;55.0749;58.740300000000005;69.89460000000001;65.5084;55.720099999999995;59.6915;59.6915;75.729;49.1368;67.8145;65.9517;18.417900000000003;51.3961;33.281699999999994;26.373900000000003;51.243300000000005;32.242599999999996;32.9414;33.954;28.2333;35.7813;28.856099999999998;35.7813;39.4018;26.373900000000003;29.4234;23.369799999999998;18.4239;15.1995;0.0;14.6189;14.5091;9.551;8.06;15.9223;14.5414;25.4114;20.5446;30.988599999999998;29.632099999999998;27.653200000000002;34.432900000000004;42.9631;23.896;37.1237;38.7641;48.619;39.397400000000005;35.0034;36.2304;31.0642;33.8906;34.6615;38.3977;36.2304;36.941900000000004;31.0642;35.4781;40.932900000000004;34.5846;33.177699999999994;32.729;28.3179;42.3512;33.177699999999994;31.0642;31.347;33.8979;31.9361;37.6502;50.1804;57.9983;39.3816;46.884;45.0841;32.242599999999996;58.163599999999995;46.5286;47.615199999999994;44.830400000000004;41.347699999999996;46.3386;46.9809;37.989599999999996;39.497;32.242599999999996;32.242599999999996;35.1694;45.899;33.406400000000005;35.5565;33.1433;44.830400000000004;33.384699999999995;33.406400000000005;34.680099999999996;34.3912;29.4635;45.899;35.690599999999996;47.643800000000006;33.406400000000005;39.497;45.899;33.384699999999995;51.030800000000006;33.406400000000005;33.1433;47.1364;35.7813;49.2324;32.242599999999996;32.242599999999996;58.740300000000005;35.5565
TSG Bergedorf 1.;52.4193;52.2955;56.7774;55.628;65.9635;60.1506;61.5859;50.646699999999996;54.361599999999996;54.1664;54.2475;42.0275;52.7925;61.1835;25.8553;36.9792;38.6908;26.0183;21.899099999999997;22.8157;25.8553;28.5418;45.4922;38.6908;21.9548;27.2328;13.4665;5.5632;14.018600000000001;0.0;6.462;19.3492;9.712200000000001;7.113899999999999;10.9899;4.6293999999999995;18.4679;28.911900000000003;21.642;14.0899;13.413799999999998;20.5025;19.166700000000002;16.9916;26.6955;9.4221;26.195;21.5975;21.223;16.9916;13.014299999999999;19.630599999999998;22.164900000000003;12.355;9.1485;14.2539;12.8958;9.4221;15.2192;11.016399999999999;4.6293999999999995;11.4599;18.8612;13.577;15.642100000000001;13.413799999999998;19.166700000000002;5.8328999999999995;21.6988;18.0774;18.8612;21.6988;20.4333;15.848600000000001;24.51;12.7256;13.6344;19.945700000000002;19.166700000000002;13.014299999999999;18.2664;19.219099999999997;16.9916;20.8551;9.4221;20.056;21.6988;23.7587;18.2664;24.51;22.228099999999998;18.8612;22.228099999999998;34.9514;31.9159;18.8612;19.6783;21.012;30.9878;24.6777;22.7725;32.850699999999996;29.8794;19.4503;30.4451;18.2664;22.228099999999998;26.1702;20.6919;38.4033;23.9333;28.5921;38.629400000000004;9.1485;35.6051;23.205299999999998;31.378;34.9514;33.2136;25.857200000000002;24.3685;25.857200000000002;25.507099999999998;38.5012;24.3685;23.205299999999998;32.850699999999996;30.884900000000002;28.7635;28.7635;22.672900000000002;24.4359;27.2561;28.026400000000002;28.026400000000002;22.672900000000002;22.4099;23.9215;25.507099999999998;24.4359;27.2561;23.205299999999998;22.672900000000002;28.7635;23.9466;21.5091;37.2481;39.250699999999995;21.7744;41.2195;36.2229;41.2195;30.884900000000002;39.250699999999995;32.5587;32.124700000000004;27.4269;24.4359;36.0976;23.9466;54.796;41.2195;60.5675;41.7161;52.0799;44.3414;48.0069;50.7121;54.7749;37.2481;41.2195;41.2195;64.9955;38.4033;57.081;46.7691;26.608;40.738;26.0232;19.1154;60.6466;21.5091;28.8412;26.6955;27.642799999999998;32.2281;21.5975;32.2281;35.8486;19.1154;22.164900000000003;10.3002;6.462;3.0183;14.2539;4.6293999999999995;3.3387;10.9899;7.5717;9.712200000000001;7.113899999999999;11.732299999999999;18.4679;28.911900000000003;19.3492;13.014299999999999;15.848600000000001;28.3242;12.7256;22.4848;20.4333;30.2882;24.7584;20.3645;21.5914;15.642100000000001;18.4685;19.2394;23.7587;21.5914;17.8328;15.642100000000001;20.056;26.2939;19.945700000000002;20.6919;19.6783;12.8958;27.7122;20.6919;15.642100000000001;18.8612;18.475900000000003;19.4503;22.228099999999998;36.7415;47.2648;27.8605;32.245;30.4451;21.5091;47.4302;31.889599999999998;30.9878;34.0969;29.8265;35.6051;32.8206;27.2561;28.7635;21.5091;21.5091;24.4359;27.4269;22.672900000000002;24.8231;22.4099;34.0969;22.6513;22.672900000000002;23.9466;23.657700000000002;16.9916;27.4269;24.9572;29.2396;22.672900000000002;28.7635;27.4269;22.6513;32.5587;22.672900000000002;22.4099;28.026400000000002;32.2281;30.8275;21.5091;21.5091;48.0069;24.8231
Reinbek 2.;55.4062;55.282300000000006;59.764199999999995;58.6148;68.95039999999999;63.1374;64.5727;58.3463;57.934400000000004;57.1532;56.4781;45.014300000000006;55.779300000000006;61.034699999999994;25.7065;36.8303;38.5419;25.869400000000002;21.7502;22.6668;25.7065;28.393;45.3434;38.5419;21.8059;27.0839;9.6706;8.4714;18.4239;6.462;0.0;19.875799999999998;10.2388;7.6406;15.076799999999999;7.446;21.0578;31.5018;23.739;15.8031;9.669799999999999;20.5499;16.9022;21.0363;26.742900000000002;9.040799999999999;26.2424;21.6449;21.270400000000002;21.0363;14.695200000000002;19.678;22.2123;9.901200000000001;8.767299999999999;18.453799999999998;12.5146;9.040799999999999;14.838;9.4284;7.446;7.3498;21.9328;13.195799999999998;18.8218;9.669799999999999;16.9022;8.4875;19.515700000000002;15.8943;21.9328;19.515700000000002;16.3232;11.7384;23.6188;8.6154;16.1613;17.7626;16.9022;14.695200000000002;20.7603;17.036;21.0363;23.4965;9.040799999999999;22.6975;19.515700000000002;21.575599999999998;20.7603;23.6188;24.8696;21.9328;24.8696;37.5929;34.5574;21.9328;21.780900000000003;23.9865;30.7931;27.319200000000002;25.6478;34.901900000000005;27.6963;22.177799999999998;28.9663;20.7603;24.8696;28.811700000000002;23.334400000000002;41.8445;27.3745;31.2336;41.270900000000005;8.767299999999999;39.9549;27.2499;34.0195;37.5929;36.5871;28.576;27.4069;28.576;28.9483;41.9424;27.4069;27.2499;34.901900000000005;34.9296;32.2047;32.2047;26.114099999999997;27.8771;30.347900000000003;32.0711;32.0711;26.114099999999997;25.851;27.362599999999997;28.9483;27.8771;30.347900000000003;27.2499;26.114099999999997;32.2047;27.8502;25.512900000000002;41.2928;42.691900000000004;25.2156;45.264199999999995;39.6641;45.264199999999995;34.9296;42.691900000000004;36.6034;36.1694;31.4716;27.8771;40.142300000000006;27.8502;58.237199999999994;45.264199999999995;64.0086;45.157300000000006;55.521;47.782599999999995;51.448;58.3976;58.2161;41.2928;45.264199999999995;45.264199999999995;68.4367;41.8445;60.5222;50.8138;26.6554;40.7854;26.0706;19.1628;60.694;25.512900000000002;28.8886;26.742900000000002;27.6902;32.2755;21.6449;32.2755;35.896;19.1628;22.2123;5.2776000000000005;0.0;4.4433;18.453799999999998;7.446;4.261;15.076799999999999;11.7715;10.2388;7.6406;13.161;21.0578;31.5018;19.875799999999998;14.695200000000002;11.7384;27.1896;8.6154;20.3017;16.3232;26.178;22.9024;18.1813;19.4083;18.8218;21.7359;22.107;21.575599999999998;19.4083;20.119799999999998;18.8218;22.6975;24.110799999999998;17.7626;23.334400000000002;21.780900000000003;12.5146;26.4056;23.334400000000002;18.8218;21.9328;21.743299999999998;22.177799999999998;24.8696;39.383;50.291;30.9273;34.357;28.9663;25.512900000000002;42.6622;29.7065;30.7931;37.5381;32.8933;39.9549;35.4621;30.347900000000003;32.2047;25.512900000000002;25.512900000000002;27.8771;31.4716;26.114099999999997;28.2643;25.851;37.5381;26.0924;26.114099999999997;27.8502;27.0989;21.0363;31.4716;29.001900000000003;33.2843;26.114099999999997;32.2047;31.4716;26.0924;36.6034;26.114099999999997;25.851;32.0711;32.2755;34.268699999999995;25.512900000000002;25.512900000000002;51.448;28.2643
Schwarzenbek 3.;72.23530000000001;72.1115;76.59339999999999;75.444;85.7795;79.9666;81.4019;75.1755;74.7635;73.9824;73.3072;61.8435;72.6085;84.0702;48.742;59.8658;61.577400000000004;48.904900000000005;44.7857;45.7023;48.742;51.4284;68.3788;61.577400000000004;44.8414;50.1194;14.7426;28.8268;29.632099999999998;19.3492;19.875799999999998;0.0;14.475100000000001;15.609200000000001;21.053;21.969099999999997;13.5214;17.889;14.683;14.078299999999999;14.7173;43.9515;40.3669;37.5727;50.1445;35.802;49.6439;45.0465;44.6719;37.5727;31.2317;43.0795;45.6139;33.5645;35.5285;29.813200000000002;33.1709;35.802;38.302699999999994;32.296099999999996;21.969099999999997;27.294;38.469300000000004;36.2914;35.3582;14.7173;40.3669;28.502;36.052099999999996;32.4308;38.469300000000004;36.052099999999996;33.449400000000004;28.8646;40.745;25.7416;32.6977;34.299;40.3669;31.2317;37.296800000000005;33.5725;37.5727;40.033;35.802;39.2339;36.052099999999996;38.1121;37.296800000000005;40.745;41.406;38.469300000000004;41.406;54.1293;51.0938;38.469300000000004;38.3174;40.523;47.3296;43.8557;42.1843;41.980199999999996;44.232699999999994;38.7142;46.0925;37.296800000000005;41.406;45.348099999999995;39.8708;58.381;43.911;47.7701;57.807300000000005;35.5285;56.4914;43.7864;50.5559;54.1293;53.123599999999996;45.1125;43.9433;45.1125;45.4847;58.4788;43.9433;43.7864;41.980199999999996;51.466;48.7412;48.7412;42.6505;44.413599999999995;46.8844;48.6076;48.6076;42.6505;42.3875;43.8991;45.4847;44.413599999999995;46.8844;43.7864;42.6505;48.7412;44.3866;42.0493;57.8292;59.2284;41.7521;61.800599999999996;56.2006;61.800599999999996;51.466;59.2284;53.139900000000004;52.7059;48.0081;44.413599999999995;56.6787;44.3866;74.7736;61.800599999999996;80.5451;61.6937;72.0575;64.319;67.9845;74.9341;74.7526;57.8292;61.800599999999996;61.800599999999996;84.97319999999999;58.381;77.05860000000001;67.3503;50.057;64.187;49.4721;42.5644;84.0956;42.0493;52.290099999999995;50.1445;51.091699999999996;55.677099999999996;45.0465;55.677099999999996;59.297599999999996;42.5644;45.6139;22.6251;19.8075;16.6617;29.813200000000002;21.969099999999997;31.1998;21.053;26.407400000000003;14.475100000000001;15.609200000000001;10.167399999999999;13.5214;17.889;0.0;31.2317;28.8646;36.0454;25.7416;36.8381;33.449400000000004;33.2564;40.0287;34.717800000000004;35.9448;35.3582;38.272400000000005;38.6435;38.1121;35.9448;36.6563;35.3582;39.2339;40.6472;34.299;39.8708;38.3174;33.1709;43.531800000000004;39.8708;35.3582;38.469300000000004;38.2797;38.7142;41.406;55.9194;66.8275;47.463800000000006;41.435300000000005;46.0925;42.0493;59.1986;46.243;47.3296;54.0746;49.4298;56.4914;51.998599999999996;46.8844;48.7412;42.0493;42.0493;44.413599999999995;48.0081;42.6505;44.8007;42.3875;54.0746;42.6289;42.6505;44.3866;43.635400000000004;37.5727;48.0081;45.5383;49.820699999999995;42.6505;48.7412;48.0081;42.6289;53.139900000000004;42.6505;42.3875;48.6076;55.677099999999996;50.805099999999996;42.0493;42.0493;67.9845;44.8007
Escheburg 3.;65.2664;65.1426;69.6245;68.47510000000001;78.8107;72.9977;74.433;63.139900000000004;66.8548;67.0135;67.0946;54.8746;65.6396;69.2742;33.946;45.069900000000004;46.7815;34.109;29.9898;30.9064;33.946;36.6325;53.5829;46.7815;30.0455;35.3235;8.539299999999999;15.7962;15.9223;9.712200000000001;10.2388;14.475100000000001;0.0;3.4937;7.169899999999999;9.8537;9.9423;20.3863;12.6235;5.5642;8.517299999999999;28.7387;27.4028;30.441200000000002;34.9317;14.6464;34.4311;29.8337;29.4591;30.441200000000002;28.6309;27.8667;30.4011;20.5912;14.3729;15.9301;29.2955;14.6464;31.619;29.1713;9.8537;17.1494;32.3247;29.9768;32.0418;8.517299999999999;27.4028;15.5286;37.315400000000004;33.694;32.3247;37.315400000000004;22.759400000000003;22.409299999999998;40.126599999999996;19.2863;30.3142;35.5623;27.4028;28.6309;38.5601;34.835699999999996;30.441200000000002;37.2548;14.6464;36.4557;37.315400000000004;39.3753;38.5601;40.126599999999996;38.6278;32.3247;38.6278;51.8318;48.7963;32.3247;33.7066;34.4754;48.5929;39.8386;36.2359;45.5727;45.496;32.9138;46.061699999999995;38.5601;38.6278;42.569900000000004;34.1554;50.1144;35.644400000000005;43.73;60.2566;14.3729;47.316300000000005;34.9164;45.7945;51.8318;44.924699999999994;37.5683;37.832;37.5683;37.218199999999996;50.212300000000006;37.832;34.9164;45.5727;42.596;40.4747;40.4747;34.384;36.147;38.9672;39.7375;39.7375;34.384;34.121;35.6326;37.218199999999996;36.147;38.9672;34.9164;34.384;40.4747;35.6577;33.2202;48.959199999999996;50.961800000000004;33.4856;52.9306;47.934;52.9306;42.596;50.961800000000004;44.269800000000004;43.835800000000006;39.1381;36.147;47.808699999999995;35.6577;66.50710000000001;52.9306;72.27860000000001;53.4272;63.791;56.0525;59.718;62.423199999999994;66.486;48.959199999999996;52.9306;52.9306;76.70660000000001;50.1144;68.7921;58.480199999999996;34.844199999999994;48.974199999999996;34.2593;27.351599999999998;68.8828;33.2202;37.0773;34.9317;35.8789;40.4643;29.8337;40.4643;44.0848;27.351599999999998;30.4011;14.613700000000001;10.148100000000001;7.0024;15.9301;9.8537;9.775;7.169899999999999;13.434;0.0;3.4937;6.8359;9.9423;20.3863;14.4527;28.6309;22.409299999999998;43.9407;19.2863;38.1014;22.759400000000003;36.8489;33.5733;35.9811;37.208;32.0418;34.868199999999995;35.6391;39.3753;37.208;37.919599999999996;32.0418;36.4557;41.9105;35.5623;34.1554;33.7066;29.2955;43.3288;34.1554;32.0418;32.3247;34.8756;32.9138;38.6278;51.158;58.976;40.359300000000005;45.027800000000006;46.061699999999995;33.2202;59.1413;47.5062;48.5929;45.808;42.325300000000006;47.316300000000005;47.9585;38.9672;40.4747;33.2202;33.2202;36.147;39.1381;34.384;36.5342;34.121;45.808;34.3624;34.384;35.6577;35.368900000000004;30.441200000000002;39.1381;36.6683;40.9507;34.384;40.4747;39.1381;34.3624;44.269800000000004;34.384;34.121;39.7375;40.4643;42.538599999999995;33.2202;33.2202;59.718;36.5342
Börnsen 3.;59.8097;59.685900000000004;64.1678;63.0184;73.3539;67.541;68.97630000000001;57.683099999999996;61.3981;61.5568;61.6379;49.4179;60.182900000000004;63.8175;28.4893;39.6132;41.3248;28.6522;24.533099999999997;25.4496;28.4893;31.1758;48.1262;41.3248;24.5888;29.8667;9.673399999999999;10.3395;14.5414;7.113899999999999;7.6406;15.609200000000001;3.4937;0.0;7.891100000000001;8.5347;12.7771;23.2211;15.4583;8.3991;9.6595;23.2233;21.8875;24.9258;29.4163;13.327399999999999;28.9158;24.3184;23.9438;24.9258;23.1155;22.3514;24.8857;15.0758;13.053799999999999;14.54;23.7802;13.327399999999999;26.1036;23.655900000000003;8.5347;13.8292;26.8093;24.4614;26.5265;9.6595;21.8875;10.0133;31.8;28.1787;26.8093;31.8;19.4392;19.089;34.6113;15.966;24.7989;30.0469;21.8875;23.1155;33.0447;29.320400000000003;24.9258;31.7395;13.327399999999999;30.9404;31.8;33.86;33.0447;34.6113;33.1125;26.8093;33.1125;46.3165;43.281;26.8093;28.1913;28.960099999999997;43.0775;34.3232;30.720599999999997;42.2525;39.980599999999995;27.3985;40.5464;33.0447;33.1125;37.0546;28.64;44.5991;30.129099999999998;38.2146;54.7413;13.053799999999999;41.8009;29.401;40.279199999999996;46.3165;39.4093;32.0529;32.3167;32.0529;31.702900000000003;44.697;32.3167;29.401;42.2525;37.0806;34.959300000000006;34.959300000000006;28.8687;30.631700000000002;33.4519;34.222199999999994;34.222199999999994;28.8687;28.6056;30.1172;31.702900000000003;30.631700000000002;33.4519;29.401;28.8687;34.959300000000006;30.142400000000002;27.704900000000002;43.4438;45.4465;27.970200000000002;47.4152;42.418699999999994;47.4152;37.0806;45.4465;38.7545;38.3205;33.622699999999995;30.631700000000002;42.2933;30.142400000000002;60.991800000000005;47.4152;66.7632;47.9119;58.2756;50.5372;54.2026;56.9078;60.970699999999994;43.4438;47.4152;47.4152;71.1913;44.5991;63.2768;52.9649;29.328799999999998;43.458800000000004;28.744;21.836299999999998;63.3674;27.704900000000002;31.562;29.4163;30.363599999999998;34.9489;24.3184;34.9489;38.5694;21.836299999999998;24.8857;11.4849;7.6466;4.5009;14.54;8.5347;8.4559;7.891100000000001;7.9102;3.4937;0.0;7.978;12.7771;23.2211;15.594899999999999;23.1155;19.089;38.4254;15.966;32.586;19.4392;33.5286;30.2531;30.465700000000002;31.692700000000002;26.5265;29.3529;30.1238;33.86;31.692700000000002;32.4042;26.5265;30.9404;36.395199999999996;30.0469;28.64;28.1913;23.7802;37.8135;28.64;26.5265;26.8093;29.3603;27.3985;33.1125;45.6427;53.4606;34.843900000000005;41.7076;40.5464;27.704900000000002;53.6259;41.9909;43.0775;40.292699999999996;36.81;41.8009;42.4432;33.4519;34.959300000000006;27.704900000000002;27.704900000000002;30.631700000000002;33.622699999999995;28.8687;31.018900000000002;28.6056;40.292699999999996;28.847;28.8687;30.142400000000002;29.8535;24.9258;33.622699999999995;31.153;35.435300000000005;28.8687;34.959300000000006;33.622699999999995;28.847;38.7545;28.8687;28.6056;34.222199999999994;34.9489;37.023300000000006;27.704900000000002;27.704900000000002;54.2026;31.018900000000002
Altengamme 3.;63.3525;63.228699999999996;67.7105;66.56110000000001;76.8967;71.0837;72.51910000000001;61.2259;64.9408;65.0996;65.1807;52.960699999999996;63.725699999999996;67.36030000000001;32.0321;43.1559;44.8675;32.195;28.0758;28.9924;32.0321;34.718599999999995;51.669;44.8675;28.1315;33.4095;15.709200000000001;13.882200000000001;9.551;10.9899;15.076799999999999;21.053;7.169899999999999;7.891100000000001;0.0;12.0903;11.7844;22.2284;13.373;8.6703;15.6795;26.7789;25.443099999999998;28.4814;32.9719;16.883;32.4714;27.873900000000003;27.4994;28.4814;26.6711;25.907;28.4413;18.631400000000003;16.6094;9.551;27.3358;16.883;29.659200000000002;27.2115;12.0903;20.1327;30.364900000000002;28.017;30.082099999999997;15.6795;25.443099999999998;13.5689;35.355599999999995;31.734299999999998;30.364900000000002;35.355599999999995;37.782;33.4508;38.1669;21.398400000000002;28.3545;33.6025;25.443099999999998;26.6711;36.600300000000004;32.876;28.4814;35.295;16.883;34.496;35.355599999999995;37.4156;36.600300000000004;38.1669;36.668099999999995;30.364900000000002;36.668099999999995;49.872099999999996;46.8366;30.364900000000002;31.7469;32.5157;46.6331;37.878800000000005;34.276199999999996;46.5075;43.536199999999994;30.954;44.102;36.600300000000004;36.668099999999995;40.6102;32.1956;48.1547;33.6847;41.770199999999996;58.2969;16.6094;45.3565;32.9566;43.8348;49.872099999999996;42.9649;35.6085;35.8722;35.6085;35.2585;48.2526;35.8722;32.9566;46.5075;40.636199999999995;38.514900000000004;38.514900000000004;32.4243;34.1873;37.0075;37.777800000000006;37.777800000000006;32.4243;32.1612;33.6728;35.2585;34.1873;37.0075;32.9566;32.4243;38.514900000000004;33.698;31.2605;46.9994;49.0021;31.5258;50.970800000000004;45.9743;50.970800000000004;40.636199999999995;49.0021;42.3101;41.8761;37.1783;34.1873;45.8489;33.698;64.5474;50.970800000000004;70.3188;51.467400000000005;61.831199999999995;54.092800000000004;57.758199999999995;60.4634;64.5263;46.9994;50.970800000000004;50.970800000000004;74.7469;48.1547;66.83239999999999;56.5205;32.8844;47.0144;32.2996;25.3918;66.923;31.2605;35.117599999999996;32.9719;33.9192;38.5045;27.873900000000003;38.5045;42.125;25.3918;28.4413;18.913700000000002;15.0754;11.264100000000001;9.551;12.0903;12.0115;0.0;5.9589;7.162100000000001;7.8837;13.998;11.7844;22.2284;20.8719;26.6711;33.4508;41.981;21.398400000000002;36.1416;37.782;47.636900000000004;38.4153;34.021300000000004;35.2483;30.082099999999997;32.9085;33.6794;37.4156;35.2483;35.9598;30.082099999999997;34.496;39.9507;33.6025;32.1956;31.7469;27.3358;41.369099999999996;32.1956;30.082099999999997;30.364900000000002;32.915800000000004;30.954;36.668099999999995;49.1983;57.0162;38.3995;45.901900000000005;44.102;31.2605;57.1815;45.5465;46.6331;43.8483;40.3656;45.3565;45.9988;37.0075;38.514900000000004;31.2605;31.2605;34.1873;37.1783;32.4243;34.574400000000004;32.1612;43.8483;32.4026;32.4243;33.698;33.409099999999995;28.4814;37.1783;34.7085;38.9909;32.4243;38.514900000000004;37.1783;32.4026;42.3101;32.4243;32.1612;37.777800000000006;38.5045;40.578900000000004;31.2605;31.2605;57.758199999999995;34.574400000000004
ASV Bergedorf 85 2.;48.9291;48.8053;53.287099999999995;52.137699999999995;62.4733;56.6604;58.095699999999994;47.1565;50.8714;50.676199999999994;50.7573;38.5373;49.3023;57.674;22.3458;33.469699999999996;35.1812;22.5087;18.389599999999998;19.306099999999997;22.3458;25.0323;41.982699999999994;35.1812;18.4453;23.723200000000002;16.0333;2.7701;14.6189;4.6293999999999995;7.446;21.969099999999997;9.8537;8.5347;12.0903;0.0;20.1809;30.625;23.355;15.8029;15.3178;18.1655;14.1579;13.866;24.3585;6.2965;23.8579;19.2605;18.885900000000003;13.866;9.8887;17.2935;19.8278;5.3488;6.023;13.873299999999999;9.770299999999999;6.2965;12.0937;7.890899999999999;0.0;10.8117;15.735700000000001;10.4515;12.5166;15.3178;14.1579;2.7709;18.5733;14.9519;15.735700000000001;18.5733;20.9997;16.668400000000002;21.3845;12.077399999999999;10.508899999999999;16.8202;14.1579;9.8887;15.1409;16.093600000000002;13.866;17.7295;6.2965;16.9305;18.5733;20.633200000000002;15.1409;21.3845;19.1026;15.735700000000001;19.1026;31.8258;28.7904;15.735700000000001;16.5527;17.886400000000002;27.862299999999998;21.5522;19.646900000000002;29.725099999999998;26.7538;16.3248;27.319599999999998;15.1409;19.1026;23.044700000000002;17.5664;35.277800000000006;20.8078;25.4666;35.5039;6.023;32.4796;20.0797;28.2525;31.8258;30.088;22.7316;21.243;22.7316;22.3816;35.375699999999995;21.243;20.0797;29.725099999999998;27.7593;25.638;25.638;19.547400000000003;21.3104;24.130599999999998;24.9009;24.9009;19.547400000000003;19.284299999999998;20.795900000000003;22.3816;21.3104;24.130599999999998;20.0797;19.547400000000003;25.638;20.821099999999998;18.383599999999998;34.1225;36.1252;18.6489;38.093900000000005;33.0974;38.093900000000005;27.7593;36.1252;29.4332;28.999200000000002;24.3014;21.3104;32.972;20.821099999999998;51.6705;38.093900000000005;57.441900000000004;38.5905;48.9543;41.215900000000005;44.8813;47.5865;51.6494;34.1225;38.093900000000005;38.093900000000005;61.87;35.277800000000006;53.9555;43.6436;24.271;38.401;23.6861;16.7784;58.309599999999996;18.383599999999998;26.504099999999998;24.3585;25.3057;29.891099999999998;19.2605;29.891099999999998;33.5116;16.7784;19.8278;11.551200000000001;6.605300000000001;4.9223;13.873299999999999;0.0;2.6905;11.395100000000001;7.1911000000000005;9.1714;7.852399999999999;13.636299999999999;20.1809;30.625;21.2532;9.8887;16.668400000000002;25.1986;12.077399999999999;19.3592;20.9997;30.8545;21.632900000000003;17.2389;18.4659;12.5166;15.343;16.1139;20.633200000000002;18.4659;14.7072;12.5166;16.9305;23.168400000000002;16.8202;17.5664;16.5527;9.770299999999999;24.5867;17.5664;12.5166;15.735700000000001;15.350299999999999;16.3248;19.1026;33.616;44.139300000000006;24.735;29.1195;27.319599999999998;18.383599999999998;44.3046;28.7641;27.862299999999998;30.971400000000003;26.701;32.4796;29.6951;24.130599999999998;25.638;18.383599999999998;18.383599999999998;21.3104;24.3014;19.547400000000003;21.6975;19.284299999999998;30.971400000000003;19.5257;19.547400000000003;20.821099999999998;20.5322;13.866;24.3014;21.831599999999998;26.114;19.547400000000003;25.638;24.3014;19.5257;29.4332;19.547400000000003;19.284299999999998;24.9009;29.891099999999998;27.702;18.383599999999998;18.383599999999998;44.8813;21.6975
FSV Geesthacht 2.;70.3129;70.18910000000001;74.67089999999999;73.5215;83.8571;78.0442;79.4795;68.1863;71.9013;72.06;72.14110000000001;59.921099999999996;70.68610000000001;74.3207;38.9925;52.6901;51.8279;39.1554;35.036300000000004;35.9528;38.9925;41.679;58.629400000000004;51.8279;35.092;40.3699;15.9246;20.8427;20.5446;18.4679;21.0578;13.5214;9.9423;12.7771;11.7844;20.1809;0.0;10.444;2.6812;5.0315;15.9105;33.7839;32.448;35.4864;39.9769;25.3446;39.4764;34.8789;34.504400000000004;35.4864;33.6761;32.912;35.4463;25.636400000000002;25.071;20.7664;34.3408;25.3446;36.664199999999994;34.2165;21.889;25.5574;37.3699;35.022;37.0871;15.9105;32.448;20.573900000000002;42.3606;38.7393;37.3699;42.3606;44.787;40.4557;45.1719;27.6943;35.3595;40.6075;32.448;33.6761;43.6053;39.881;35.4864;42.3;25.3446;41.501;42.3606;44.4206;43.6053;45.1719;43.6731;37.3699;43.6731;56.8771;53.8416;37.3699;38.7519;39.5207;53.6381;44.8838;41.2812;53.5125;50.541199999999996;37.959;51.107;43.6053;43.6731;47.615199999999994;39.2006;55.159699999999994;40.689699999999995;48.7752;65.3019;25.071;52.3615;39.9616;50.8397;56.8771;49.9699;42.6135;42.877199999999995;42.6135;42.2635;55.2576;42.877199999999995;39.9616;53.5125;47.6412;45.5199;45.5199;39.429300000000005;41.1923;44.0125;44.7828;44.7828;39.429300000000005;39.166199999999996;40.677800000000005;42.2635;41.1923;44.0125;39.9616;39.429300000000005;45.5199;40.703;38.2655;54.004400000000004;56.0071;38.530800000000006;57.9758;52.9793;57.9758;47.6412;56.0071;49.3151;48.881099999999996;44.1833;41.1923;52.8539;40.703;71.5523;57.9758;77.3238;58.4724;68.83619999999999;61.0978;64.7632;67.46839999999999;71.5313;54.004400000000004;57.9758;57.9758;81.75189999999999;55.159699999999994;73.83739999999999;63.5255;39.8894;54.019400000000005;39.3046;32.3968;73.928;38.2655;42.1226;39.9769;40.9242;45.5095;34.8789;45.5095;49.13;32.3968;35.4463;23.0217;20.0748;18.6613;20.7664;21.889;20.4808;12.006200000000002;18.479200000000002;9.9267;12.7615;11.3606;0.0;10.444;13.5185;33.6761;40.4557;48.986;27.6943;43.1466;44.787;54.6419;45.420300000000005;41.026300000000006;42.2533;37.0871;39.9135;40.684400000000004;44.4206;42.2533;42.964800000000004;37.0871;41.501;46.9557;40.6075;39.2006;38.7519;34.3408;48.3741;39.2006;37.0871;37.3699;39.9208;37.959;43.6731;56.203300000000006;64.0212;45.4045;52.906800000000004;51.107;38.2655;64.1865;52.5515;53.6381;50.853300000000004;47.370599999999996;52.3615;53.003699999999995;44.0125;45.5199;38.2655;38.2655;41.1923;44.1833;39.429300000000005;41.5794;39.166199999999996;50.853300000000004;39.407599999999995;39.429300000000005;40.703;40.4141;35.4864;44.1833;41.7135;45.9959;39.429300000000005;45.5199;44.1833;39.407599999999995;49.3151;39.429300000000005;39.166199999999996;44.7828;45.5095;47.5839;38.2655;38.2655;64.7632;41.5794
FC Lauenburg 1.;80.75689999999999;80.6331;85.115;83.96560000000001;94.3011;88.48819999999999;89.9235;78.6304;82.34530000000001;82.504;82.58510000000001;70.36510000000001;81.1301;84.76469999999999;49.4365;63.1342;62.272;49.5995;45.4803;46.3969;49.4365;52.123;69.07339999999999;62.272;45.536;50.814;26.368599999999997;31.2867;30.988599999999998;28.911900000000003;31.5018;17.889;20.3863;23.2211;22.2284;30.625;10.444;0.0;9.888399999999999;15.4755;26.354599999999998;44.2279;42.8921;45.9304;50.4209;35.788599999999995;49.9204;45.323;44.9484;45.9304;44.1201;43.356;45.8903;36.080400000000004;35.5151;31.2105;44.784800000000004;35.788599999999995;47.1082;44.6605;32.333;43.0871;47.813900000000004;45.466;51.151300000000006;26.354599999999998;42.8921;31.0179;51.8452;48.223800000000004;47.813900000000004;51.8452;49.2424;44.6577;56.5381;41.534699999999994;45.8035;50.0921;42.8921;44.1201;53.089800000000004;49.3655;45.9304;55.8261;35.788599999999995;55.027;51.8452;53.9051;53.089800000000004;56.5381;57.1991;47.813900000000004;57.1991;69.9224;66.8869;47.813900000000004;54.1104;49.9647;63.1226;59.6487;57.9773;57.773300000000006;60.025800000000004;48.4031;61.8855;53.089800000000004;57.1991;61.1412;49.6446;65.6037;51.1337;63.5631;73.6004;35.5151;62.8055;50.4056;66.349;69.9224;60.4139;53.0575;53.3213;53.0575;52.7075;65.7016;53.3213;50.4056;57.773300000000006;58.085300000000004;55.9639;55.9639;49.8733;51.636300000000006;54.4565;55.226800000000004;55.226800000000004;49.8733;49.6102;51.1218;52.7075;51.636300000000006;54.4565;50.4056;49.8733;55.9639;51.147;48.7095;64.4484;66.45110000000001;48.9748;68.41980000000001;63.423300000000005;68.41980000000001;58.085300000000004;66.45110000000001;59.7591;59.3251;54.627300000000005;51.636300000000006;63.2979;51.147;81.9964;68.41980000000001;87.76780000000001;68.9165;79.2802;71.54180000000001;75.2072;77.91239999999999;81.9753;64.4484;68.41980000000001;68.41980000000001;92.1959;65.6037;84.28139999999999;73.9695;50.333400000000005;64.46340000000001;49.748599999999996;42.840900000000005;82.4743;48.7095;52.5666;50.4209;51.368199999999995;67.0123;45.323;67.0123;70.6328;42.840900000000005;45.8903;38.4182;30.5188;29.1053;31.2105;32.333;30.924799999999998;22.4503;28.923299999999998;20.3707;23.2055;21.8047;10.444;0.0;17.918599999999998;44.1201;44.6577;51.8384;41.534699999999994;52.6312;49.2424;49.0494;55.8217;50.5108;51.7378;51.151300000000006;54.065400000000004;54.4365;53.9051;51.7378;52.449400000000004;51.151300000000006;55.027;56.4403;50.0921;49.6446;54.1104;44.784800000000004;59.3249;49.6446;51.151300000000006;47.813900000000004;54.0728;48.4031;57.1991;71.7125;74.4652;55.8486;57.2284;61.8855;48.7095;74.6305;62.036;63.1226;61.2973;57.8146;62.8055;67.7916;54.4565;55.9639;48.7095;48.7095;51.636300000000006;54.627300000000005;49.8733;52.0235;49.6102;61.2973;49.8516;49.8733;51.147;50.8581;45.9304;54.627300000000005;52.157599999999995;56.4399;49.8733;55.9639;54.627300000000005;49.8516;59.7591;49.8733;49.6102;55.226800000000004;67.0123;58.0279;48.7095;48.7095;75.2072;52.0235
Grünhof-Tesperhude 1.;73.487;73.36319999999999;77.845;76.6956;87.0312;81.2183;82.65360000000001;71.3604;75.0753;75.23410000000001;75.31519999999999;63.0952;73.86019999999999;78.8484;42.166599999999995;54.278800000000004;69.87689999999999;42.3295;38.2104;39.1269;42.166599999999995;44.8531;63.157;69.87689999999999;38.2661;43.544;18.605700000000002;24.0168;22.133200000000002;21.642;23.739;14.683;12.6235;15.4583;13.373;23.355;2.6812;9.888399999999999;0.0;7.734100000000001;18.6132;36.8167;35.4808;38.5192;43.009699999999995;28.3774;42.5092;37.911699999999996;37.5372;38.5192;36.7089;35.9448;38.479099999999995;28.6692;28.1038;22.162;37.373599999999996;28.3774;39.697;37.249300000000005;24.921799999999998;28.26;40.402699999999996;38.0548;40.1199;18.6132;35.4808;23.6067;45.3934;41.7721;40.402699999999996;45.3934;47.8198;43.4885;48.204699999999995;30.396900000000002;38.392300000000006;43.6403;35.4808;36.7089;46.6381;42.9138;38.5192;45.332800000000006;28.3774;44.5338;45.3934;47.4534;46.6381;48.204699999999995;46.7059;40.402699999999996;46.7059;59.9099;56.8744;40.402699999999996;41.784699999999994;42.5534;56.6709;47.916599999999995;44.314;56.545300000000005;53.574;40.991800000000005;54.1398;46.6381;46.7059;50.648;42.2334;58.1925;43.7225;51.808;68.3347;28.1038;55.3943;42.9944;53.8725;59.9099;53.0027;45.646300000000004;45.91;45.646300000000004;45.2963;58.2904;45.91;42.9944;56.545300000000005;50.674;48.552699999999994;48.552699999999994;42.4621;44.2251;47.045300000000005;47.815599999999996;47.815599999999996;42.4621;42.199;43.7106;45.2963;44.2251;47.045300000000005;42.9944;42.4621;48.552699999999994;43.735800000000005;41.298300000000005;57.0372;59.0399;41.5636;61.0086;56.0121;61.0086;50.674;59.0399;52.3479;51.9139;47.2161;44.2251;55.8867;43.735800000000005;74.58510000000001;61.0086;80.3566;61.505199999999995;71.869;64.1306;67.796;70.5012;74.56410000000001;57.0372;61.0086;61.0086;84.7847;58.1925;76.8702;66.5583;42.9222;57.0522;42.3374;35.4296;78.1154;41.298300000000005;45.1554;43.009699999999995;43.957;48.542300000000004;37.911699999999996;48.542300000000004;52.162800000000004;35.4296;38.479099999999995;25.7243;22.7774;21.6941;22.162;24.921799999999998;23.5136;13.4017;21.512;12.629299999999999;15.4641;14.0633;2.7026;9.909799999999999;14.7015;36.7089;43.4885;52.018800000000006;30.396900000000002;46.1794;47.8198;57.674699999999994;48.4531;44.0591;45.2861;40.1199;42.9463;43.7172;47.4534;45.2861;45.9976;40.1199;44.5338;49.9885;43.6403;42.2334;41.784699999999994;37.373599999999996;51.4069;42.2334;40.1199;40.402699999999996;42.9536;40.991800000000005;46.7059;59.2361;67.054;48.4373;55.9396;54.1398;41.298300000000005;67.2193;55.584300000000006;56.6709;53.8861;50.403400000000005;55.3943;56.0365;47.045300000000005;48.552699999999994;41.298300000000005;41.298300000000005;44.2251;47.2161;42.4621;44.612199999999994;42.199;53.8861;42.440400000000004;42.4621;43.735800000000005;43.4469;38.5192;47.2161;44.746300000000005;49.0287;42.4621;48.552699999999994;47.2161;42.440400000000004;52.3479;42.4621;42.199;47.815599999999996;48.542300000000004;50.616699999999994;41.298300000000005;41.298300000000005;67.796;44.612199999999994
Düneberg 2.;65.9349;65.81110000000001;70.29289999999999;69.1435;79.4791;73.6661;75.1014;63.8083;67.5232;67.682;67.763;55.543099999999995;66.30810000000001;69.9427;34.6145;45.7383;47.4499;34.7774;30.6582;31.5748;34.6145;37.3009;54.2513;47.4499;30.713900000000002;35.9919;11.930200000000001;16.464599999999997;17.4305;14.0899;15.8031;14.078299999999999;5.5642;8.3991;8.6703;15.8029;5.0315;15.4755;7.734100000000001;0.0;12.0115;29.0687;27.7329;30.7712;35.2618;20.6294;34.761199999999995;30.1638;29.7892;30.7712;28.960900000000002;28.1968;30.731099999999998;20.921200000000002;20.355900000000002;16.750799999999998;29.6256;20.6294;31.949;29.5013;17.1738;23.8869;32.6547;30.3068;32.371900000000004;12.0115;27.7329;15.8587;37.6455;34.0241;32.6547;37.6455;40.0719;35.7406;40.4567;25.1525;30.644299999999998;35.8924;27.7329;28.960900000000002;38.8901;35.165800000000004;30.7712;37.584900000000005;20.6294;36.7858;37.6455;39.705400000000004;38.8901;40.4567;38.9579;32.6547;38.9579;52.1619;49.126400000000004;32.6547;34.036699999999996;34.8055;48.9229;40.168699999999994;36.566;48.7973;45.8261;33.243900000000004;46.3918;38.8901;38.9579;42.9;34.4854;50.4445;35.9745;44.0601;60.5867;20.355900000000002;47.646300000000004;35.2464;46.1246;52.1619;45.2547;37.898300000000006;38.162099999999995;37.898300000000006;37.548300000000005;50.5424;38.162099999999995;35.2464;48.7973;42.9261;40.8047;40.8047;34.7141;36.4771;39.2973;40.0676;40.0676;34.7141;34.451;35.9626;37.548300000000005;36.4771;39.2973;35.2464;34.7141;40.8047;35.9878;33.5503;49.289300000000004;51.2919;33.815599999999996;53.2607;48.2641;53.2607;42.9261;51.2919;44.5999;44.1659;39.4681;36.4771;48.1387;35.9878;66.8372;53.2607;72.60860000000001;53.7573;64.121;56.3826;60.048;62.7532;66.8161;49.289300000000004;53.2607;53.2607;77.0367;50.4445;69.12219999999999;58.810300000000005;35.1742;49.304300000000005;34.589400000000005;27.6817;69.21289999999999;33.5503;37.4074;35.2618;36.209;40.7943;30.1638;40.7943;44.4149;27.6817;30.731099999999998;19.1226;15.3597;13.9461;16.750799999999998;17.1738;15.765600000000001;7.990600000000001;13.764100000000001;5.2115;8.0463;7.461600000000001;5.0935;15.5375;14.181;28.960900000000002;35.7406;44.2708;25.1525;38.4315;40.0719;49.9267;40.7051;36.311099999999996;37.5381;32.371900000000004;35.1983;35.969199999999994;39.705400000000004;37.5381;38.2496;32.371900000000004;36.7858;42.2406;35.8924;34.4854;34.036699999999996;29.6256;43.6589;34.4854;32.371900000000004;32.6547;35.2057;33.243900000000004;38.9579;51.488099999999996;59.306;40.6894;48.1917;46.3918;33.5503;59.4713;47.8363;48.9229;46.1381;42.6554;47.646300000000004;48.288599999999995;39.2973;40.8047;33.5503;33.5503;36.4771;39.4681;34.7141;36.8643;34.451;46.1381;34.6924;34.7141;35.9878;35.6989;30.7712;39.4681;36.998400000000004;41.280699999999996;34.7141;40.8047;39.4681;34.6924;44.5999;34.7141;34.451;40.0676;40.7943;42.8687;33.5503;33.5503;60.048;36.8643
Aumühle 3.;61.9373;61.8135;66.2953;65.1459;75.4815;69.66860000000001;71.1039;64.8775;64.4655;63.684400000000004;63.0092;51.5455;62.3105;69.4458;34.117599999999996;45.2415;46.9531;34.2806;30.1614;31.078;34.117599999999996;36.8041;53.7545;46.9531;30.2171;35.495;0.0;17.1397;24.439700000000002;13.413799999999998;9.669799999999999;14.7173;8.517299999999999;9.6595;15.6795;15.3178;15.9105;26.354599999999998;18.6132;12.0115;0.0;33.171099999999996;29.5865;26.7923;39.3641;18.1597;38.8636;34.2661;33.8916;26.7923;20.4513;32.299099999999996;34.8335;24.2943;17.8861;24.4694;22.3905;18.1597;27.522299999999998;14.7542;16.0333;12.2346;27.6889;25.511;24.5778;0.0;29.5865;19.2318;25.2717;21.6504;27.6889;25.2717;17.8446;17.4945;29.3749;14.3715;21.9174;23.5186;29.5865;20.4513;26.5164;22.792099999999998;26.7923;29.252599999999997;18.1597;28.4535;25.2717;27.3317;26.5164;29.3749;30.6256;27.6889;30.6256;43.3489;40.3135;27.6889;27.537;29.7426;36.5492;33.075300000000006;31.4039;35.9452;33.4523;27.933799999999998;34.7224;26.5164;30.6256;34.567800000000005;29.090400000000002;47.6006;33.1306;36.9897;47.027;17.8861;45.711;33.006;39.7755;43.3489;42.343199999999996;34.3321;33.1629;34.3321;34.7044;47.6985;33.1629;33.006;35.9452;40.6856;37.960800000000006;37.960800000000006;31.8702;33.633199999999995;36.104;37.8272;37.8272;31.8702;31.6071;33.1187;34.7044;33.633199999999995;36.104;33.006;31.8702;37.960800000000006;33.606199999999994;31.269;47.0488;48.448;30.971700000000002;51.020199999999996;45.420199999999994;51.020199999999996;40.6856;48.448;42.3595;41.9255;37.2277;33.633199999999995;45.898300000000006;33.606199999999994;63.993199999999995;51.020199999999996;69.76469999999999;50.9133;61.2771;53.538599999999995;57.2041;64.1537;63.972199999999994;47.0488;51.020199999999996;51.020199999999996;74.1928;47.6006;66.2783;56.569900000000004;39.2766;53.4066;38.6917;31.784;73.31519999999999;31.269;41.509800000000006;39.3641;40.3113;44.896699999999996;34.2661;44.896699999999996;48.517199999999995;31.784;34.8335;9.699;9.6706;10.7259;24.4694;16.0333;13.300600000000001;15.709200000000001;17.128700000000002;8.539299999999999;9.673399999999999;6.1111;15.9246;26.368599999999997;14.7426;20.4513;17.4945;30.0103;14.3715;26.0577;17.8446;27.221400000000003;28.6585;23.9374;25.1644;24.5778;27.492;27.8631;27.3317;25.1644;25.8759;24.5778;28.4535;29.8669;23.5186;29.090400000000002;27.537;22.3905;32.1617;29.090400000000002;24.5778;27.6889;27.499299999999998;27.933799999999998;30.6256;45.1391;56.0471;36.6834;35.4003;34.7224;31.269;48.4182;35.4626;36.5492;43.2942;38.6494;45.711;41.218199999999996;36.104;37.960800000000006;31.269;31.269;33.633199999999995;37.2277;31.8702;34.020300000000006;31.6071;43.2942;31.8485;31.8702;33.606199999999994;32.855;26.7923;37.2277;34.758;39.0403;31.8702;37.960800000000006;37.2277;31.8485;42.3595;31.8702;31.6071;37.8272;44.896699999999996;40.024800000000006;31.269;31.269;57.2041;34.020300000000006
Einigkeit 2.;42.0975;41.973699999999994;46.4556;45.3062;55.6418;49.8288;51.2641;41.4979;45.2128;43.8446;43.9257;31.7057;42.470699999999994;36.476699999999994;8.408100000000001;12.1165;14.0836;8.571;0.0;1.8157999999999999;8.408100000000001;11.0446;34.137;14.0836;3.0564;9.7355;33.171099999999996;16.811799999999998;27.761;20.5025;20.5499;43.9515;28.7387;23.2233;26.7789;18.1655;33.7839;44.2279;36.8167;29.0687;33.171099999999996;0.0;7.2115;8.691600000000001;9.018600000000001;15.469;8.3949;1.6320999999999999;3.6644;8.691600000000001;16.157899999999998;4.4903;2.9116;14.7524;15.1955;29.117;13.0765;15.469;8.9512;16.6983;18.389599999999998;20.6948;10.575;11.8381;10.6814;30.1614;7.2115;18.5713;17.74;16.8625;10.575;17.74;27.2688;18.5789;19.9953;24.480700000000002;13.815100000000001;14.6981;7.2115;16.157899999999998;12.6518;18.0042;8.691600000000001;14.495;15.469;13.952200000000001;17.74;16.1698;12.6518;19.9953;16.124299999999998;10.575;16.124299999999998;30.0822;27.0467;10.575;11.957;12.7258;24.9237;18.089;14.4863;26.4742;23.980400000000003;11.164200000000001;23.958599999999997;12.6518;16.124299999999998;20.106099999999998;12.405700000000001;30.8779;13.8948;21.980400000000003;41.0201;15.1955;28.0797;13.166799999999999;24.044900000000002;30.0822;25.6881;15.8186;16.0824;15.8186;15.4686;30.9758;16.0824;13.166799999999999;26.4742;19.734099999999998;21.2707;21.2707;12.6344;14.3974;17.217599999999997;17.5136;17.5136;12.6344;12.3714;13.883;15.4686;14.3974;17.217599999999997;13.166799999999999;12.6344;21.2707;13.908100000000001;11.470600000000001;26.0973;31.7253;11.735899999999999;30.0687;23.7031;30.0687;19.734099999999998;31.7253;21.408;21.5296;16.2762;14.3974;25.6573;13.908100000000001;41.613099999999996;30.0687;53.042;34.190599999999996;44.5544;33.8489;40.4814;40.271800000000006;47.2495;26.0973;30.0687;30.0687;57.470099999999995;30.8779;49.5556;36.328900000000004;8.808;21.6174;8.2231;3.9751;35.8994;11.470600000000001;11.164200000000001;9.018600000000001;9.8427;14.5269;1.6320999999999999;14.5269;18.1474;3.9751;2.9116;26.3258;21.7502;23.080099999999998;29.117;18.389599999999998;18.904400000000003;28.0758;22.4348;29.9898;24.533099999999997;35.4036;35.036300000000004;45.4803;44.7857;16.157899999999998;18.5789;27.1092;24.480700000000002;18.526;27.2688;37.123599999999996;23.5435;14.6752;20.3765;10.6814;13.506;13.464799999999999;16.1698;20.3765;10.914399999999999;10.6814;13.952200000000001;20.0441;14.6981;12.405700000000001;11.957;13.0765;21.3358;12.405700000000001;10.6814;10.575;13.598700000000001;11.164200000000001;16.124299999999998;31.0748;39.7394;18.6097;26.233;23.958599999999997;11.470600000000001;39.9047;25.5132;24.9237;26.5715;25.185299999999998;28.0797;26.2089;17.217599999999997;21.2707;11.470600000000001;11.470600000000001;14.3974;16.2762;12.6344;14.784600000000001;12.3714;26.5715;12.6127;12.6344;13.908100000000001;13.619200000000001;8.691600000000001;16.2762;16.0561;18.021099999999997;12.6344;21.2707;16.2762;12.6127;21.408;12.6344;12.3714;17.5136;14.5269;19.609599999999997;11.470600000000001;11.470600000000001;40.4814;14.784600000000001
Lorbeer 1.;37.701;37.5771;42.059;40.9096;51.2452;45.432199999999995;46.8675;35.9284;39.6433;39.448;39.5291;27.309099999999997;38.0741;50.038199999999996;13.7047;25.8339;17.6675;13.8676;7.2115;6.6987;13.7047;16.3412;34.3469;17.6675;10.8095;15.0321;29.5865;15.476;21.021;19.166700000000002;16.9022;40.3669;27.4028;21.8875;25.443099999999998;14.1579;32.448;42.8921;35.4808;27.7329;29.5865;7.2115;0.0;3.2694;14.7942;11.089;14.1705;7.6773;7.3028;3.2694;7.8899;6.685;11.272;9.447;10.8155;20.6367;6.3508000000000004;11.089;2.985;12.318299999999999;14.0096;16.314799999999998;5.7017;5.8718;4.7151000000000005;25.7814;0.0;15.8189;14.3495;10.728200000000001;5.7017;14.3495;22.8888;12.444600000000001;15.122;20.1007;7.089300000000001;9.173399999999999;0.0;7.8899;7.4431;11.8699;3.2694;9.6217;11.089;9.078899999999999;14.3495;11.2964;7.4431;15.122;11.251;5.7017;11.251;25.2089;22.1734;5.7017;7.083699999999999;7.852399999999999;20.0503;13.2156;9.613;21.600900000000003;19.107;6.2908;19.0853;7.4431;11.251;15.232700000000001;7.5324;23.4994;9.029399999999999;17.107;33.6416;10.8155;20.7012;8.3013;19.1715;25.2089;18.3096;10.9532;11.209;10.9532;10.6031;23.5972;11.209;8.3013;21.600900000000003;15.9809;13.8596;13.8596;7.7688999999999995;9.532;12.3521;13.1225;13.1225;7.7688999999999995;7.5059;9.0175;10.6031;9.532;12.3521;8.3013;7.7688999999999995;13.8596;9.0426;6.6052;22.344099999999997;24.346799999999998;6.8705;26.3155;21.319;26.3155;15.9809;24.346799999999998;17.654799999999998;17.2208;12.523;9.532;21.1936;9.0426;39.892;26.3155;45.6635;26.812099999999997;37.1759;29.4374;33.1029;35.808099999999996;39.871;22.344099999999997;26.3155;26.3155;50.0916;23.4994;42.177;31.8652;14.5835;25.9636;13.998700000000001;3.9852;49.753699999999995;6.6052;16.939799999999998;14.7942;15.6183;20.302400000000002;7.6773;20.302400000000002;23.923;3.9852;11.272;21.9458;17.3702;20.327599999999997;20.6367;14.0096;14.5244;25.323400000000003;19.682299999999998;27.2374;21.7806;32.6511;32.2838;42.7278;40.405699999999996;7.8899;12.444600000000001;20.9749;20.1007;15.1355;22.8888;32.743700000000004;17.409200000000002;9.1506;14.2422;4.7151000000000005;8.632700000000002;8.5915;11.2964;14.2422;5.8873;4.7151000000000005;9.078899999999999;15.1708;9.173399999999999;7.5324;7.083699999999999;6.3508000000000004;16.462400000000002;7.5324;4.7151000000000005;5.7017;8.4261;6.2908;11.251;24.5351;32.3609;13.744200000000001;21.3597;19.0853;6.6052;32.5262;20.6398;20.0503;19.193;15.7102;20.7012;21.3355;12.3521;13.8596;6.6052;6.6052;9.532;12.523;7.7688999999999995;9.9191;7.5059;19.193;7.7473;7.7688999999999995;9.0426;8.7538;3.2694;12.523;10.0532;14.335600000000001;7.7688999999999995;13.8596;12.523;7.7473;17.654799999999998;7.7688999999999995;7.5059;13.1225;20.302400000000002;15.9235;6.6052;6.6052;33.1029;9.9191
HafenCity 2.;35.7021;35.578300000000006;40.0601;38.9107;49.246300000000005;43.4333;44.8687;33.9065;37.6214;37.4492;37.530300000000004;25.310299999999998;36.075300000000006;51.5183;15.184700000000001;27.3139;19.1475;15.347700000000001;8.691600000000001;8.1787;15.184700000000001;17.8212;35.827;19.1475;12.2895;16.5122;26.7923;18.5143;29.4635;16.9916;21.0363;37.5727;30.441200000000002;24.9258;28.4814;13.866;35.4864;45.9304;38.5192;30.7712;26.7923;8.691600000000001;3.2694;0.0;14.8176;10.6618;14.1939;7.7008;7.3262;0.0;8.2128;6.708399999999999;11.295399999999999;11.5647;10.388200000000001;29.8765;6.6737;10.6618;3.1435;11.8802;13.5823;17.9324;2.8143000000000002;5.4353;4.3744;27.2516;3.1838;16.2401;9.9792;9.434700000000001;2.8143000000000002;9.9792;20.002;11.151200000000001;12.2346;17.2446;7.4123;6.9373000000000005;3.1838;8.2128;4.891;10.5764;0.0;6.7343;10.6618;6.1915;9.9792;8.409;4.891;12.2346;8.3636;2.8143000000000002;8.3636;22.3215;19.286;2.8143000000000002;4.1963;4.965;17.1629;10.3282;6.7256;18.7135;16.2196;3.4034;16.1978;4.891;8.3636;12.3453;4.645;21.4117;6.9417;14.2196;31.554;10.388200000000001;18.613599999999998;6.2137;16.2841;22.3215;16.222;8.8656;8.3216;8.8656;8.5155;21.5096;8.3216;6.2137;18.7135;13.8933;11.772;11.772;5.6813;7.4444;10.2645;11.0349;11.0349;5.6813;5.4183;6.9299;8.5155;7.4444;10.2645;6.2137;5.6813;11.772;6.955;4.5175;20.2565;22.2592;4.7829;24.2279;19.2313;24.2279;13.8933;22.2592;15.567200000000001;15.1332;10.4354;7.4444;19.106;6.955;37.8044;24.2279;43.575900000000004;24.7245;35.088300000000004;27.3498;31.0153;33.7205;37.783300000000004;20.2565;24.2279;24.2279;48.0039;21.4117;40.089400000000005;29.7776;14.607;25.987;14.0221;4.0085999999999995;49.7771;4.5175;16.9633;14.8176;15.6417;20.3259;7.7008;20.3259;23.9464;4.0085999999999995;11.295399999999999;19.0897;20.7205;18.2535;29.8765;13.5823;14.097100000000001;28.8353;23.194200000000002;30.749299999999998;25.2925;30.7428;35.7957;46.2398;37.5496;8.2128;11.151200000000001;16.994;17.2446;10.7652;20.002;29.856900000000003;16.1157;6.9144;12.9487;4.3744;5.7452;5.7041;8.409;12.9487;3.1536999999999997;4.3744;6.1915;12.283299999999999;6.9373000000000005;4.645;4.1963;6.6737;13.575;4.645;4.3744;2.8143000000000002;5.837899999999999;3.4034;8.3636;21.647599999999997;30.2733;11.656600000000001;18.4723;16.1978;4.5175;30.438599999999997;17.7524;17.1629;17.105400000000003;13.6226;18.613599999999998;18.4481;10.2645;11.772;4.5175;4.5175;7.4444;10.4354;5.6813;7.8315;5.4183;17.105400000000003;5.6597;5.6813;6.955;6.6662;0.0;10.4354;7.9656;12.248;5.6813;11.772;10.4354;5.6597;15.567200000000001;5.6813;5.4183;11.0349;20.3259;13.835899999999999;4.5175;4.5175;31.0153;7.8315
Bostelbek 2.;45.5715;45.4477;49.9295;48.7801;59.1157;53.302800000000005;54.738099999999996;41.2488;44.963800000000006;47.318599999999996;47.399699999999996;35.1797;45.9447;21.356900000000003;2.6184000000000003;5.6442;14.02;3.6551;9.018600000000001;8.0909;2.6184000000000003;2.4844;24.2683;14.02;7.6168000000000005;1.743;39.3641;23.0048;33.954;26.6955;26.742900000000002;50.1445;34.9317;29.4163;32.9719;24.3585;39.9769;50.4209;43.009699999999995;35.2618;39.3641;9.018600000000001;14.7942;14.8176;0.0;19.9076;3.3903000000000003;8.1011;9.5308;15.6171;20.5965;11.415799999999999;7.4201999999999995;19.190900000000003;19.6341;33.5556;21.2611;19.9076;15.8768;21.1369;22.828200000000002;25.1334;17.5006;18.7636;17.606900000000003;34.6;14.1371;23.009900000000002;29.281;25.659599999999998;17.5006;29.281;31.7074;27.376099999999997;32.0922;28.9193;22.279799999999998;27.527900000000002;14.1371;20.5965;19.5773;26.801299999999998;15.6171;21.4206;19.9076;20.8778;29.281;23.095299999999998;19.5773;32.0922;23.0499;17.5006;23.0499;43.1729;33.5534;17.5006;18.8826;19.6513;35.276;25.0145;21.411900000000003;33.399800000000006;37.658300000000004;18.0897;30.8841;19.5773;23.0499;34.056599999999996;19.3313;31.581599999999998;22.5307;32.620400000000004;41.7239;19.6341;28.7835;18.7177;28.494799999999998;43.1729;26.3919;23.204900000000002;26.0244;23.204900000000002;21.5839;31.6795;26.0244;18.7177;33.399800000000006;20.437900000000003;21.9745;21.9745;20.8848;23.2347;21.644099999999998;18.2174;18.2174;20.8848;21.660700000000002;20.5537;21.5839;23.2347;21.644099999999998;18.7177;20.8848;21.9745;19.0913;18.3962;26.801099999999998;32.4291;21.608;30.7725;24.4069;30.7725;20.437900000000003;32.4291;22.1118;22.233400000000003;16.98;23.2347;26.361099999999997;19.0913;42.316900000000004;30.7725;53.7458;34.894400000000005;45.258199999999995;34.552699999999994;41.185199999999995;40.9756;47.953300000000006;26.801099999999998;30.7725;30.7725;58.1739;31.581599999999998;50.2593;37.0327;3.8033;22.4771;3.2185;10.9007;20.8442;18.3962;2.4844;0.0;3.5197;6.0981000000000005;8.1011;6.0981000000000005;9.7186;10.9007;7.4201999999999995;30.764400000000002;26.1888;27.5187;33.5556;22.828200000000002;23.343;32.5144;26.8734;34.4284;28.971700000000002;39.8421;39.4749;49.9189;49.2243;20.5965;27.376099999999997;35.9063;28.9193;30.067;31.7074;41.5622;32.3406;27.9467;29.173599999999997;17.606900000000003;20.4315;20.390400000000003;23.095299999999998;29.173599999999997;17.84;17.606900000000003;20.8778;26.9696;27.527900000000002;19.3313;18.8826;21.2611;28.2613;19.3313;17.606900000000003;17.5006;20.5242;18.0897;23.0499;31.778599999999997;40.4432;26.924;33.1586;30.8841;18.3962;40.6085;38.687;35.276;27.275299999999998;25.8891;28.7835;34.9088;21.644099999999998;21.9745;18.3962;18.3962;23.2347;16.98;20.8848;23.7183;21.660700000000002;27.275299999999998;21.6687;20.8848;19.0913;20.8736;15.6171;16.98;16.759900000000002;18.7249;20.8848;21.9745;16.98;21.6687;22.1118;20.8848;21.660700000000002;18.2174;6.0981000000000005;20.3134;18.3962;18.3962;41.185199999999995;23.7183
MSV Hamburg 3.;46.0086;45.884699999999995;50.3666;49.2172;59.552800000000005;53.7398;55.1751;44.236;47.950900000000004;47.7556;47.8367;35.616699999999994;46.381699999999995;54.7534;19.4252;30.5491;32.2607;19.5882;15.469;16.3856;19.4252;22.1117;39.0621;32.2607;15.524700000000001;20.8027;18.1597;8.383299999999998;19.3729;9.4221;9.040799999999999;35.802;14.6464;13.327399999999999;16.883;6.2965;25.3446;35.788599999999995;28.3774;20.6294;18.1597;15.469;11.089;10.6618;19.9076;0.0;19.862;15.2645;14.89;10.229899999999999;3.6269;13.297600000000001;15.8319;6.533;0.9176;19.3918;4.370100000000001;0.0;8.457600000000001;6.793;5.7695;8.746;12.0996;6.8153999999999995;8.8805;18.2126;10.521799999999999;8.427299999999999;14.9372;11.3158;12.0996;14.9372;17.363599999999998;13.0323;17.7484;9.5647;5.0385;13.1841;10.521799999999999;3.6269;11.5048;12.4575;10.229899999999999;14.093399999999999;0.0;13.2944;14.9372;16.9971;11.5048;17.7484;15.4665;12.0996;15.4665;28.189799999999998;25.1543;12.0996;12.9167;14.2503;24.226200000000002;17.9161;16.0108;26.089;23.1178;12.6887;23.6835;11.5048;15.4665;19.4086;13.930299999999999;31.6417;17.1717;21.8305;31.8678;0.9176;28.8435;16.4436;24.616400000000002;28.189799999999998;26.451900000000002;19.0955;17.606900000000003;19.0955;18.7455;31.7396;17.606900000000003;16.4436;26.089;24.1232;22.001900000000003;22.001900000000003;15.911299999999999;17.6743;20.4945;21.2648;21.2648;15.911299999999999;15.648200000000001;17.1598;18.7455;17.6743;20.4945;16.4436;15.911299999999999;22.001900000000003;17.185;14.7475;30.4864;32.4891;15.012799999999999;34.457800000000006;29.461299999999998;34.457800000000006;24.1232;32.4891;25.797099999999997;25.3631;20.6653;17.6743;29.335900000000002;17.185;48.0344;34.457800000000006;53.805800000000005;34.9545;45.3182;37.579800000000006;41.2452;43.9504;48.0133;30.4864;34.457800000000006;34.457800000000006;58.2339;31.6417;50.3194;40.0075;20.275;34.405;19.6902;12.782399999999999;54.3136;14.7475;22.508200000000002;20.3625;21.3098;25.8951;15.2645;25.8951;29.5156;12.782399999999999;15.8319;16.4205;9.1302;10.440700000000001;19.3918;5.7695;6.2844;16.9136;12.7095;14.6899;13.3708;19.154700000000002;25.6994;36.1434;34.8805;3.6269;13.0323;21.5625;9.5647;15.7232;17.363599999999998;27.218400000000003;17.9968;13.602799999999998;14.829799999999999;8.8805;11.7069;12.477799999999998;16.9971;14.829799999999999;11.0711;8.8805;13.2944;19.5323;13.1841;13.930299999999999;12.9167;4.370100000000001;20.950599999999998;13.930299999999999;8.8805;12.0996;11.7142;12.6887;15.4665;29.9799;40.5032;21.0989;25.483400000000003;23.6835;14.7475;40.6685;25.128;24.226200000000002;27.3353;23.0649;28.8435;26.059;20.4945;22.001900000000003;14.7475;14.7475;17.6743;20.6653;15.911299999999999;18.0615;15.648200000000001;27.3353;15.8896;15.911299999999999;17.185;16.896099999999997;10.229899999999999;20.6653;18.1956;22.4779;15.911299999999999;22.001900000000003;20.6653;15.8896;25.797099999999997;15.911299999999999;15.648200000000001;21.2648;25.8951;24.065900000000003;14.7475;14.7475;41.2452;18.0615
Mesopotamien 2.;51.5697;51.4459;55.927800000000005;54.778400000000005;65.1139;59.301;60.7363;47.247099999999996;50.962;53.3168;53.3979;41.1779;51.9429;29.2353;0.7797000000000001;4.828;20.0182;1.4249;8.3949;8.3546;0.7797000000000001;5.0339;21.4372;20.0182;6.9932;3.7248;38.8636;22.5043;33.4535;26.195;26.2424;49.6439;34.4311;28.9158;32.4714;23.8579;39.4764;49.9204;42.5092;34.761199999999995;38.8636;8.3949;14.1705;14.1939;3.3903000000000003;19.862;0.0;8.424;9.8537;14.6646;19.5939;10.463299999999998;6.4677;18.1884;18.6315;32.5531;20.258599999999998;18.905099999999997;14.9242;20.1343;21.825599999999998;24.1309;16.548;17.8111;16.654400000000003;33.5974;13.1845;22.0074;28.2784;24.6571;16.548;28.2784;30.7048;26.3736;31.0897;27.9168;21.2773;26.525299999999998;13.1845;19.5939;18.6248;25.7988;14.6646;20.468;18.905099999999997;19.9252;28.2784;22.142799999999998;18.6248;31.0897;22.0973;16.548;22.0973;45.9223;36.302800000000005;16.548;17.93;18.6988;30.8967;24.062;20.4593;32.4472;29.9533;17.1372;29.9316;18.6248;22.0973;26.079099999999997;18.378700000000002;34.331;19.8678;27.953400000000002;44.4732;18.6315;31.532799999999998;19.1398;31.2442;45.9223;29.141299999999998;21.7916;22.055400000000002;21.7916;24.3332;34.4289;22.055400000000002;19.1398;32.4472;23.1873;24.7239;24.7239;18.607400000000002;20.3704;24.3935;20.9668;20.9668;18.607400000000002;18.3444;19.856;24.3332;20.3704;24.3935;19.1398;18.607400000000002;24.7239;21.840700000000002;17.4436;29.5505;35.1784;17.7089;33.5219;27.156299999999998;33.5219;23.1873;35.1784;24.861099999999997;24.9827;19.7293;20.3704;29.1105;21.840700000000002;45.066300000000005;33.5219;56.4952;37.643800000000006;48.0076;37.302;43.934599999999996;43.725;50.7026;29.5505;33.5219;33.5219;60.923199999999994;34.331;53.0087;39.782;1.5458;25.2265;0.7797000000000001;9.9481;28.4633;17.4436;5.1176;2.972;2.4067;8.8474;8.424;8.8474;12.468;9.9481;6.4677;29.7618;25.1863;26.516099999999998;32.5531;21.825599999999998;22.340400000000002;31.5119;25.8708;33.4258;27.969099999999997;38.8396;38.472300000000004;48.9163;48.2218;19.5939;26.3736;34.903800000000004;27.9168;29.064400000000003;30.7048;40.5597;31.338099999999997;26.9441;28.1711;16.654400000000003;19.479;19.4378;22.142799999999998;28.1711;16.887400000000003;16.654400000000003;19.9252;26.0171;26.525299999999998;18.378700000000002;17.93;20.258599999999998;27.308799999999998;18.378700000000002;16.654400000000003;16.548;19.5717;17.1372;22.0973;34.528;43.1925;29.6734;32.206;29.9316;17.4436;43.357800000000005;31.4862;30.8967;30.0246;28.6385;31.532799999999998;37.658199999999994;24.3935;24.7239;17.4436;17.4436;20.3704;19.7293;18.607400000000002;20.7576;18.3444;30.0246;18.5857;18.607400000000002;21.840700000000002;19.592200000000002;14.6646;19.7293;19.5093;21.4742;18.607400000000002;24.7239;19.7293;18.5857;24.861099999999997;18.607400000000002;18.3444;20.9668;8.8474;23.0627;17.4436;17.4436;43.934599999999996;20.7576
RW Wilhelmsburg 3.;44.277;44.1532;48.635;47.485699999999994;57.8212;52.008300000000006;53.443599999999996;39.9399;43.6548;46.0241;46.105199999999996;33.8852;44.6502;28.7125;8.9442;12.6526;12.5257;9.1071;1.6320999999999999;0.0;8.9442;10.305200000000001;32.1645;12.5257;3.8421999999999996;8.9962;34.2661;17.9068;28.856099999999998;21.5975;21.6449;45.0465;29.8337;24.3184;27.873900000000003;19.2605;34.8789;45.323;37.911699999999996;30.1638;34.2661;1.6320999999999999;7.6773;7.7008;8.1011;15.2645;8.424;0.0;2.262;8.1787;17.0745;4.682300000000001;3.8567;15.668899999999999;16.112;30.0336;12.563600000000001;16.3856;8.4384;17.614900000000002;19.306099999999997;21.6114;10.0622;11.3252;10.1685;31.078;6.6987;19.4879;17.2271;16.3496;10.0622;17.2271;28.1854;18.0661;19.4825;25.397299999999998;13.302200000000001;14.1852;6.6987;17.0745;12.1389;17.4913;8.1787;13.9822;16.3856;13.4394;17.2271;15.6569;12.1389;19.4825;15.6115;10.0622;15.6115;41.0667;31.4473;10.0622;11.4442;12.2129;24.4108;17.5761;13.9735;25.9614;23.4675;10.651299999999999;23.445700000000002;12.1389;15.6115;19.5932;11.8929;29.4755;13.382;21.4675;39.6177;16.112;26.6773;12.6539;26.3886;41.0667;24.285700000000002;15.3058;15.5695;15.3058;19.477700000000002;29.573400000000003;15.5695;12.6539;25.9614;18.3317;19.868299999999998;19.868299999999998;12.1216;13.8846;19.5379;16.1112;16.1112;12.1216;11.8585;13.3701;19.477700000000002;13.8846;19.5379;12.6539;12.1216;19.868299999999998;13.3952;10.957799999999999;24.6949;30.3229;11.2231;28.6663;22.3007;28.6663;18.3317;30.3229;20.005599999999998;20.127200000000002;14.8738;13.8846;24.254900000000003;13.3952;40.210699999999996;28.6663;51.6396;32.788199999999996;43.152;32.4465;39.079;38.8694;45.8471;24.6949;28.6663;28.6663;56.067699999999995;29.4755;48.1532;34.9265;8.7676;20.215;8.1828;3.6264000000000003;28.1591;10.957799999999999;10.2871;8.0909;9.8024;13.4152;0.0;13.4152;17.0335;3.6264000000000003;3.8567;27.2423;22.6668;23.996599999999997;30.0336;19.306099999999997;19.8209;28.9924;23.3513;30.9064;25.4496;36.3201;35.9528;46.3969;45.7023;17.0745;18.0661;26.5963;25.397299999999998;18.013099999999998;28.1854;38.0402;23.0306;14.1624;19.863599999999998;10.1685;12.9931;12.952;15.6569;19.863599999999998;10.4016;10.1685;13.4394;19.531200000000002;14.1852;11.8929;11.4442;12.563600000000001;20.8229;11.8929;10.1685;10.0622;13.085799999999999;10.651299999999999;15.6115;29.672400000000003;38.337;18.096799999999998;25.720200000000002;23.445700000000002;10.957799999999999;38.502300000000005;25.0003;24.4108;25.1691;23.7829;26.6773;25.696;19.5379;19.868299999999998;10.957799999999999;10.957799999999999;13.8846;14.8738;12.1216;14.271700000000001;11.8585;25.1691;12.0999;12.1216;13.3952;13.106399999999999;8.1787;14.8738;14.6537;16.6187;12.1216;19.868299999999998;14.8738;12.0999;20.005599999999998;12.1216;11.8585;16.1112;13.4152;18.2072;10.957799999999999;10.957799999999999;39.079;14.271700000000001
FC Türkiye 2.;43.8044;43.6806;48.1624;47.013;57.3486;51.5357;52.971;39.4673;43.182199999999995;45.5515;45.6326;33.4126;44.1776;28.239900000000002;10.373899999999999;14.0823;12.0531;10.5368;3.6644;2.262;10.373899999999999;11.9342;34.8574;12.0531;5.8746;10.4259;33.8916;17.5323;28.4815;21.223;21.270400000000002;44.6719;29.4591;23.9438;27.4994;18.885900000000003;34.504400000000004;44.9484;37.5372;29.7892;33.8916;3.6644;7.3028;7.3262;9.5308;14.89;9.8537;2.262;0.0;8.169;17.064700000000002;4.6725;5.7184;15.6592;16.1023;30.0239;12.5539;16.375799999999998;8.428700000000001;17.6051;19.296400000000002;21.601599999999998;10.0525;11.3155;10.1588;31.0682;6.688899999999999;19.478099999999998;17.2174;16.3399;10.0525;17.2174;28.1756;18.0564;19.4727;25.3875;13.2925;14.1755;6.688899999999999;17.064700000000002;12.1292;17.4816;8.169;13.9724;16.375799999999998;13.4297;17.2174;15.647200000000002;12.1292;19.4727;15.601799999999999;10.0525;15.601799999999999;41.237199999999994;26.5242;10.0525;11.4344;12.2032;24.4011;17.5664;13.963700000000001;25.9516;23.4578;10.6416;23.436;12.1292;15.601799999999999;19.5835;11.8832;29.646;13.372200000000001;21.4578;39.788199999999996;16.1023;26.8478;12.644200000000001;26.5592;41.237199999999994;24.4562;15.296100000000001;15.5598;15.296100000000001;14.946;29.7439;15.5598;12.644200000000001;25.9516;18.502299999999998;20.0389;20.0389;12.111799999999999;13.874799999999999;19.7084;16.2818;16.2818;12.111799999999999;11.848799999999999;13.3604;14.946;13.874799999999999;19.7084;12.644200000000001;12.111799999999999;20.0389;13.3855;10.948;24.8655;30.4934;11.2134;28.8369;22.4712;28.8369;18.502299999999998;30.4934;20.176099999999998;20.2977;15.0443;13.874799999999999;24.4255;13.3855;40.3813;28.8369;51.8101;32.958800000000004;43.3225;32.617;39.2495;39.0399;46.0176;24.8655;28.8369;28.8369;56.2382;29.646;48.323699999999995;35.097;10.5747;20.3855;9.9899;3.6167;28.3296;10.948;12.5701;10.7853;11.6095;13.585700000000001;1.8557000000000001;13.585700000000001;17.204;3.6167;5.7184;27.232599999999998;22.6571;23.986900000000002;30.0239;19.296400000000002;19.8112;28.9827;23.3416;30.8966;25.4399;36.3104;35.9431;46.3871;45.6926;17.064700000000002;18.0564;26.586599999999997;25.3875;18.003400000000003;28.1756;38.0305;23.0209;14.1526;19.853900000000003;10.1588;12.9834;12.9423;15.647200000000002;19.853900000000003;10.3918;10.1588;13.4297;19.5215;14.1755;11.8832;11.4344;12.5539;20.813200000000002;11.8832;10.1588;10.0525;13.0761;10.6416;15.601799999999999;29.843;38.5075;18.0871;25.7104;23.436;10.948;38.6728;24.990599999999997;24.4011;25.339599999999997;23.9535;26.8478;25.6863;19.7084;20.0389;10.948;10.948;13.874799999999999;15.0443;12.111799999999999;14.262;11.848799999999999;25.339599999999997;12.090200000000001;12.111799999999999;13.3855;13.0967;8.169;15.0443;14.824200000000001;16.7892;12.111799999999999;20.0389;15.0443;12.090200000000001;20.176099999999998;12.111799999999999;11.848799999999999;16.2818;13.585700000000001;18.3777;10.948;10.948;39.2495;14.262
Störtebeker SV 1.;35.7021;35.578300000000006;40.0601;38.9107;49.246300000000005;43.4333;44.8687;33.9065;37.6214;37.4492;37.530300000000004;25.310299999999998;36.075300000000006;51.5183;15.184700000000001;27.3139;19.1475;15.347700000000001;8.691600000000001;8.1787;15.184700000000001;17.8212;35.827;19.1475;12.2895;16.5122;26.7923;18.5143;29.4635;16.9916;21.0363;37.5727;30.441200000000002;24.9258;28.4814;13.866;35.4864;45.9304;38.5192;30.7712;26.7923;8.691600000000001;3.2694;0.0;15.6171;10.229899999999999;14.6646;8.1787;8.169;0.0;8.2128;6.708399999999999;11.295399999999999;11.5647;10.388200000000001;29.8765;6.6737;10.6618;3.1435;11.8802;13.5823;17.9324;2.8143000000000002;5.4353;4.3744;27.2516;3.1838;16.2401;9.9792;9.434700000000001;2.8143000000000002;9.9792;20.002;11.151200000000001;12.2346;17.2446;7.4123;6.9373000000000005;3.1838;8.2128;4.891;10.5764;0.0;6.7343;10.6618;6.1915;9.9792;8.409;4.891;12.2346;8.3636;2.8143000000000002;8.3636;22.3215;19.286;2.8143000000000002;4.1963;4.965;17.1629;10.3282;6.7256;18.7135;16.2196;3.4034;16.1978;4.891;8.3636;12.3453;4.645;21.4117;6.9417;14.2196;31.554;10.388200000000001;18.613599999999998;6.2137;16.2841;22.3215;16.222;8.8656;8.3216;8.8656;8.5155;21.5096;8.3216;6.2137;18.7135;13.8933;11.772;11.772;5.6813;7.4444;10.2645;11.0349;11.0349;5.6813;5.4183;6.9299;8.5155;7.4444;10.2645;6.2137;5.6813;11.772;6.955;4.5175;20.2565;22.2592;4.7829;24.2279;19.2313;24.2279;13.8933;22.2592;15.567200000000001;15.1332;10.4354;7.4444;19.106;6.955;37.8044;24.2279;43.575900000000004;24.7245;35.088300000000004;27.3498;31.0153;33.7205;37.783300000000004;20.2565;24.2279;24.2279;48.0039;21.4117;40.089400000000005;29.7776;14.607;25.987;14.0221;4.0085999999999995;49.7771;4.5175;16.9633;14.8176;15.6417;20.3259;7.7008;20.3259;23.9464;4.0085999999999995;11.295399999999999;19.0897;20.7205;18.2535;29.8765;13.5823;14.097100000000001;28.8353;23.194200000000002;30.749299999999998;25.2925;30.7428;35.7957;46.2398;37.5496;8.2128;11.151200000000001;16.994;17.2446;10.7652;20.002;29.856900000000003;16.1157;6.9144;12.9487;4.3744;5.7452;5.7041;8.409;12.9487;3.1536999999999997;4.3744;6.1915;12.283299999999999;6.9373000000000005;4.645;4.1963;6.6737;13.575;4.645;4.3744;2.8143000000000002;5.837899999999999;3.4034;8.3636;21.647599999999997;30.2733;11.656600000000001;18.4723;16.1978;4.5175;30.438599999999997;17.7524;17.1629;17.105400000000003;13.6226;18.613599999999998;18.4481;10.2645;11.772;4.5175;4.5175;7.4444;10.4354;5.6813;7.8315;5.4183;17.105400000000003;5.6597;5.6813;6.955;6.6662;0.0;10.4354;7.9656;12.248;5.6813;11.772;10.4354;5.6597;15.567200000000001;5.6813;5.4183;11.0349;20.3259;13.835899999999999;4.5175;4.5175;31.0153;7.8315
Billstedt-Horn 5.;43.559599999999996;43.4358;47.917699999999996;46.7683;57.1038;51.2909;52.7262;41.787;45.5019;45.3067;48.3331;33.1678;43.9328;55.4423;20.114099999999997;31.238;25.0716;20.277099999999997;16.157899999999998;17.0745;20.114099999999997;22.8006;39.751;25.0716;16.2136;21.4915;20.4513;16.704;27.653200000000002;13.014299999999999;14.695200000000002;31.2317;28.6309;23.1155;26.6711;9.8887;33.6761;44.1201;36.7089;28.960900000000002;20.4513;16.157899999999998;7.8899;8.2128;20.5965;3.6269;19.5939;17.0745;17.064700000000002;8.2128;0.0;14.0097;16.5441;7.7096;3.5873000000000004;28.6217;2.3316999999999997;3.6462;5.9935;2.681;9.6528;6.6775;9.6355;4.1496;5.6216;16.1441;8.0577;12.3105;11.0867;7.4654;9.6355;11.0867;13.5131;9.181899999999999;13.898;7.4962;2.688;9.3336;8.0577;0.0;12.3314;8.6071;7.7658000000000005;15.0676;3.6462;14.2685;11.0867;13.146700000000001;12.3314;13.898;16.4406;9.6355;16.4406;29.1639;26.128400000000003;9.6355;13.352;15.5576;22.3642;18.8903;17.2189;22.238599999999998;19.2673;10.2246;19.833099999999998;12.3314;16.4406;20.3827;14.9054;29.177599999999998;14.707600000000001;22.8047;32.842;3.5873000000000004;31.526;13.9795;25.5905;29.1639;28.1582;16.631400000000003;18.9779;16.631400000000003;16.281399999999998;29.2755;18.9779;13.9795;22.238599999999998;21.6591;19.5378;19.5378;13.4472;15.2102;18.0304;18.8007;18.8007;13.4472;13.1841;14.6957;16.281399999999998;15.2102;18.0304;13.9795;13.4472;19.5378;14.7209;12.2834;28.022299999999998;30.025;12.5487;31.9937;26.9972;31.9937;21.6591;30.025;23.333;22.899;18.2012;15.2102;26.8718;14.7209;45.5703;31.9937;51.341699999999996;32.4904;42.854099999999995;35.1157;38.781099999999995;41.4863;45.5492;28.022299999999998;31.9937;31.9937;55.769800000000004;29.177599999999998;47.8553;37.5434;20.9872;35.1172;20.4023;13.4946;55.025800000000004;12.2834;23.220299999999998;21.0747;22.021900000000002;26.6073;15.976700000000001;26.6073;30.2278;13.4946;16.5441;12.5701;14.200899999999999;14.324;28.6217;9.6528;10.1676;27.5805;21.939400000000003;29.4945;24.0378;19.6353;34.5409;46.8807;31.030099999999997;0.0;9.181899999999999;17.7121;7.4962;11.8727;13.5131;23.368;14.1464;9.7524;10.9794;5.6216;8.752600000000001;13.6781;13.146700000000001;10.9794;11.6909;5.6216;14.2685;15.681799999999999;9.3336;14.9054;13.352;2.3316999999999997;17.1002;14.9054;5.6216;9.6355;8.7599;10.2246;16.4406;30.954;41.8621;18.6348;21.632900000000003;19.833099999999998;12.2834;34.2332;21.2776;22.3642;24.8712;20.6008;31.526;27.0332;18.0304;19.5378;12.2834;12.2834;15.2102;18.2012;13.4472;15.5974;13.1841;24.8712;13.4255;13.4472;14.7209;14.432;7.7658000000000005;18.2012;15.7315;20.0138;13.4472;19.5378;18.2012;13.4255;23.333;13.4472;13.1841;18.8007;26.6073;21.6018;12.2834;12.2834;38.781099999999995;15.5974
Vorwärts Ost 1.;41.2256;41.101800000000004;45.5836;44.4342;54.769800000000004;48.956900000000005;50.392199999999995;39.099;42.813900000000004;42.972699999999996;43.0538;30.8338;41.598800000000004;48.956300000000006;10.9835;14.6919;16.1765;11.1464;4.4903;4.682300000000001;10.9835;13.6199;33.265;16.1765;7.04;12.3109;32.299099999999996;15.9399;26.8891;19.630599999999998;19.678;43.0795;27.8667;22.3514;25.907;17.2935;32.912;43.356;35.9448;28.1968;32.299099999999996;4.4903;6.685;6.708399999999999;11.415799999999999;13.297600000000001;10.463299999999998;4.682300000000001;4.6725;6.708399999999999;14.0097;0.0;6.7729;13.812100000000001;14.2552;28.1767;11.184299999999999;14.5287;7.059;15.758;17.4493;19.7545;8.682799999999999;9.9459;8.789200000000001;29.2211;5.3193;17.631;15.8478;14.9703;8.682799999999999;15.8478;26.3285;16.686700000000002;18.103099999999998;23.5404;11.9229;12.8059;5.3193;15.217600000000001;10.7596;16.112;6.7993999999999994;12.602799999999998;14.5287;12.06;15.8478;14.2776;10.7596;18.103099999999998;14.2321;8.682799999999999;14.2321;28.19;25.1545;8.682799999999999;10.0648;10.8336;23.0315;16.1968;12.594100000000001;24.582;22.088099999999997;9.272;22.0664;10.7596;14.2321;18.213900000000002;10.5135;26.4726;12.002600000000001;20.0882;36.6148;14.2552;23.674400000000002;11.2745;22.1527;28.19;21.282799999999998;13.9264;14.1902;13.9264;13.5764;26.5705;14.1902;11.2745;24.582;21.9864;16.8328;16.8328;10.7422;12.5052;15.3254;19.765900000000002;19.765900000000002;10.7422;10.4792;11.9908;13.5764;12.5052;15.3254;11.2745;10.7422;16.8328;12.0159;9.5784;28.3496;27.32;9.8437;32.321;24.2922;32.321;21.9864;27.32;23.6603;23.7819;18.5285;12.5052;24.166900000000002;12.0159;42.865300000000005;32.321;48.6367;29.785400000000003;40.1492;32.4107;36.0762;38.7813;42.844199999999994;28.3496;32.321;32.321;53.064800000000005;26.4726;45.1503;34.8384;10.9668;23.8696;10.382;2.2471;48.077400000000004;9.5784;13.3231;11.1775;12.0016;16.6857;4.7292;16.6857;20.3063;2.2471;6.7729;25.3855;20.81;22.1398;28.1767;17.4493;17.9641;27.1356;21.4945;29.0495;23.5928;34.463300000000004;34.096;44.54;43.8454;15.217600000000001;16.686700000000002;25.217;23.5404;16.6338;26.3285;36.1834;21.6513;12.783;18.484299999999998;8.789200000000001;11.6138;11.5726;14.2776;18.484299999999998;9.022200000000002;8.789200000000001;12.06;18.1519;12.8059;10.5135;10.0648;11.184299999999999;19.4436;10.5135;8.789200000000001;8.682799999999999;11.7065;9.272;14.2321;27.5162;35.3341;16.7175;24.340799999999998;22.0664;9.5784;35.4994;23.621;23.0315;22.1662;18.6835;23.674400000000002;24.3167;15.3254;16.8328;9.5784;9.5784;12.5052;18.5285;10.7422;12.8924;10.4792;22.1662;10.7205;10.7422;12.0159;11.727;6.7993999999999994;18.5285;13.0265;20.2733;10.7422;16.8328;18.5285;10.7205;23.6603;10.7422;10.4792;19.765900000000002;16.6857;18.8968;9.5784;9.5784;36.0762;12.8924
SV Wilhelmsburg 3.;45.812599999999996;45.6888;50.1706;49.0212;59.3568;53.543800000000005;54.9792;43.5388;47.253699999999995;47.5597;47.640800000000006;35.4208;46.1858;35.0565;6.9879;10.696299999999999;16.1246;7.1508;2.9116;3.8567;6.9879;9.6244;28.9887;16.1246;0.0;8.315299999999999;34.8335;18.4742;29.4234;22.164900000000003;22.2123;45.6139;30.4011;24.8857;28.4413;19.8278;35.4463;45.8903;38.479099999999995;30.731099999999998;34.8335;2.9116;11.272;11.295399999999999;7.4201999999999995;15.8319;6.4677;3.8567;5.7184;11.295399999999999;16.5441;6.7729;0.0;14.8081;15.2512;29.1727;16.8782;15.524700000000001;12.5492;16.754;18.4453;20.7505;14.173;17.5595;14.279399999999999;30.2171;10.8095;18.627;24.8981;21.2767;14.173;24.8981;27.3245;22.9932;27.7093;24.5364;17.897;23.145;10.8095;16.2136;16.2498;22.4185;12.2895;18.093;15.524700000000001;17.5502;24.8981;19.767799999999998;16.2498;27.7093;19.7223;14.173;19.7223;33.6802;30.6447;14.173;15.555;16.3238;28.5216;21.687;18.0843;30.072200000000002;27.5783;14.7622;27.5566;16.2498;19.7223;23.704099999999997;16.003700000000002;33.088;17.4928;25.578400000000002;43.2303;15.2512;30.289900000000003;16.7647;27.6429;33.6802;27.8983;19.4166;19.680400000000002;19.4166;19.066599999999998;33.185900000000004;19.680400000000002;16.7647;30.072200000000002;21.9443;23.480900000000002;23.480900000000002;16.2324;17.9954;20.8156;19.7238;19.7238;16.2324;15.969299999999999;17.480900000000002;19.066599999999998;17.9954;20.8156;16.7647;16.2324;23.480900000000002;17.5061;15.0686;28.3075;33.9355;15.3339;32.2789;25.9133;32.2789;21.9443;33.9355;23.6182;23.7398;18.4864;17.9954;27.8675;17.5061;43.8233;32.2789;55.252199999999995;36.400800000000004;46.7646;36.0591;42.6916;42.482;49.4597;28.3075;32.2789;32.2789;59.6803;33.088;51.765699999999995;38.5391;7.4062;23.827599999999997;6.8213;6.5249;43.4266;15.0686;9.7625;7.6168000000000005;8.4409;13.1251;3.8421999999999996;13.1251;16.7456;6.5249;0.0;26.3815;21.8059;23.1358;29.1727;18.4453;18.960099999999997;28.1315;22.4905;30.0455;24.5888;35.459300000000006;35.092;45.536;44.8414;16.2136;22.9932;31.5235;24.5364;25.684099999999997;27.3245;37.1794;27.9577;23.5638;24.7907;14.279399999999999;17.104;17.0628;19.767799999999998;24.7907;14.5124;14.279399999999999;17.5502;23.6421;23.145;16.003700000000002;15.555;16.8782;24.933799999999998;16.003700000000002;14.279399999999999;14.173;17.1967;14.7622;19.7223;33.0064;41.9496;22.2077;29.831;27.5566;15.0686;42.1149;29.1112;28.5216;28.7817;27.3955;30.289900000000003;29.806900000000002;20.8156;23.480900000000002;15.0686;15.0686;17.9954;18.4864;16.2324;18.3826;15.969299999999999;28.7817;16.2107;16.2324;17.5061;17.217200000000002;12.2895;18.4864;18.266299999999998;20.2313;16.2324;23.480900000000002;18.4864;16.2107;23.6182;16.2324;15.969299999999999;19.7238;13.1251;21.8198;15.0686;15.0686;42.6916;18.3826
ETSV Hamburg 2.;46.9115;46.787699999999994;51.2695;50.1202;60.4557;54.6428;56.0781;45.1389;48.8538;48.6586;48.7397;36.5197;47.284699999999994;54.0368;18.708599999999997;29.8324;31.544;18.8715;14.7524;15.668899999999999;18.708599999999997;21.3951;38.3455;31.544;14.8081;20.086;24.2943;8.664299999999999;19.6135;12.355;9.901200000000001;33.5645;20.5912;15.0758;18.631400000000003;5.3488;25.636400000000002;36.080400000000004;28.6692;20.921200000000002;24.2943;14.7524;9.447;11.5647;19.190900000000003;6.533;18.1884;15.668899999999999;15.6592;11.5647;7.7096;13.812100000000001;14.8081;0.0;6.2197;19.713900000000002;7.317399999999999;6.4932;9.645299999999999;13.3262;5.321;17.3227;13.2873;8.021;10.068200000000001;24.3345;11.5577;9.1682;21.470299999999998;17.8489;13.2873;21.470299999999998;23.8967;19.5654;24.2815;21.1086;7.9858;19.717200000000002;11.5577;12.7858;12.6925;18.990599999999997;11.4177;15.2812;6.4932;14.4821;21.470299999999998;16.2043;12.6925;24.2815;16.6542;13.2873;16.6542;29.3775;26.342;13.2873;14.1044;15.4381;25.4139;19.1038;17.1986;32.622099999999996;29.6509;13.8764;30.2166;12.6925;16.6542;20.5963;15.118;34.2693;19.7993;23.0182;33.0555;6.2197;31.4711;19.0713;25.8041;29.3775;29.0795;21.7231;18.7946;21.7231;21.373099999999997;34.3672;18.7946;19.0713;32.622099999999996;26.7509;24.6295;24.6295;18.5389;20.3019;23.1221;23.892400000000002;23.892400000000002;18.5389;18.2759;19.7875;21.373099999999997;20.3019;23.1221;19.0713;18.5389;24.6295;19.8126;17.3751;33.1141;35.116699999999994;17.640400000000003;37.0855;32.0889;37.0855;26.7509;35.116699999999994;28.4247;27.9907;23.292900000000003;20.3019;31.9636;19.8126;50.662;37.0855;56.4334;37.5821;47.9459;40.2074;43.8729;46.5781;50.6409;33.1141;37.0855;37.0855;60.8615;34.2693;52.947;42.6351;18.9991;33.1291;18.4142;11.5065;53.037699999999994;17.3751;21.232200000000002;19.086599999999997;20.0338;24.6192;13.9886;24.6192;28.2397;11.5065;14.5559;22.953599999999998;9.8695;13.677;19.713900000000002;5.321;7.2641;18.6727;13.0317;20.5867;15.13;26.000400000000003;25.6331;36.0772;33.6173;12.7858;19.5654;28.095599999999997;21.1086;22.2563;23.8967;33.7515;24.5299;20.135900000000003;21.3629;10.068200000000001;12.8946;13.6655;16.2043;21.3629;12.258899999999999;10.068200000000001;14.4821;26.0654;19.717200000000002;15.118;14.1044;7.317399999999999;27.483700000000002;15.118;10.068200000000001;13.2873;12.902;13.8764;16.6542;31.1676;43.1308;24.514200000000002;32.0165;30.2166;17.3751;43.296099999999996;31.661099999999998;25.4139;29.9629;26.4802;31.4711;27.2467;23.1221;24.6295;17.3751;17.3751;20.3019;23.292900000000003;18.5389;20.6891;18.2759;29.9629;18.5172;18.5389;19.8126;19.5237;11.4177;23.292900000000003;20.8232;25.1056;18.5389;24.6295;23.292900000000003;18.5172;28.4247;18.5389;18.2759;23.892400000000002;24.6192;26.6935;17.3751;17.3751;43.8729;20.6891
SC Europa 1.;45.735;45.6112;50.093;48.9437;59.279199999999996;53.466300000000004;54.9016;43.9624;47.6773;47.482099999999996;47.563199999999995;35.343199999999996;46.1082;54.4799;19.1517;30.275599999999997;31.987099999999998;19.3146;15.1955;16.112;19.1517;21.8382;38.788599999999995;31.987099999999998;15.2512;20.5291;17.8861;8.1098;19.099400000000003;9.1485;8.767299999999999;35.5285;14.3729;13.053799999999999;16.6094;6.023;25.071;35.5151;28.1038;20.355900000000002;17.8861;15.1955;10.8155;10.388200000000001;19.6341;0.9176;18.6315;16.112;16.1023;10.388200000000001;3.5873000000000004;14.2552;15.2512;6.2197;0.0;19.1182;4.3906;0.9175;8.184;6.519399999999999;5.4959;8.4724;11.826;6.5418;8.6069;17.939;10.2481;8.1537;14.6635;11.042200000000001;11.826;14.6635;17.0899;12.758700000000001;17.4748;9.2911;5.059;12.9104;10.2481;3.6475;11.231200000000001;12.1839;9.956299999999999;13.819799999999999;0.9175;13.020700000000001;14.6635;16.7235;11.231200000000001;17.4748;15.1928;11.826;15.1928;27.9161;24.8807;11.826;12.643;13.976700000000001;23.9525;17.6425;15.737200000000001;25.8154;22.844099999999997;12.4151;23.4099;11.231200000000001;15.1928;19.135;13.656600000000001;31.3681;16.8981;21.556900000000002;31.5942;0.0;28.5699;16.17;24.3427;27.9161;26.1783;18.821900000000003;17.333299999999998;18.821900000000003;18.4719;31.466;17.333299999999998;16.17;25.8154;23.8496;21.7283;21.7283;15.6377;17.4007;20.2209;20.9912;20.9912;15.6377;15.374600000000001;16.886200000000002;18.4719;17.4007;20.2209;16.17;15.6377;21.7283;16.9114;14.4739;30.212799999999998;32.2155;14.7392;34.1842;29.1877;34.1842;23.8496;32.2155;25.5235;25.0895;20.3917;17.4007;29.0623;16.9114;47.7607;34.1842;53.532199999999996;34.680800000000005;45.044599999999996;37.3062;40.971599999999995;43.6768;47.7397;30.212799999999998;34.1842;34.1842;57.960300000000004;31.3681;50.0458;39.7339;20.0014;34.1314;19.4165;12.508799999999999;54.04;14.4739;22.234599999999997;20.088900000000002;21.0362;25.6215;14.9909;25.6215;29.242;12.508799999999999;15.5583;16.1469;8.8566;10.1671;19.1182;5.4959;6.0107;16.64;12.4359;14.4162;13.0972;18.8811;25.4258;35.869800000000005;34.6069;3.6475;12.758700000000001;21.2889;9.2911;15.4495;17.0899;26.9448;17.723200000000002;13.3292;14.5562;8.6069;11.4333;12.2041;16.7235;14.5562;10.7975;8.6069;13.020700000000001;19.2587;12.9104;13.656600000000001;12.643;4.3906;20.677;13.656600000000001;8.6069;11.826;11.4406;12.4151;15.1928;29.7063;40.2296;20.8253;25.209799999999998;23.4099;14.4739;40.3949;24.854400000000002;23.9525;27.061700000000002;22.7913;28.5699;25.785400000000003;20.2209;21.7283;14.4739;14.4739;17.4007;20.3917;15.6377;17.7878;15.374600000000001;27.061700000000002;15.616;15.6377;16.9114;16.6225;9.956299999999999;20.3917;17.9219;22.2043;15.6377;21.7283;20.3917;15.616;25.5235;15.6377;15.374600000000001;20.9912;25.6215;23.7923;14.4739;14.4739;40.971599999999995;17.7878
SC V. M. 4.;64.3937;64.2699;68.7517;67.6023;77.9379;72.1249;73.5602;70.23389999999999;73.9488;66.1408;66.2218;54.0019;64.7669;51.9765;33.0733;27.407;43.0051;18.4404;29.117;30.0336;33.0733;32.9777;36.285199999999996;43.0051;29.1727;34.4507;24.4694;14.923399999999999;0.0;14.2539;18.453799999999998;29.813200000000002;15.9301;14.54;9.551;13.873299999999999;20.7664;31.2105;22.162;16.750799999999998;24.4694;29.117;20.6367;29.8765;33.5556;19.3918;32.5531;30.0336;30.0239;29.8765;28.6217;28.1767;29.1727;19.713900000000002;19.1182;0.0;28.3179;19.3729;30.641299999999998;28.1936;14.6189;22.6303;31.347;28.9991;31.0642;24.439700000000002;21.021;14.551;36.3377;32.7164;31.347;36.3377;38.7641;34.432900000000004;39.149;23.896;29.336599999999997;34.5846;21.021;27.653200000000002;37.5824;33.8581;29.4635;36.2772;19.3729;35.4781;36.3377;38.3977;37.5824;39.149;37.6502;31.347;37.6502;50.8542;47.8187;31.347;32.729;33.497800000000005;47.615199999999994;38.8609;35.258300000000006;47.489599999999996;44.5183;31.9361;45.0841;37.5824;37.6502;41.5923;33.177699999999994;49.1368;34.6668;42.752300000000005;59.279;19.099400000000003;46.3386;33.9387;44.816900000000004;50.8542;43.947;36.5906;36.8544;36.5906;36.2406;49.2347;36.8544;33.9387;47.489599999999996;49.3569;39.497;39.497;33.406400000000005;35.1694;37.989599999999996;47.1364;47.1364;33.406400000000005;33.1433;34.654900000000005;36.2406;35.1694;37.989599999999996;33.9387;33.406400000000005;39.497;34.680099999999996;32.242599999999996;55.720099999999995;49.984199999999994;32.5079;59.6915;46.9564;59.6915;49.3569;49.984199999999994;51.030800000000006;51.1524;45.899;35.1694;55.2801;34.680099999999996;65.5295;59.6915;71.3009;52.4495;62.813300000000005;55.0749;58.740300000000005;69.89460000000001;65.5084;55.720099999999995;59.6915;59.6915;75.729;49.1368;67.8145;65.9517;18.417900000000003;51.3961;33.281699999999994;26.373900000000003;51.243300000000005;32.242599999999996;32.9414;33.954;28.2333;35.7813;28.856099999999998;35.7813;39.4018;26.373900000000003;29.4234;23.369799999999998;18.4239;15.1995;0.0;14.6189;14.5091;9.551;8.06;15.9223;14.5414;25.4114;20.5446;30.988599999999998;29.632099999999998;27.653200000000002;34.432900000000004;42.9631;23.896;37.1237;38.7641;48.619;39.397400000000005;35.0034;36.2304;31.0642;33.8906;34.6615;38.3977;36.2304;36.941900000000004;31.0642;35.4781;40.932900000000004;34.5846;33.177699999999994;32.729;28.3179;42.3512;33.177699999999994;31.0642;31.347;33.8979;31.9361;37.6502;50.1804;57.9983;39.3816;46.884;45.0841;32.242599999999996;58.163599999999995;46.5286;47.615199999999994;44.830400000000004;41.347699999999996;46.3386;46.9809;37.989599999999996;39.497;32.242599999999996;32.242599999999996;35.1694;45.899;33.406400000000005;35.5565;33.1433;44.830400000000004;33.384699999999995;33.406400000000005;34.680099999999996;34.3912;29.4635;45.899;35.690599999999996;47.643800000000006;33.406400000000005;39.497;45.899;33.384699999999995;51.030800000000006;33.406400000000005;33.1433;47.1364;35.7813;49.2324;32.242599999999996;32.242599999999996;58.740300000000005;35.5565
Billstedt-Horn 3.;42.0205;41.896699999999996;46.3785;45.229099999999995;55.564699999999995;49.7517;51.187;40.2479;43.9628;43.7676;43.8486;31.628700000000002;42.393699999999995;56.107;20.7788;31.9026;23.5325;20.9417;13.0765;12.563600000000001;20.7788;23.4653;40.415699999999994;23.5325;16.8782;22.156200000000002;22.3905;17.3687;28.3179;12.8958;12.5146;33.1709;29.2955;23.7802;27.3358;9.770299999999999;34.3408;44.784800000000004;37.373599999999996;29.6256;22.3905;13.0765;6.3508000000000004;6.6737;21.2611;4.370100000000001;20.258599999999998;12.563600000000001;12.5539;6.6737;2.3316999999999997;11.184299999999999;16.8782;7.317399999999999;4.3906;28.3179;0.0;4.1618;4.6114;4.7721;9.479299999999999;8.7687;8.2534;2.7674000000000003;4.2395;18.2352;6.6755;12.137;9.241200000000001;5.619800000000001;8.2534;9.241200000000001;15.604299999999999;7.3363000000000005;12.0524;9.587399999999999;1.4643;7.4881;6.6755;2.0911;7.168399999999999;6.7616000000000005;6.3837;9.757;4.1618;8.958;9.241200000000001;10.680200000000001;7.168399999999999;12.0524;11.1301;8.2534;11.1301;23.8534;20.8179;8.2534;8.189;10.4041;19.8898;13.5797;11.908299999999999;20.393099999999997;17.421799999999998;8.8425;17.9875;7.168399999999999;11.1301;15.0722;10.084100000000001;27.7955;13.3255;17.4941;27.5314;4.1029;26.215400000000002;12.5974;20.28;23.8534;22.8476;15.2493;13.7607;15.2493;14.899299999999998;27.8934;13.7607;12.5974;20.393099999999997;20.277;18.1557;18.1557;12.065100000000001;13.828100000000001;16.6483;17.418599999999998;17.418599999999998;12.065100000000001;11.802;13.313600000000001;14.899299999999998;13.828100000000001;16.6483;12.5974;12.065100000000001;18.1557;13.338799999999999;10.901299999999999;26.6402;28.6429;11.1666;30.6116;25.615099999999998;30.6116;20.277;28.6429;21.9509;21.5169;16.8191;13.828100000000001;25.4897;13.338799999999999;44.188199999999995;30.6116;49.9596;31.1082;41.472;33.733599999999996;37.399;40.1042;44.1671;26.6402;30.6116;30.6116;54.387699999999995;27.7955;46.4732;36.161300000000004;21.4719;31.173299999999998;20.8871;9.1949;55.5105;10.901299999999999;23.705099999999998;21.5594;22.506700000000002;27.092;16.4615;27.092;30.7125;9.1949;17.0288;14.661200000000001;16.292;14.1505;29.1065;9.479299999999999;9.9941;28.0653;22.4242;29.979200000000002;24.5225;21.7264;35.0257;45.469699999999996;33.121199999999995;2.0911;7.3363000000000005;15.8666;9.587399999999999;10.0272;15.604299999999999;25.4591;12.3009;7.906899999999999;9.133799999999999;4.2395;7.3705;8.141399999999999;10.680200000000001;9.133799999999999;6.520899999999999;4.2395;8.958;13.8363;7.4881;10.084100000000001;8.189;0.0;15.254700000000001;10.084100000000001;4.2395;8.2534;7.377800000000001;8.8425;11.1301;25.6435;36.5515;17.2527;19.7874;17.9875;10.901299999999999;28.9227;19.4321;19.8898;23.489099999999997;19.218700000000002;26.215400000000002;21.7226;16.6483;18.1557;10.901299999999999;10.901299999999999;13.828100000000001;16.8191;12.065100000000001;14.215200000000001;11.802;23.489099999999997;12.0434;12.065100000000001;13.338799999999999;13.0499;6.3837;16.8191;14.3493;18.631700000000002;12.065100000000001;18.1557;16.8191;12.0434;21.9509;12.065100000000001;11.802;17.418599999999998;27.092;20.2197;10.901299999999999;10.901299999999999;37.399;14.215200000000001
MSV Hamburg 1.;46.0086;45.884699999999995;50.3666;49.2172;59.552800000000005;53.7398;55.1751;44.236;47.950900000000004;47.7556;47.8367;35.616699999999994;46.381699999999995;54.7534;19.4252;30.5491;32.2607;19.5882;15.469;16.3856;19.4252;22.1117;39.0621;32.2607;15.524700000000001;20.8027;18.1597;8.383299999999998;19.3729;9.4221;9.040799999999999;35.802;14.6464;13.327399999999999;16.883;6.2965;25.3446;35.788599999999995;28.3774;20.6294;18.1597;15.469;11.089;10.6618;19.9076;0.0;18.905099999999997;16.3856;16.375799999999998;10.6618;3.6462;14.5287;15.524700000000001;6.4932;0.9175;19.3729;4.1618;0.0;8.457600000000001;6.793;5.7695;8.746;12.0996;6.8153999999999995;8.8805;18.2126;10.521799999999999;8.427299999999999;14.9372;11.3158;12.0996;14.9372;17.363599999999998;13.0323;17.7484;9.5647;5.0385;13.1841;10.521799999999999;3.6269;11.5048;12.4575;10.229899999999999;14.093399999999999;0.0;13.2944;14.9372;16.9971;11.5048;17.7484;15.4665;12.0996;15.4665;28.189799999999998;25.1543;12.0996;12.9167;14.2503;24.226200000000002;17.9161;16.0108;26.089;23.1178;12.6887;23.6835;11.5048;15.4665;19.4086;13.930299999999999;31.6417;17.1717;21.8305;31.8678;0.9176;28.8435;16.4436;24.616400000000002;28.189799999999998;26.451900000000002;19.0955;17.606900000000003;19.0955;18.7455;31.7396;17.606900000000003;16.4436;26.089;24.1232;22.001900000000003;22.001900000000003;15.911299999999999;17.6743;20.4945;21.2648;21.2648;15.911299999999999;15.648200000000001;17.1598;18.7455;17.6743;20.4945;16.4436;15.911299999999999;22.001900000000003;17.185;14.7475;30.4864;32.4891;15.012799999999999;34.457800000000006;29.461299999999998;34.457800000000006;24.1232;32.4891;25.797099999999997;25.3631;20.6653;17.6743;29.335900000000002;17.185;48.0344;34.457800000000006;53.805800000000005;34.9545;45.3182;37.579800000000006;41.2452;43.9504;48.0133;30.4864;34.457800000000006;34.457800000000006;58.2339;31.6417;50.3194;40.0075;20.275;34.405;19.6902;12.782399999999999;54.3136;14.7475;22.508200000000002;20.3625;21.3098;25.8951;15.2645;25.8951;29.5156;12.782399999999999;15.8319;16.4205;9.1302;10.440700000000001;19.3918;5.7695;6.2844;16.9136;12.7095;14.6899;13.3708;19.154700000000002;25.6994;36.1434;34.8805;3.6269;13.0323;21.5625;9.5647;15.7232;17.363599999999998;27.218400000000003;17.9968;13.602799999999998;14.829799999999999;8.8805;11.7069;12.477799999999998;16.9971;14.829799999999999;11.0711;8.8805;13.2944;19.5323;13.1841;13.930299999999999;12.9167;4.370100000000001;20.950599999999998;13.930299999999999;8.8805;12.0996;11.7142;12.6887;15.4665;29.9799;40.5032;21.0989;25.483400000000003;23.6835;14.7475;40.6685;25.128;24.226200000000002;27.3353;23.0649;28.8435;26.059;20.4945;22.001900000000003;14.7475;14.7475;17.6743;20.6653;15.911299999999999;18.0615;15.648200000000001;27.3353;15.8896;15.911299999999999;17.185;16.896099999999997;10.229899999999999;20.6653;18.1956;22.4779;15.911299999999999;22.001900000000003;20.6653;15.8896;25.797099999999997;15.911299999999999;15.648200000000001;21.2648;25.8951;24.065900000000003;14.7475;14.7475;41.2452;18.0615
SC Hamm 1.;38.490300000000005;38.3665;42.8483;41.6989;52.0345;46.2215;47.656800000000004;36.717699999999994;40.4326;40.2374;40.318400000000004;28.0985;38.8635;51.778;15.4444;27.5736;19.4072;15.6074;8.9512;8.4384;15.4444;18.0809;36.0866;19.4072;12.5492;16.771900000000002;27.522299999999998;19.6921;30.641299999999998;15.2192;14.838;38.302699999999994;31.619;26.1036;29.659200000000002;12.0937;36.664199999999994;47.1082;39.697;31.949;27.522299999999998;8.9512;2.985;3.1435;15.8768;8.457600000000001;14.9242;8.4384;8.428700000000001;3.1435;5.9935;7.059;12.5492;9.645299999999999;8.184;30.641299999999998;4.6114;8.457600000000001;0.0;9.7901;11.492299999999998;13.786700000000002;4.6955;3.3451999999999997;2.1885;23.2532;2.5225;14.15;11.822899999999999;8.2015;4.6955;11.822899999999999;18.7688;9.918;14.6341;16.0114;5.3222;6.6468;2.5225;6.1228;4.9165;9.3433;2.8479;7.610600000000001;8.5717;6.8536;11.822899999999999;8.9681;4.9165;14.6341;9.0257;4.6955;9.0257;24.229;21.1935;4.6955;5.5346;6.8462;17.743299999999998;12.2358;8.6067;19.272599999999997;16.301299999999998;5.2846;16.757;4.9165;9.0257;12.9257;6.5262;24.259700000000002;9.7897;16.127200000000002;25.443099999999998;8.298200000000001;21.4615;9.0616;18.1917;24.229;19.0699;11.343399999999999;10.2028;11.343399999999999;11.3635;24.357599999999998;10.2028;9.0616;19.272599999999997;16.7412;14.6199;14.6199;8.5293;10.2923;13.1125;13.8828;13.8828;8.5293;8.266200000000001;9.7778;11.3635;10.2923;13.1125;9.0616;8.5293;14.6199;9.803;7.3655;23.104400000000002;25.1071;7.6308;27.0758;22.0793;27.0758;16.7412;25.1071;18.4151;17.981099999999998;13.283299999999999;10.2923;21.9539;9.803;40.6524;27.0758;46.4238;27.5725;37.9362;30.1978;33.8632;36.568400000000004;40.6313;23.104400000000002;27.0758;27.0758;50.8519;24.259700000000002;42.937400000000004;32.6255;15.6402;27.0203;15.055299999999999;5.0419;50.8104;7.3655;17.9965;15.8508;16.6749;21.359099999999998;8.734;21.359099999999998;24.979599999999998;5.0419;12.3286;17.8565;14.8529;16.1635;31.1195;11.492299999999998;12.007100000000001;30.0783;24.4372;31.9922;26.5355;26.744400000000002;37.0387;47.482699999999994;36.3164;6.1228;9.918;18.4483;16.0114;12.6089;18.7688;28.6237;14.8826;6.624;11.7155;2.1885;5.8921;6.263199999999999;8.9681;11.7155;3.6891;2.1885;6.8536;12.8425;6.6468;6.5262;5.5346;4.583600000000001;14.1341;6.5262;2.1885;4.6955;5.8994;5.2846;9.0257;23.5552;33.121199999999995;13.694799999999999;19.0314;16.757;7.3655;33.2865;18.3116;17.743299999999998;19.9533;15.6608;21.4615;20.355700000000002;13.1125;14.6199;7.3655;7.3655;10.2923;13.283299999999999;8.5293;10.6795;8.266200000000001;19.9533;8.5076;8.5293;9.803;9.514100000000001;2.8479;13.283299999999999;10.813600000000001;15.0959;8.5293;14.6199;13.283299999999999;8.5076;18.4151;8.5293;8.266200000000001;13.8828;21.359099999999998;16.6839;7.3655;7.3655;33.8632;10.6795
Oststeinbek 2.;47.227;47.103199999999994;51.585;50.4356;60.7712;54.9582;56.3936;45.4544;49.1693;48.9741;49.3976;36.8352;47.600199999999994;55.982699999999994;20.6545;31.7784;33.49;20.8175;16.6983;17.614900000000002;20.6545;23.341;40.2914;33.49;16.754;22.0319;14.7542;17.244400000000002;28.1936;11.016399999999999;9.4284;32.296099999999996;29.1713;23.655900000000003;27.2115;7.890899999999999;34.2165;44.6605;37.249300000000005;29.5013;14.7542;16.6983;12.318299999999999;11.8802;21.1369;6.793;20.1343;17.614900000000002;17.6051;11.8802;2.681;15.758;16.754;13.3262;6.519399999999999;28.1936;4.7721;6.793;9.7901;0.0;7.3673;5.2962;14.155;8.6507;11.043899999999999;14.762799999999999;12.3571;10.025;11.7378;8.1165;14.155;11.7378;14.164200000000001;5.6073;14.549;6.1149;4.4123;9.9847;12.3571;2.7289;12.9825;9.2582;12.065299999999999;15.7187;5.7522;14.9196;11.7378;13.7977;12.9825;14.549;17.0917;14.155;17.0917;29.815;26.7795;14.155;14.0031;16.2087;23.0153;19.5413;17.8699;22.8897;19.918400000000002;14.399899999999999;20.4842;12.9825;17.0917;21.0338;15.5565;34.0666;19.5966;23.4558;33.493;5.3591999999999995;32.177099999999996;18.2789;26.2416;29.815;28.8092;20.798099999999998;19.629;20.798099999999998;21.1704;34.1645;19.629;18.2789;22.8897;25.958599999999997;24.4269;24.4269;18.3362;20.0993;22.5701;23.100099999999998;23.100099999999998;18.3362;18.0732;19.584799999999998;21.1704;20.0993;22.5701;18.2789;18.3362;24.4269;19.0203;16.5828;32.3217;34.9141;17.4378;36.293099999999995;31.886200000000002;36.293099999999995;25.958599999999997;34.9141;27.6324;27.198400000000003;22.5006;20.0993;31.171200000000002;19.0203;50.459300000000006;36.293099999999995;56.2308;37.379400000000004;47.743199999999995;40.0047;43.670199999999994;45.7857;50.438199999999995;32.3217;36.293099999999995;36.293099999999995;60.6588;34.0666;52.7443;41.842800000000004;22.0472;36.1772;21.4623;14.5546;56.085800000000006;16.5828;24.2804;22.134700000000002;23.0819;27.6673;17.0367;27.6673;31.2878;14.5546;17.6041;8.241200000000001;8.662799999999999;12.0385;29.6817;7.3673;7.8821;18.5113;22.9995;30.5545;14.9686;18.254;35.601;47.531800000000004;31.681099999999997;2.7289;5.6073;18.3632;6.1149;12.5238;14.164200000000001;24.019099999999998;14.7975;10.4035;11.6305;11.043899999999999;13.9581;14.3292;13.7977;11.6305;12.342;11.043899999999999;14.9196;16.3329;9.9847;15.5565;14.0031;4.8854;17.7513;15.5565;11.043899999999999;14.155;13.965399999999999;14.399899999999999;17.0917;31.6051;42.5132;23.1495;22.284;20.4842;16.5828;34.8843;21.9287;23.0153;29.7603;25.1155;32.177099999999996;27.6843;22.5701;24.4269;16.5828;16.5828;20.0993;22.5006;18.3362;20.4864;18.0732;29.7603;18.3146;18.3362;19.0203;19.321099999999998;12.065299999999999;22.5006;20.030900000000003;24.313200000000002;18.3362;24.4269;22.5006;18.3146;27.6324;18.3362;18.0732;23.100099999999998;27.6673;26.4908;16.5828;16.5828;43.670199999999994;20.4864
ASV Bergedorf 85 3.;48.9291;48.8053;53.287099999999995;52.137699999999995;62.4733;56.6604;58.095699999999994;47.1565;50.8714;50.676199999999994;50.7573;38.5373;49.3023;57.674;22.3458;33.469699999999996;35.1812;22.5087;18.389599999999998;19.306099999999997;22.3458;25.0323;41.982699999999994;35.1812;18.4453;23.723200000000002;16.0333;2.7701;14.6189;4.6293999999999995;7.446;21.969099999999997;9.8537;8.5347;12.0903;0.0;21.889;32.333;24.921799999999998;17.1738;16.0333;18.389599999999998;14.0096;13.5823;22.828200000000002;5.7695;21.825599999999998;19.306099999999997;19.296400000000002;13.5823;9.6528;17.4493;18.4453;5.321;5.4959;14.6189;9.479299999999999;5.7695;11.492299999999998;7.3673;0.0;10.8117;15.735700000000001;10.4515;12.5166;15.3178;14.1579;2.7709;18.5733;14.9519;15.735700000000001;18.5733;20.9997;16.668400000000002;21.3845;12.077399999999999;10.508899999999999;16.8202;14.1579;9.8887;15.1409;16.093600000000002;13.866;17.7295;6.2965;16.9305;18.5733;20.633200000000002;15.1409;21.3845;19.1026;15.735700000000001;19.1026;31.8258;28.7904;15.735700000000001;16.5527;17.886400000000002;27.862299999999998;21.5522;19.646900000000002;29.725099999999998;26.7538;16.3248;27.319599999999998;15.1409;19.1026;23.044700000000002;17.5664;35.277800000000006;20.8078;25.4666;35.5039;6.023;32.4796;20.0797;28.2525;31.8258;30.088;22.7316;21.243;22.7316;22.3816;35.375699999999995;21.243;20.0797;29.725099999999998;27.7593;25.638;25.638;19.547400000000003;21.3104;24.130599999999998;24.9009;24.9009;19.547400000000003;19.284299999999998;20.795900000000003;22.3816;21.3104;24.130599999999998;20.0797;19.547400000000003;25.638;20.821099999999998;18.383599999999998;34.1225;36.1252;18.6489;38.093900000000005;33.0974;38.093900000000005;27.7593;36.1252;29.4332;28.999200000000002;24.3014;21.3104;32.972;20.821099999999998;51.6705;38.093900000000005;57.441900000000004;38.5905;48.9543;41.215900000000005;44.8813;47.5865;51.6494;34.1225;38.093900000000005;38.093900000000005;61.87;35.277800000000006;53.9555;43.6436;24.271;38.401;23.6861;16.7784;58.309599999999996;18.383599999999998;26.504099999999998;24.3585;25.3057;29.891099999999998;19.2605;29.891099999999998;33.5116;16.7784;19.8278;11.551200000000001;6.605300000000001;4.9223;13.873299999999999;0.0;2.6905;11.395100000000001;7.1911000000000005;9.1714;7.852399999999999;13.636299999999999;20.1809;30.625;21.2532;9.8887;16.668400000000002;25.1986;12.077399999999999;19.3592;20.9997;30.8545;21.632900000000003;17.2389;18.4659;12.5166;15.343;16.1139;20.633200000000002;18.4659;14.7072;12.5166;16.9305;23.168400000000002;16.8202;17.5664;16.5527;9.770299999999999;24.5867;17.5664;12.5166;15.735700000000001;15.350299999999999;16.3248;19.1026;33.616;44.139300000000006;24.735;29.1195;27.319599999999998;18.383599999999998;44.3046;28.7641;27.862299999999998;30.971400000000003;26.701;32.4796;29.6951;24.130599999999998;25.638;18.383599999999998;18.383599999999998;21.3104;24.3014;19.547400000000003;21.6975;19.284299999999998;30.971400000000003;19.5257;19.547400000000003;20.821099999999998;20.5322;13.866;24.3014;21.831599999999998;26.114;19.547400000000003;25.638;24.3014;19.5257;29.4332;19.547400000000003;19.284299999999998;24.9009;29.891099999999998;27.702;18.383599999999998;18.383599999999998;44.8813;21.6975
Glinde 3.;52.6181;52.4942;56.976099999999995;55.826699999999995;66.1623;60.3493;61.7846;55.5582;55.1462;54.3651;53.69;42.2262;52.9912;59.9792;24.651;35.7749;37.4865;24.814;20.6948;21.6114;24.651;27.3375;44.2879;37.4865;20.7505;26.0285;12.2346;12.6779;22.6303;11.4599;7.3498;27.294;17.1494;13.8292;20.1327;10.8117;25.5574;43.0871;28.26;23.8869;12.2346;20.6948;16.314799999999998;17.9324;25.1334;8.746;24.1309;21.6114;21.601599999999998;17.9324;6.6775;19.7545;20.7505;17.3227;8.4724;22.6303;8.7687;8.746;13.786700000000002;5.2962;10.8117;0.0;19.6801;12.6135;16.5691;12.2711;16.3199;12.804200000000002;17.263;13.6416;19.6801;17.263;12.591;8.0062;19.886599999999998;3.1148000000000002;8.3751;15.5099;16.3199;6.6917;18.5076;14.783299999999999;18.7836;21.2438;8.687700000000001;20.4448;17.263;19.3229;18.5076;19.886599999999998;22.6169;19.6801;22.6169;35.340199999999996;32.304700000000004;19.6801;19.528200000000002;21.7338;28.5404;25.0665;23.3951;31.169700000000002;25.4436;19.925;25.234099999999998;18.5076;22.6169;26.559;21.081599999999998;39.591800000000006;25.1218;28.980900000000002;39.0182;8.414100000000001;37.7022;24.9972;31.7668;35.340199999999996;34.3344;26.3233;25.1542;26.3233;26.6956;39.689699999999995;25.1542;24.9972;31.169700000000002;32.6769;29.952;29.952;23.8614;25.6244;28.095200000000002;29.8184;29.8184;23.8614;23.5983;25.109900000000003;26.6956;25.6244;28.095200000000002;24.9972;23.8614;29.952;25.5974;23.2602;39.040099999999995;40.4392;22.9629;43.0115;37.4114;43.0115;32.6769;40.4392;34.350699999999996;33.9167;29.2189;25.6244;37.8895;25.5974;55.9845;43.0115;61.755900000000004;42.9045;53.2683;45.529900000000005;49.1953;56.1449;55.9634;39.040099999999995;43.0115;43.0115;66.184;39.591800000000006;58.2695;48.561099999999996;26.01;40.14;25.4252;18.517400000000002;60.0486;23.2602;28.2432;26.0975;27.0448;31.6301;20.9995;31.6301;35.2506;18.517400000000002;21.5669;5.346100000000001;7.460100000000001;10.6287;22.7705;10.4222;8.5777;20.2791;16.0882;17.187900000000003;13.8261;15.7622;25.5757;43.1441;27.2935;6.6917;8.0062;23.4574;3.1148000000000002;18.049;12.591;22.4458;19.1702;15.928600000000001;17.1556;16.5691;19.4832;19.8543;19.3229;17.1556;17.867099999999997;16.5691;20.4448;21.8581;15.5099;21.081599999999998;19.528200000000002;8.8482;22.6734;21.081599999999998;16.5691;19.6801;19.490599999999997;19.925;22.6169;37.130300000000005;48.0383;28.674599999999998;30.6248;25.234099999999998;23.2602;40.4095;27.453799999999998;28.5404;35.2854;30.6406;37.7022;33.2094;28.095200000000002;29.952;23.2602;23.2602;25.6244;29.2189;23.8614;26.0115;23.5983;35.2854;23.8397;23.8614;25.5974;24.8462;18.7836;29.2189;26.749200000000002;31.0315;23.8614;29.952;29.2189;23.8397;34.350699999999996;23.8614;23.5983;29.8184;31.6301;32.016;23.2602;23.2602;49.1953;26.0115
Polonia 4.;35.9403;35.8165;40.2984;39.149;49.4846;43.6716;45.1069;38.8805;38.4685;37.687400000000004;37.7685;25.5485;36.3135;53.4018;17.0682;29.197400000000002;21.031;17.2312;10.575;10.0622;17.0682;19.7047;37.7104;21.031;14.173;18.3957;27.6889;20.3978;31.347;18.8612;21.9328;38.469300000000004;32.3247;26.8093;30.364900000000002;15.735700000000001;37.3699;47.813900000000004;40.402699999999996;32.6547;27.6889;10.575;5.7017;2.8143000000000002;17.5006;12.0996;16.548;10.0622;10.0525;2.8143000000000002;9.6355;8.682799999999999;14.173;13.2873;11.826;31.347;8.2534;12.0996;4.6955;14.155;15.735700000000001;19.6801;0.0;5.9994;5.0662;27.9434;4.81;17.3236;8.5214;10.1265;0.0;8.5214;20.6938;11.843;10.148700000000002;17.936400000000003;8.0302;6.097600000000001;4.81;13.267299999999999;3.1848;11.2682;2.9138;4.6484;11.745299999999999;4.105600000000001;8.5214;6.3231;3.1848;10.148700000000002;6.277699999999999;0.0;6.277699999999999;20.235599999999998;17.2001;0.0;2.1104000000000003;3.6018000000000003;15.077;8.242299999999998;5.3623;16.627599999999997;14.133700000000001;1.4887000000000001;14.112;3.1848;6.277699999999999;10.2594;3.0299;21.9363;7.5329;12.133700000000001;21.4497;11.4717;16.5453;8.169;14.1982;20.235599999999998;13.3904;8.099;6.958399999999999;8.099;9.5953;22.034200000000002;6.958399999999999;8.169;16.627599999999997;15.787;11.8836;11.8836;6.7119;8.559299999999999;9.870899999999999;12.9285;12.9285;6.7119;6.4488;7.9604;9.5953;8.559299999999999;9.870899999999999;8.169;6.7119;11.8836;8.448;6.1499;22.1502;22.7837;5.8134;26.121599999999997;19.7559;26.121599999999997;15.787;22.7837;17.4608;16.4879;12.329;8.559299999999999;20.436799999999998;8.448;38.329;26.121599999999997;44.1004;25.2491;35.6129;27.8744;31.539900000000003;38.4894;38.307900000000004;22.1502;26.121599999999997;26.121599999999997;48.5285;21.9363;40.614;31.5395;17.0103;28.3903;16.4254;6.411899999999999;52.1804;6.1499;19.3666;17.2209;18.045;22.729200000000002;10.1041;22.729200000000002;26.349700000000002;6.411899999999999;13.6987;19.7814;21.412200000000002;19.337;34.293;14.665799999999999;15.1806;33.2518;27.610799999999998;35.165800000000004;29.7091;31.4345;40.212300000000006;54.092;38.2414;13.267299999999999;11.843;15.4145;17.936400000000003;9.3074;20.6938;30.548599999999997;13.0381;6.0747;10.345600000000001;5.0662;3.6594;3.6182;6.3231;10.345600000000001;2.4511;5.0662;4.105600000000001;10.1975;6.097600000000001;3.0299;2.1104000000000003;7.7572;11.4891;3.0299;5.0662;0.0;3.752;1.4887000000000001;6.277699999999999;19.561799999999998;30.4698;10.450299999999999;16.386400000000002;14.112;6.1499;22.8409;15.6666;15.077;17.629900000000003;12.4164;16.5453;16.3622;9.870899999999999;11.8836;6.1499;6.1499;8.559299999999999;12.329;6.7119;7.3039;6.4488;17.629900000000003;6.6902;6.7119;8.448;7.6967;2.9138;12.329;10.4296;15.7581;6.7119;11.8836;12.329;6.6902;17.4608;6.7119;6.4488;12.9285;22.729200000000002;13.6302;6.1499;6.1499;31.539900000000003;7.3039
FC Preußen Hamburg 1.;39.993300000000005;39.8695;44.3514;43.202;53.5375;47.724599999999995;49.1599;39.0095;42.7244;41.7404;40.8335;29.6015;40.3665;56.788199999999996;18.3313;32.5839;22.2941;18.4942;11.8381;11.3252;18.3313;20.9677;41.0969;22.2941;17.5595;19.6587;25.511;18.0499;28.9991;13.577;13.195799999999998;36.2914;29.9768;24.4614;28.017;10.4515;35.022;45.466;38.0548;30.3068;25.511;11.8381;5.8718;5.4353;18.7636;6.8153999999999995;17.8111;11.3252;11.3155;5.4353;4.1496;9.9459;17.5595;8.021;6.5418;28.9991;2.7674000000000003;6.8153999999999995;3.3451999999999997;8.6507;10.4515;12.6135;5.9994;0.0;1.8077999999999999;25.235400000000002;5.3335;12.5936;11.0399;7.4185;5.9022;11.0399;17.985799999999998;9.135;13.8511;15.228399999999999;2.5936;5.5536;5.3335;4.1559;4.7367;8.5602;5.0417;7.325399999999999;5.8503;6.5263;11.0399;8.2485;4.7367;13.8511;8.6984;5.9022;8.6984;21.4217;18.386200000000002;5.9022;5.7573;7.962899999999999;17.458099999999998;11.148;9.476600000000001;18.553;15.581700000000001;6.1472;16.0373;4.7367;8.6984;12.6405;7.3107;25.5031;11.033100000000001;15.0624;25.099700000000002;6.7418000000000005;23.7838;11.2553;17.8483;21.4217;20.4159;12.5524;11.235700000000001;12.5524;12.6069;25.601;11.235700000000001;11.2553;18.553;18.935;15.863299999999999;15.863299999999999;9.7727;11.5357;14.3243;16.0765;16.0765;9.7727;9.5096;11.0212;12.6069;11.5357;14.3243;11.2553;9.7727;15.863299999999999;11.9967;9.0198;25.2982;26.3505;8.8742;29.269599999999997;23.3227;29.269599999999997;18.935;26.3505;20.6088;20.174799999999998;15.477;11.5357;24.147599999999997;11.9967;41.8958;29.269599999999997;47.667199999999994;28.815900000000003;39.1796;31.441200000000002;35.1066;38.7621;41.8747;25.2982;29.269599999999997;29.269599999999997;52.0953;25.5031;44.180800000000005;34.819199999999995;18.4511;29.8312;17.8663;7.8528;55.9672;9.0198;20.8074;18.6618;19.4859;24.17;11.5449;24.17;27.790599999999998;7.8528;17.485400000000002;17.073400000000003;18.7042;14.6071;29.5631;9.9359;10.450700000000001;28.521900000000002;22.8808;30.4359;24.9791;28.726599999999998;35.4823;45.926300000000005;35.5334;4.1559;9.135;17.665200000000002;15.228399999999999;11.825899999999999;17.985799999999998;27.8406;14.0995;5.5308;10.9325;1.8077999999999999;4.9388000000000005;5.7097;8.2485;10.9325;4.089300000000001;1.8077999999999999;6.5263;12.1228;5.5536;7.3107;5.7573;2.6168;13.4145;7.3107;1.8077999999999999;5.9022;4.9462;6.1472;8.6984;23.2118;34.1199;14.8659;18.311799999999998;16.0373;9.0198;26.491;17.591900000000003;17.458099999999998;21.1967;16.8319;23.7838;19.2909;14.3243;15.863299999999999;9.0198;9.0198;11.5357;15.477;9.7727;11.9229;9.5096;21.1967;9.751;9.7727;11.9967;10.7575;5.0417;15.477;13.007299999999999;17.2896;9.7727;15.863299999999999;15.477;9.751;20.6088;9.7727;9.5096;16.0765;24.17;17.9273;9.0198;9.0198;35.1066;11.9229
Hamm United 3.;39.0601;38.9363;43.4182;42.268800000000006;52.6044;46.7914;48.226699999999994;42.0003;41.588300000000004;40.807199999999995;40.1321;28.6683;39.4333;53.5081;17.174599999999998;29.3037;21.137400000000003;17.3375;10.6814;10.1685;17.174599999999998;19.811;37.8168;21.137400000000003;14.279399999999999;18.502;24.5778;20.115;31.0642;15.642100000000001;18.8218;35.3582;32.0418;26.5265;30.082099999999997;12.5166;37.0871;51.151300000000006;40.1199;32.371900000000004;24.5778;10.6814;4.7151000000000005;4.3744;17.606900000000003;8.8805;16.654400000000003;10.1685;10.1588;4.3744;5.6216;8.789200000000001;14.279399999999999;10.068200000000001;8.6069;31.0642;4.2395;8.8805;2.1885;11.043899999999999;12.5166;16.5691;5.0662;1.8077999999999999;0.0;24.2622;4.5537;14.2796;10.0667;6.4453000000000005;4.929;10.0667;17.0126;8.1618;12.8779;14.2552;3.775;5.434;4.5537;9.5861;3.7635;7.587;3.7481999999999998;6.4997;8.7013;5.700699999999999;10.0667;7.8151;3.7635;12.8779;7.8728;4.929;7.8728;20.5961;17.560599999999997;4.929;4.7841000000000005;6.9897;16.6325;10.3224;8.651;18.1196;15.148299999999999;5.174;15.604;3.7635;7.8728;11.8149;6.3376;24.840700000000002;10.370700000000001;14.236799999999999;24.274099999999997;8.4278;22.958099999999998;9.961799999999998;17.0227;20.5961;19.5903;11.5792;10.4101;11.5792;11.9445;24.938599999999997;10.4101;9.961799999999998;18.1196;17.6415;15.200899999999999;15.200899999999999;9.110299999999999;10.873299999999999;13.3511;14.783;14.783;9.110299999999999;8.847299999999999;10.3589;11.9445;10.873299999999999;13.3511;9.961799999999998;9.110299999999999;15.200899999999999;10.7032;8.2248;24.0047;25.6881;8.211799999999998;27.9761;22.6603;27.9761;17.6415;25.6881;19.3153;18.8813;14.1835;10.873299999999999;22.8541;10.7032;41.2334;27.9761;47.0049;28.1535;38.517300000000006;30.7788;34.444300000000005;37.468599999999995;41.212300000000006;24.0047;27.9761;27.9761;51.432900000000004;24.840700000000002;43.5184;33.5257;17.671400000000002;29.0515;17.086599999999997;7.0731;52.8416;8.2248;20.0277;17.882;18.7062;23.3903;10.7652;23.3903;27.0108;7.0731;14.3599;16.1003;17.731;16.293;31.2491;11.621799999999999;12.136700000000001;30.207900000000002;24.5668;32.1218;26.6651;27.753400000000003;37.1683;50.4108;34.560199999999995;9.5861;8.1618;16.692;14.2552;10.8527;17.0126;26.8674;13.126299999999999;5.4111;9.959299999999999;0.0;4.7391000000000005;5.1102;7.8151;9.959299999999999;3.1161;0.0;5.700699999999999;11.6895;5.434;6.3376;4.7841000000000005;3.9806;12.981200000000001;6.3376;0.0;4.929;4.7465;5.174;7.8728;22.386200000000002;33.2942;13.9305;17.878400000000003;15.604;8.2248;25.6654;17.1586;16.6325;20.534299999999998;15.8965;22.958099999999998;18.4653;13.3511;15.200899999999999;8.2248;8.2248;10.873299999999999;14.1835;9.110299999999999;11.2605;8.847299999999999;20.534299999999998;9.088700000000001;9.110299999999999;10.7032;10.0951;3.7481999999999998;14.1835;11.713799999999999;15.9961;9.110299999999999;15.200899999999999;14.1835;9.088700000000001;19.3153;9.110299999999999;8.847299999999999;14.783;23.3903;17.2649;8.2248;8.2248;34.444300000000005;11.2605
Aumühle 4.;61.9373;61.8135;66.2953;65.1459;75.4815;69.66860000000001;71.1039;64.8775;64.4655;63.684400000000004;63.0092;51.5455;62.3105;69.4458;34.117599999999996;45.2415;46.9531;34.2806;30.1614;31.078;34.117599999999996;36.8041;53.7545;46.9531;30.2171;35.495;0.0;17.1397;24.439700000000002;13.413799999999998;9.669799999999999;14.7173;8.517299999999999;9.6595;15.6795;15.3178;15.9105;26.354599999999998;18.6132;12.0115;0.0;30.1614;25.7814;27.2516;34.6;18.2126;33.5974;31.078;31.0682;27.2516;16.1441;29.2211;30.2171;24.3345;17.939;24.439700000000002;18.2352;18.2126;23.2532;14.762799999999999;15.3178;12.2711;27.9434;25.235400000000002;24.2622;0.0;29.5865;19.2318;25.2717;21.6504;27.6889;25.2717;17.8446;17.4945;29.3749;14.3715;21.9174;23.5186;29.5865;20.4513;26.5164;22.792099999999998;26.7923;29.252599999999997;18.1597;28.4535;25.2717;27.3317;26.5164;29.3749;30.6256;27.6889;30.6256;43.3489;40.3135;27.6889;27.537;29.7426;36.5492;33.075300000000006;31.4039;35.9452;33.4523;27.933799999999998;34.7224;26.5164;30.6256;34.567800000000005;29.090400000000002;47.6006;33.1306;36.9897;47.027;17.8861;45.711;33.006;39.7755;43.3489;42.343199999999996;34.3321;33.1629;34.3321;34.7044;47.6985;33.1629;33.006;35.9452;40.6856;37.960800000000006;37.960800000000006;31.8702;33.633199999999995;36.104;37.8272;37.8272;31.8702;31.6071;33.1187;34.7044;33.633199999999995;36.104;33.006;31.8702;37.960800000000006;33.606199999999994;31.269;47.0488;48.448;30.971700000000002;51.020199999999996;45.420199999999994;51.020199999999996;40.6856;48.448;42.3595;41.9255;37.2277;33.633199999999995;45.898300000000006;33.606199999999994;63.993199999999995;51.020199999999996;69.76469999999999;50.9133;61.2771;53.538599999999995;57.2041;64.1537;63.972199999999994;47.0488;51.020199999999996;51.020199999999996;74.1928;47.6006;66.2783;56.569900000000004;39.2766;53.4066;38.6917;31.784;73.31519999999999;31.269;41.509800000000006;39.3641;40.3113;44.896699999999996;34.2661;44.896699999999996;48.517199999999995;31.784;34.8335;9.699;9.6706;10.7259;24.4694;16.0333;13.300600000000001;15.709200000000001;17.128700000000002;8.539299999999999;9.673399999999999;6.1111;15.9246;26.368599999999997;14.7426;20.4513;17.4945;30.0103;14.3715;26.0577;17.8446;27.221400000000003;28.6585;23.9374;25.1644;24.5778;27.492;27.8631;27.3317;25.1644;25.8759;24.5778;28.4535;29.8669;23.5186;29.090400000000002;27.537;22.3905;32.1617;29.090400000000002;24.5778;27.6889;27.499299999999998;27.933799999999998;30.6256;45.1391;56.0471;36.6834;35.4003;34.7224;31.269;48.4182;35.4626;36.5492;43.2942;38.6494;45.711;41.218199999999996;36.104;37.960800000000006;31.269;31.269;33.633199999999995;37.2277;31.8702;34.020300000000006;31.6071;43.2942;31.8485;31.8702;33.606199999999994;32.855;26.7923;37.2277;34.758;39.0403;31.8702;37.960800000000006;37.2277;31.8485;42.3595;31.8702;31.6071;37.8272;44.896699999999996;40.024800000000006;31.269;31.269;57.2041;34.020300000000006
Lorbeer 2.;37.701;37.5771;42.059;40.9096;51.2452;45.432199999999995;46.8675;35.9284;39.6433;39.448;39.5291;27.309099999999997;38.0741;50.038199999999996;13.7047;25.8339;17.6675;13.8676;7.2115;6.6987;13.7047;16.3412;34.3469;17.6675;10.8095;15.0321;29.5865;15.476;21.021;19.166700000000002;16.9022;40.3669;27.4028;21.8875;25.443099999999998;14.1579;32.448;42.8921;35.4808;27.7329;29.5865;7.2115;0.0;3.1838;14.1371;10.521799999999999;13.1845;6.6987;6.688899999999999;3.1838;8.0577;5.3193;10.8095;11.5577;10.2481;21.021;6.6755;10.521799999999999;2.5225;12.3571;14.1579;16.3199;4.81;5.3335;4.5537;29.5865;0.0;15.8189;14.3495;10.728200000000001;5.7017;14.3495;22.8888;12.444600000000001;15.122;20.1007;7.089300000000001;9.173399999999999;0.0;7.8899;7.4431;11.8699;3.2694;9.6217;11.089;9.078899999999999;14.3495;11.2964;7.4431;15.122;11.251;5.7017;11.251;25.2089;22.1734;5.7017;7.083699999999999;7.852399999999999;20.0503;13.2156;9.613;21.600900000000003;19.107;6.2908;19.0853;7.4431;11.251;15.232700000000001;7.5324;23.4994;9.029399999999999;17.107;33.6416;10.8155;20.7012;8.3013;19.1715;25.2089;18.3096;10.9532;11.209;10.9532;10.6031;23.5972;11.209;8.3013;21.600900000000003;15.9809;13.8596;13.8596;7.7688999999999995;9.532;12.3521;13.1225;13.1225;7.7688999999999995;7.5059;9.0175;10.6031;9.532;12.3521;8.3013;7.7688999999999995;13.8596;9.0426;6.6052;22.344099999999997;24.346799999999998;6.8705;26.3155;21.319;26.3155;15.9809;24.346799999999998;17.654799999999998;17.2208;12.523;9.532;21.1936;9.0426;39.892;26.3155;45.6635;26.812099999999997;37.1759;29.4374;33.1029;35.808099999999996;39.871;22.344099999999997;26.3155;26.3155;50.0916;23.4994;42.177;31.8652;14.5835;25.9636;13.998700000000001;3.9852;49.753699999999995;6.6052;16.939799999999998;14.7942;15.6183;20.302400000000002;7.6773;20.302400000000002;23.923;3.9852;11.272;21.9458;17.3702;20.327599999999997;20.6367;14.0096;14.5244;25.323400000000003;19.682299999999998;27.2374;21.7806;32.6511;32.2838;42.7278;40.405699999999996;7.8899;12.444600000000001;20.9749;20.1007;15.1355;22.8888;32.743700000000004;17.409200000000002;9.1506;14.2422;4.7151000000000005;8.632700000000002;8.5915;11.2964;14.2422;5.8873;4.7151000000000005;9.078899999999999;15.1708;9.173399999999999;7.5324;7.083699999999999;6.3508000000000004;16.462400000000002;7.5324;4.7151000000000005;5.7017;8.4261;6.2908;11.251;24.5351;32.3609;13.744200000000001;21.3597;19.0853;6.6052;32.5262;20.6398;20.0503;19.193;15.7102;20.7012;21.3355;12.3521;13.8596;6.6052;6.6052;9.532;12.523;7.7688999999999995;9.9191;7.5059;19.193;7.7473;7.7688999999999995;9.0426;8.7538;3.2694;12.523;10.0532;14.335600000000001;7.7688999999999995;13.8596;12.523;7.7473;17.654799999999998;7.7688999999999995;7.5059;13.1225;20.302400000000002;15.9235;6.6052;6.6052;33.1029;9.9191
SVNA 3.;53.848;53.7241;58.206;57.056599999999996;67.3922;61.5792;63.0145;51.7214;55.4363;55.595;55.6761;43.4561;54.2211;57.8557;22.5275;33.6514;35.363;22.6905;18.5713;19.4879;22.5275;25.214;42.1644;35.363;18.627;23.905;19.2318;0.0;14.551;5.8328999999999995;8.4875;28.502;15.5286;10.0133;13.5689;2.7709;20.573900000000002;31.0179;23.6067;15.8587;19.2318;18.5713;15.8189;16.2401;23.009900000000002;8.427299999999999;22.0074;19.4879;19.478099999999998;16.2401;12.3105;17.631;18.627;9.1682;8.1537;14.551;12.137;8.427299999999999;14.15;10.025;2.7709;12.804200000000002;17.3236;12.5936;14.2796;19.2318;15.8189;0.0;25.3885;21.7672;20.3978;25.3885;27.8149;23.483700000000002;28.1998;13.9435;18.387400000000003;23.6354;15.476;16.704;26.633200000000002;22.908900000000003;18.5143;25.327900000000003;8.383299999999998;24.5289;25.3885;27.4485;26.633200000000002;28.1998;26.701;20.3978;26.701;39.905;36.8695;20.3978;21.779799999999998;22.548599999999997;36.666;27.9117;24.309099999999997;36.5404;33.5691;20.986900000000002;34.1349;26.633200000000002;26.701;30.643099999999997;22.2285;38.187599999999996;23.717599999999997;31.803099999999997;48.329800000000006;8.1098;35.3894;22.9895;33.8677;39.905;32.997800000000005;25.6414;25.905099999999997;25.6414;25.291400000000003;38.2855;25.905099999999997;22.9895;36.5404;30.6691;28.5478;28.5478;22.4572;24.220200000000002;27.0404;27.8107;27.8107;22.4572;22.1941;23.7057;25.291400000000003;24.220200000000002;27.0404;22.9895;22.4572;28.5478;23.730900000000002;21.293400000000002;37.032300000000006;39.035;21.5587;41.003699999999995;36.0072;41.003699999999995;30.6691;39.035;32.343;31.909;27.2112;24.220200000000002;35.881800000000005;23.730900000000002;54.5803;41.003699999999995;60.351699999999994;41.5003;51.8641;44.125699999999995;47.7911;50.496300000000005;54.5592;37.032300000000006;41.003699999999995;41.003699999999995;64.77980000000001;38.187599999999996;56.865300000000005;46.5534;22.9173;37.0473;22.3325;15.424700000000001;56.9559;21.293400000000002;25.1505;23.0048;23.952099999999998;28.5374;17.9068;28.5374;32.1579;15.424700000000001;18.4742;13.417399999999999;8.4714;6.7442;14.923399999999999;2.7701;4.5567;13.882200000000001;8.241200000000001;15.7962;10.3395;21.21;20.8427;31.2867;28.8268;16.704;23.483700000000002;32.0139;13.9435;26.1745;27.8149;37.6698;28.4482;24.0542;25.281200000000002;20.115;22.9414;23.7123;27.4485;25.281200000000002;25.9927;20.115;24.5289;29.9836;23.6354;22.2285;21.779799999999998;17.3687;31.402;22.2285;20.115;20.3978;22.948700000000002;20.986900000000002;26.701;39.231199999999994;47.049099999999996;28.4324;35.9348;34.1349;21.293400000000002;47.214400000000005;35.5794;36.666;33.8812;30.3985;35.3894;36.031699999999994;27.0404;28.5478;21.293400000000002;21.293400000000002;24.220200000000002;27.2112;22.4572;24.6073;22.1941;33.8812;22.4355;22.4572;23.730900000000002;23.442;18.5143;27.2112;24.741400000000002;29.023799999999998;22.4572;28.5478;27.2112;22.4355;32.343;22.4572;22.1941;27.8107;28.5374;30.6118;21.293400000000002;21.293400000000002;47.7911;24.6073
Condor 4.;43.0346;42.9108;47.3927;46.243300000000005;56.5788;50.7659;52.2012;45.9748;46.5237;44.781699999999994;38.9676;32.6428;43.4078;64.1268;28.798599999999997;39.9225;31.1527;28.961599999999997;17.74;17.2271;28.798599999999997;31.4851;48.4355;31.1527;24.8981;30.176099999999998;25.2717;25.3885;36.3377;21.6988;19.515700000000002;36.052099999999996;37.315400000000004;31.8;35.355599999999995;18.5733;42.3606;51.8452;45.3934;37.6455;25.2717;17.74;14.3495;9.9792;29.281;14.9372;28.2784;17.2271;17.2174;9.9792;11.0867;15.8478;24.8981;21.470299999999998;14.6635;36.3377;9.241200000000001;14.9372;11.822899999999999;11.7378;18.5733;17.263;8.5214;11.0399;10.0667;25.2717;14.3495;25.3885;0.0;5.0876;9.1923;0.0;9.356;7.5385;3.4905999999999997;11.5436;7.9935;3.4153000000000002;13.9207;10.806899999999999;5.959;4.7438;12.043299999999999;6.1384;15.3773;6.4318;0.0;3.3171999999999997;5.959;3.4905999999999997;5.63;9.1923;5.63;18.135;16.2572;9.1923;7.1383;8.9018;11.9569;9.4743;8.9921;11.831299999999999;8.86;8.290299999999998;9.3556;5.959;5.63;10.9668;8.249600000000001;26.416900000000002;12.2752;13.3887;20.936;15.1037;21.9057;15.0785;15.9703;18.135;18.5379;12.9382;10.7512;12.9382;14.4345;30.2804;10.7512;15.0785;11.831299999999999;21.0577;16.722900000000003;16.722900000000003;13.6214;13.3017;14.7102;19.0445;19.0445;13.6214;13.3583;13.9779;14.4345;13.3017;14.7102;15.0785;13.6214;16.722900000000003;15.3574;13.0594;27.9629;31.03;12.7229;31.9343;28.0021;31.9343;21.0577;31.03;23.2736;21.327099999999998;19.2385;13.3017;25.276;15.3574;46.575199999999995;31.9343;52.3467;33.4953;43.8591;36.120599999999996;39.7861;46.735699999999994;46.5541;27.9629;31.9343;31.9343;56.774699999999996;26.416900000000002;48.8602;39.7857;29.6322;37.8738;29.047400000000003;15.8955;63.6708;13.0594;31.8654;29.7197;30.667;35.252300000000005;24.6217;35.252300000000005;38.872800000000005;15.8955;25.1891;17.321099999999998;18.951900000000002;22.969;37.2667;18.2978;20.0695;36.2256;30.5845;38.1395;32.6828;28.9742;43.186;51.6316;35.781;10.806899999999999;7.5385;7.2346;11.5436;1.0058;9.356;12.630799999999999;5.204;3.8341;3.2041999999999997;9.8288;5.3419;5.3863;3.3171999999999997;3.2041999999999997;7.2491;9.8288;6.4318;5.2745;3.4153000000000002;8.249600000000001;7.1383;8.7765;6.6929;8.249600000000001;9.8288;9.1923;5.3492;8.290299999999998;5.63;21.3338;32.2418;14.3814;11.1555;9.3556;13.0594;21.962400000000002;10.870299999999999;11.9569;22.0714;18.9392;21.9057;16.4443;14.7102;16.722900000000003;13.0594;13.0594;13.3017;19.2385;13.6214;12.9383;13.3583;22.0714;13.0487;13.6214;15.3574;13.809700000000001;12.043299999999999;19.2385;17.3391;22.6676;13.6214;16.722900000000003;19.2385;13.0487;23.2736;13.6214;13.3583;19.0445;35.252300000000005;18.4694;13.0594;13.0594;39.7861;12.9383
Concordia 3.;44.120400000000004;43.9966;48.4784;47.3291;57.6646;51.851699999999994;53.287;47.0606;46.6486;45.8675;45.1923;33.7286;44.4936;60.5055;25.1773;36.3011;27.3184;25.3402;16.8625;16.3496;25.1773;27.8637;44.814099999999996;27.3184;21.2767;26.5547;21.6504;21.7672;32.7164;18.0774;15.8943;32.4308;33.694;28.1787;31.734299999999998;14.9519;38.7393;48.223800000000004;41.7721;34.0241;21.6504;16.8625;10.728200000000001;9.434700000000001;25.659599999999998;11.3158;24.6571;16.3496;16.3399;9.434700000000001;7.4654;14.9703;21.2767;17.8489;11.042200000000001;32.7164;5.619800000000001;11.3158;8.2015;8.1165;14.9519;13.6416;10.1265;7.4185;6.4453000000000005;21.6504;10.728200000000001;21.7672;5.0876;0.0;9.4031;5.1465;14.6967;2.9939;7.9577;6.9989;4.4568;3.5810999999999997;10.384;7.2702;8.2307;1.3209000000000002;8.5066;10.966899999999999;11.8406;10.1678;5.1465;7.748600000000001;8.2307;7.9577;10.0615;9.4031;10.0615;22.6021;22.0277;9.4031;9.251299999999999;11.4569;16.4239;14.7895;13.1181;16.298299999999998;13.3271;9.648100000000001;13.8928;8.2307;10.0615;16.282;10.8047;29.314799999999998;14.8448;18.7039;25.4031;11.567;27.4253;14.7203;21.4898;22.6021;24.0574;16.0463;14.8772;16.0463;16.418599999999998;29.4127;14.8772;14.7203;16.298299999999998;22.399900000000002;19.675099999999997;19.675099999999997;13.5844;15.3474;17.8182;19.5415;19.5415;13.5844;13.321399999999999;14.833;16.418599999999998;15.3474;17.8182;14.7203;13.5844;19.675099999999997;15.3205;12.9832;28.763099999999998;30.162200000000002;12.686;32.7345;27.134400000000003;32.7345;22.399900000000002;30.162200000000002;24.0738;23.6398;18.942;15.3474;27.612599999999997;15.3205;45.7075;32.7345;51.479;32.6276;42.9914;35.252900000000004;38.9184;45.868;45.6864;28.763099999999998;32.7345;32.7345;55.907;29.314799999999998;47.9925;38.2842;26.0955;34.3371;25.5107;12.358799999999999;60.1341;12.9832;28.3287;26.183;27.1303;31.7156;21.085;31.7156;35.3361;12.358799999999999;21.6524;13.7844;15.4152;19.432299999999998;33.73;14.7611;16.532799999999998;32.688900000000004;27.0478;34.6028;29.146099999999997;25.4375;39.649300000000004;48.0949;32.2443;7.2702;2.9939;11.771799999999999;6.9989;5.9325;14.6967;14.994299999999999;8.206100000000001;3.9998;4.6381000000000006;6.2921000000000005;7.3208;9.5773;7.748600000000001;4.6381000000000006;7.590199999999999;6.2921000000000005;10.1678;9.7416;3.5810999999999997;10.8047;9.251299999999999;5.2398;11.1599;10.8047;6.2921000000000005;9.4031;7.3282;9.648100000000001;10.0615;26.8533;37.7614;18.397599999999997;15.6927;13.8928;12.9832;30.1325;15.337299999999999;16.4239;25.0084;20.3637;27.4253;20.9114;17.8182;19.675099999999997;12.9832;12.9832;15.3474;18.942;13.5844;15.7346;13.321399999999999;25.0084;13.5628;13.5844;15.3205;14.5692;8.5066;18.942;16.4722;20.7546;13.5844;19.675099999999997;18.942;13.5628;24.0738;13.5844;13.321399999999999;19.5415;31.7156;21.739;12.9832;12.9832;38.9184;15.7346
Polonia 3.;35.9403;35.8165;40.2984;39.149;49.4846;43.6716;45.1069;38.8805;38.4685;37.687400000000004;37.7685;25.5485;36.3135;53.4018;17.0682;29.197400000000002;21.031;17.2312;10.575;10.0622;17.0682;19.7047;37.7104;21.031;14.173;18.3957;27.6889;20.3978;31.347;18.8612;21.9328;38.469300000000004;32.3247;26.8093;30.364900000000002;15.735700000000001;37.3699;47.813900000000004;40.402699999999996;32.6547;27.6889;10.575;5.7017;2.8143000000000002;17.5006;12.0996;16.548;10.0622;10.0525;2.8143000000000002;9.6355;8.682799999999999;14.173;13.2873;11.826;31.347;8.2534;12.0996;4.6955;14.155;15.735700000000001;19.6801;0.0;5.9022;4.929;27.6889;5.7017;20.3978;9.1923;9.4031;0.0;8.5214;20.6938;11.843;10.148700000000002;17.936400000000003;8.0302;6.097600000000001;4.81;13.267299999999999;3.1848;11.2682;2.9138;4.6484;11.745299999999999;4.105600000000001;8.5214;6.3231;3.1848;10.148700000000002;6.277699999999999;0.0;6.277699999999999;20.235599999999998;17.2001;0.0;2.1104000000000003;3.6018000000000003;15.077;8.242299999999998;5.3623;16.627599999999997;14.133700000000001;1.4887000000000001;14.112;3.1848;6.277699999999999;10.2594;3.0299;21.9363;7.5329;12.133700000000001;21.4497;11.4717;16.5453;8.169;14.1982;20.235599999999998;13.3904;8.099;6.958399999999999;8.099;9.5953;22.034200000000002;6.958399999999999;8.169;16.627599999999997;15.787;11.8836;11.8836;6.7119;8.559299999999999;9.870899999999999;12.9285;12.9285;6.7119;6.4488;7.9604;9.5953;8.559299999999999;9.870899999999999;8.169;6.7119;11.8836;8.448;6.1499;22.1502;22.7837;5.8134;26.121599999999997;19.7559;26.121599999999997;15.787;22.7837;17.4608;16.4879;12.329;8.559299999999999;20.436799999999998;8.448;38.329;26.121599999999997;44.1004;25.2491;35.6129;27.8744;31.539900000000003;38.4894;38.307900000000004;22.1502;26.121599999999997;26.121599999999997;48.5285;21.9363;40.614;31.5395;17.0103;28.3903;16.4254;6.411899999999999;52.1804;6.1499;19.3666;17.2209;18.045;22.729200000000002;10.1041;22.729200000000002;26.349700000000002;6.411899999999999;13.6987;19.7814;21.412200000000002;19.337;34.293;14.665799999999999;15.1806;33.2518;27.610799999999998;35.165800000000004;29.7091;31.4345;40.212300000000006;54.092;38.2414;13.267299999999999;11.843;15.4145;17.936400000000003;9.3074;20.6938;30.548599999999997;13.0381;6.0747;10.345600000000001;5.0662;3.6594;3.6182;6.3231;10.345600000000001;2.4511;5.0662;4.105600000000001;10.1975;6.097600000000001;3.0299;2.1104000000000003;7.7572;11.4891;3.0299;5.0662;0.0;3.752;1.4887000000000001;6.277699999999999;19.561799999999998;30.4698;10.450299999999999;16.386400000000002;14.112;6.1499;22.8409;15.6666;15.077;17.629900000000003;12.4164;16.5453;16.3622;9.870899999999999;11.8836;6.1499;6.1499;8.559299999999999;12.329;6.7119;7.3039;6.4488;17.629900000000003;6.6902;6.7119;8.448;7.6967;2.9138;12.329;10.4296;15.7581;6.7119;11.8836;12.329;6.6902;17.4608;6.7119;6.4488;12.9285;22.729200000000002;13.6302;6.1499;6.1499;31.539900000000003;7.3039
Farmsen 1.;43.0346;42.9108;47.3927;46.243300000000005;56.5788;50.7659;52.2012;45.9748;46.5237;44.781699999999994;38.9676;32.6428;43.4078;64.1268;28.798599999999997;39.9225;31.1527;28.961599999999997;17.74;17.2271;28.798599999999997;31.4851;48.4355;31.1527;24.8981;30.176099999999998;25.2717;25.3885;36.3377;21.6988;19.515700000000002;36.052099999999996;37.315400000000004;31.8;35.355599999999995;18.5733;42.3606;51.8452;45.3934;37.6455;25.2717;17.74;14.3495;9.9792;29.281;14.9372;28.2784;17.2271;17.2174;9.9792;11.0867;15.8478;24.8981;21.470299999999998;14.6635;36.3377;9.241200000000001;14.9372;11.822899999999999;11.7378;18.5733;17.263;8.5214;11.0399;10.0667;25.2717;14.3495;25.3885;0.0;5.1465;8.5214;0.0;9.356;7.5385;3.4905999999999997;11.5436;7.9935;3.4153000000000002;13.9207;10.806899999999999;5.959;4.7438;12.043299999999999;6.1384;15.3773;6.4318;0.0;3.3171999999999997;5.959;3.4905999999999997;5.63;9.1923;5.63;18.135;16.2572;9.1923;7.1383;8.9018;11.9569;9.4743;8.9921;11.831299999999999;8.86;8.290299999999998;9.3556;5.959;5.63;10.9668;8.249600000000001;26.416900000000002;12.2752;13.3887;20.936;15.1037;21.9057;15.0785;15.9703;18.135;18.5379;12.9382;10.7512;12.9382;14.4345;30.2804;10.7512;15.0785;11.831299999999999;21.0577;16.722900000000003;16.722900000000003;13.6214;13.3017;14.7102;19.0445;19.0445;13.6214;13.3583;13.9779;14.4345;13.3017;14.7102;15.0785;13.6214;16.722900000000003;15.3574;13.0594;27.9629;31.03;12.7229;31.9343;28.0021;31.9343;21.0577;31.03;23.2736;21.327099999999998;19.2385;13.3017;25.276;15.3574;46.575199999999995;31.9343;52.3467;33.4953;43.8591;36.120599999999996;39.7861;46.735699999999994;46.5541;27.9629;31.9343;31.9343;56.774699999999996;26.416900000000002;48.8602;39.7857;29.6322;37.8738;29.047400000000003;15.8955;63.6708;13.0594;31.8654;29.7197;30.667;35.252300000000005;24.6217;35.252300000000005;38.872800000000005;15.8955;25.1891;17.321099999999998;18.951900000000002;22.969;37.2667;18.2978;20.0695;36.2256;30.5845;38.1395;32.6828;28.9742;43.186;51.6316;35.781;10.806899999999999;7.5385;7.2346;11.5436;1.0058;9.356;12.630799999999999;5.204;3.8341;3.2041999999999997;9.8288;5.3419;5.3863;3.3171999999999997;3.2041999999999997;7.2491;9.8288;6.4318;5.2745;3.4153000000000002;8.249600000000001;7.1383;8.7765;6.6929;8.249600000000001;9.8288;9.1923;5.3492;8.290299999999998;5.63;21.3338;32.2418;14.3814;11.1555;9.3556;13.0594;21.962400000000002;10.870299999999999;11.9569;22.0714;18.9392;21.9057;16.4443;14.7102;16.722900000000003;13.0594;13.0594;13.3017;19.2385;13.6214;12.9383;13.3583;22.0714;13.0487;13.6214;15.3574;13.809700000000001;12.043299999999999;19.2385;17.3391;22.6676;13.6214;16.722900000000003;19.2385;13.0487;23.2736;13.6214;13.3583;19.0445;35.252300000000005;18.4694;13.0594;13.0594;39.7861;12.9383
Stapelfeld 2.;54.6877;54.563900000000004;59.0457;57.896300000000004;68.2319;62.419;63.8543;57.627900000000004;57.215900000000005;56.4348;36.8971;44.2959;55.060900000000004;66.5532;31.225;42.3489;44.0605;31.388;27.2688;28.1854;31.225;33.9115;50.8619;44.0605;27.3245;32.6025;17.8446;27.8149;38.7641;20.4333;16.3232;33.449400000000004;22.759400000000003;19.4392;37.782;20.9997;44.787;49.2424;47.8198;40.0719;17.8446;27.2688;22.8888;20.002;31.7074;17.363599999999998;30.7048;28.1854;28.1756;20.002;13.5131;26.3285;27.3245;23.8967;17.0899;38.7641;15.604299999999999;17.363599999999998;18.7688;14.164200000000001;20.9997;12.591;20.6938;17.985799999999998;17.0126;17.8446;22.8888;27.8149;9.356;14.6967;20.6938;9.356;0.0;11.104899999999999;8.8522;8.2535;14.4915;16.0817;22.1606;13.0255;19.0795;15.3551;19.355400000000003;21.8157;17.5958;21.016599999999997;9.0876;11.8065;19.0795;8.8522;14.119399999999999;20.251900000000003;14.119399999999999;23.8834;22.005599999999998;20.251900000000003;20.100099999999998;22.3057;17.705299999999998;17.9637;23.966900000000003;16.783900000000003;14.6085;20.4969;14.1997;19.0795;14.119399999999999;17.0194;21.6535;40.163599999999995;25.6936;20.8658;26.6845;17.3223;28.7505;25.5691;24.4597;23.8834;27.0273;26.8951;25.726;26.8951;27.267400000000002;40.2615;25.726;25.5691;16.783900000000003;33.2487;30.523799999999998;30.523799999999998;24.4332;26.1962;28.667;30.3903;30.3903;24.4332;24.1702;25.6818;27.267400000000002;26.1962;28.667;25.5691;24.4332;30.523799999999998;26.1693;23.832;39.6119;41.011;23.5347;43.5833;37.9832;43.5833;33.2487;41.011;34.922599999999996;34.4886;29.7908;26.1962;38.461400000000005;26.1693;56.5563;43.5833;62.3278;43.4764;53.840199999999996;46.101699999999994;49.767199999999995;56.716800000000006;56.535199999999996;39.6119;43.5833;43.5833;66.75580000000001;40.163599999999995;58.841300000000004;49.133;31.8508;45.9808;31.265900000000002;24.3582;65.8894;23.832;34.0839;31.938299999999998;32.8855;37.4709;26.8403;37.4709;41.0914;24.3582;27.4076;10.2192;14.265;16.2417;39.4853;20.5164;15.382700000000002;38.4441;32.803;22.800900000000002;19.4391;21.3752;45.4045;47.5236;31.673;13.0255;11.104899999999999;12.423;8.2535;8.8792;0.0;13.505600000000001;8.1359;16.5005;6.7395;17.140900000000002;20.055;20.426099999999998;11.8065;6.7395;18.439;17.140900000000002;21.016599999999997;11.8319;16.0817;21.6535;20.100099999999998;14.9647;11.639100000000001;21.6535;17.140900000000002;20.251900000000003;20.0624;20.4969;14.119399999999999;26.798;40.731199999999994;29.2464;15.999600000000001;14.1997;23.832;27.7108;16.6187;17.705299999999998;35.8572;31.2125;28.7505;22.1928;28.667;30.523799999999998;23.832;23.832;26.1962;29.7908;24.4332;26.5834;24.1702;35.8572;24.4115;24.4332;26.1693;25.418;19.355400000000003;29.7908;27.321;31.6034;24.4332;30.523799999999998;29.7908;24.4115;34.922599999999996;24.4332;24.1702;30.3903;37.4709;32.5878;23.832;23.832;49.767199999999995;26.5834
Barsbüttel 3.;45.8369;45.7131;50.194900000000004;49.0455;59.381099999999996;53.5682;55.0035;48.7771;48.3651;47.584;46.9088;35.4451;46.2101;62.222;26.8938;38.0176;29.0349;27.0567;18.5789;18.0661;26.8938;29.5802;46.5306;29.0349;22.9932;28.2712;17.4945;23.483700000000002;34.432900000000004;15.848600000000001;11.7384;28.8646;22.409299999999998;19.089;33.4508;16.668400000000002;40.4557;44.6577;43.4885;35.7406;17.4945;18.5789;12.444600000000001;11.151200000000001;27.376099999999997;13.0323;26.3736;18.0661;18.0564;11.151200000000001;9.181899999999999;16.686700000000002;22.9932;19.5654;12.758700000000001;34.432900000000004;7.3363000000000005;13.0323;9.918;5.6073;16.668400000000002;8.0062;11.843;9.135;8.1618;17.4945;12.444600000000001;23.483700000000002;7.5385;2.9939;11.843;7.5385;11.104899999999999;0.0;10.3721;4.0842;6.1743999999999994;6.0908;12.101600000000001;8.9878;9.9483;4.0463000000000005;10.224200000000002;12.6845;13.558200000000001;11.885399999999999;7.560899999999999;9.903799999999999;9.9483;10.3721;14.0575;11.1208;14.0575;25.0165;23.7453;11.1208;10.9689;13.1745;18.8384;16.5072;14.835700000000001;18.712799999999998;15.7415;11.3657;16.3072;9.9483;14.0575;17.999599999999997;12.5223;31.032400000000003;16.5625;20.421599999999998;30.4588;13.2847;29.1429;16.437900000000003;23.2074;25.0165;25.7751;17.764;16.5948;17.764;18.136200000000002;31.1303;16.5948;16.437900000000003;18.712799999999998;24.1175;21.3927;21.3927;15.302;17.065099999999997;19.5359;21.2591;21.2591;15.302;15.039;16.5506;18.136200000000002;17.065099999999997;19.5359;16.437900000000003;15.302;21.3927;17.0381;14.7008;30.480700000000002;31.879900000000003;14.4036;34.4521;28.8521;34.4521;24.1175;31.879900000000003;25.791400000000003;25.357400000000002;20.659599999999998;17.065099999999997;29.3302;17.0381;47.4251;34.4521;53.1966;34.3452;44.709;36.9705;40.636;47.5856;47.4041;30.480700000000002;34.4521;34.4521;57.6247;31.032400000000003;49.7101;40.0018;27.8131;36.0548;27.2283;14.0764;61.851800000000004;14.7008;30.0463;27.900599999999997;28.847900000000003;33.4332;22.8027;33.4332;37.0538;14.0764;23.37;10.091;11.7218;16.2452;35.4477;16.4788;12.8395;24.5409;28.765400000000003;22.0408;19.4426;21.7441;41.3669;44.9804;29.1298;8.9878;0.0;14.1863;4.0842;8.3469;10.501;20.3558;10.6206;6.509600000000001;7.0525;8.0097;9.0384;11.295;9.903799999999999;7.0525;9.307799999999999;8.0097;11.885399999999999;12.156;6.0908;12.5223;10.9689;6.9575;13.5743;12.5223;8.0097;11.1208;9.0458;11.3657;14.0575;28.5709;39.479;20.115299999999998;18.1071;16.3072;14.7008;31.850099999999998;17.7518;18.8384;26.7261;22.0813;29.1429;24.6501;19.5359;21.3927;14.7008;14.7008;17.065099999999997;20.659599999999998;15.302;17.4522;15.039;26.7261;15.2804;15.302;17.0381;16.2869;10.224200000000002;20.659599999999998;18.189799999999998;22.4722;15.302;21.3927;20.659599999999998;15.2804;25.791400000000003;15.302;15.039;21.2591;33.4332;23.456599999999998;14.7008;14.7008;40.636;17.4522
tus BERNE 3.;44.114599999999996;43.9908;48.4726;47.3232;57.6588;51.845800000000004;53.2812;47.0547;47.6036;45.8617;29.7848;33.7228;44.4878;66.9381;31.609900000000003;42.7337;32.2327;31.7728;19.9953;19.4825;31.609900000000003;34.2963;51.2467;32.2327;27.7093;32.987300000000005;29.3749;28.1998;39.149;24.51;23.6188;40.745;40.126599999999996;34.6113;38.1669;21.3845;45.1719;56.5381;48.204699999999995;40.4567;29.3749;19.9953;15.122;12.2346;32.0922;17.7484;31.0897;19.4825;19.4727;12.2346;13.898;18.103099999999998;27.7093;24.2815;17.4748;39.149;12.0524;17.7484;14.6341;14.549;21.3845;19.886599999999998;10.148700000000002;13.8511;12.8779;29.3749;15.122;28.1998;3.4905999999999997;7.9577;10.148700000000002;3.4905999999999997;8.8522;10.3721;0.0;18.546;10.8559;6.277699999999999;14.777700000000001;13.6693;8.821399999999999;7.6224;12.9003;7.241899999999999;18.2397;7.5353;3.6517;4.3001000000000005;8.821399999999999;0.0;6.7336;10.9203;6.7336;16.8793;15.0015;10.9203;8.5877;10.3512;10.7011;10.5779;10.0957;9.2957;7.6043;9.739700000000001;7.386699999999999;8.821399999999999;6.7336;10.0152;9.699;27.5205;13.3788;13.861600000000001;19.6803;17.9662;23.0093;16.6133;17.0738;16.8793;19.6415;14.041799999999999;11.854700000000001;14.041799999999999;15.5381;31.384;11.854700000000001;16.6133;9.2957;22.1612;17.826400000000003;17.826400000000003;15.386899999999999;14.4052;15.8137;20.1481;20.1481;15.386899999999999;14.1441;15.0814;15.5381;14.4052;15.8137;16.6133;15.386899999999999;17.826400000000003;16.0963;14.8249;29.0664;32.1335;14.4884;33.037800000000004;29.105700000000002;33.037800000000004;22.1612;32.1335;24.3771;22.4306;19.977400000000003;14.4052;26.3795;16.0963;47.6788;33.037800000000004;53.450199999999995;34.598800000000004;44.9626;37.224199999999996;40.8896;47.8392;47.6577;29.0664;33.037800000000004;33.037800000000004;57.8783;27.5205;49.963800000000006;40.889300000000006;32.4947;40.1154;31.9098;16.0226;66.5333;14.8249;34.7278;32.5822;33.5294;38.1148;19.7147;38.1148;41.7353;16.0226;28.0515;18.029;21.8143;25.8315;40.1292;21.1603;22.932;39.088;33.4469;41.002;35.545199999999994;31.836599999999997;46.0484;54.494099999999996;38.6435;13.6693;10.4009;5.2658000000000005;18.546;2.6459;8.8204;11.008700000000001;3.2351;6.6965;5.6674;12.6912;7.3327;6.8358;4.3001000000000005;5.6674;9.8316;12.6912;7.5353;4.018800000000001;6.277699999999999;9.699;8.5877;11.639;4.1508;9.699;12.6912;10.9203;7.4254;9.739700000000001;6.7336;19.7938;33.3454;15.4849;9.1866;7.386699999999999;14.8249;20.706599999999998;9.6145;10.7011;23.175;20.0428;23.0093;15.188600000000001;15.8137;17.826400000000003;14.8249;14.8249;14.4052;19.977400000000003;15.386899999999999;14.0419;14.1441;23.175;14.1522;15.386899999999999;16.0963;14.9133;12.9003;19.977400000000003;18.9716;23.4065;15.386899999999999;17.826400000000003;19.977400000000003;14.1522;24.3771;15.386899999999999;14.1441;20.1481;38.1148;19.573;14.8249;14.8249;40.8896;14.0419
Willinghusen 2.;51.9303;51.8065;56.2883;55.1389;65.4745;59.6616;61.0969;54.8705;54.4585;53.6774;53.002199999999995;41.5385;52.3035;63.7651;28.4369;39.5608;41.272400000000005;28.5999;24.480700000000002;25.397299999999998;28.4369;31.1234;48.073800000000006;41.272400000000005;24.5364;29.814400000000003;14.3715;13.9435;23.896;12.7256;8.6154;25.7416;19.2863;15.966;21.398400000000002;12.077399999999999;27.6943;41.534699999999994;30.396900000000002;25.1525;14.3715;24.480700000000002;20.1007;17.2446;28.9193;9.5647;27.9168;25.397299999999998;25.3875;17.2446;7.4962;23.5404;24.5364;21.1086;9.2911;23.896;9.587399999999999;9.5647;16.0114;6.1149;12.077399999999999;3.1148000000000002;17.936400000000003;15.228399999999999;14.2552;14.3715;20.1007;13.9435;11.5436;6.9989;17.936400000000003;11.5436;8.2535;4.0842;18.546;0.0;11.8645;10.1071;19.5336;10.3985;16.4636;8.0626;16.7395;19.1998;9.8225;18.4007;11.577200000000001;13.9201;16.4636;16.466900000000003;20.5728;17.6361;20.5728;31.498099999999997;30.2606;17.6361;17.4842;19.689799999999998;25.32;23.0224;21.351;27.75;22.223200000000002;17.881;21.814400000000003;16.4636;20.5728;24.5149;19.037599999999998;37.5477;23.0777;26.936799999999998;36.9741;9.549;35.658199999999994;22.953200000000002;29.7227;31.498099999999997;32.2903;24.2792;23.1101;24.2792;24.6515;37.6456;23.1101;22.953200000000002;27.75;30.6328;27.908;27.908;21.8173;23.580299999999998;26.051099999999998;27.7744;27.7744;21.8173;21.554299999999998;23.065900000000003;24.6515;23.580299999999998;26.051099999999998;22.953200000000002;21.8173;27.908;23.5534;21.216099999999997;36.996;38.3951;20.9189;40.967400000000005;35.3673;40.967400000000005;30.6328;38.3951;32.3067;31.872700000000002;27.1749;23.580299999999998;35.8455;23.5534;53.940400000000004;40.967400000000005;59.7119;40.8605;51.2243;43.485800000000005;47.151300000000006;54.1009;53.9193;36.996;40.967400000000005;40.967400000000005;64.1399;37.5477;56.2254;46.5171;29.2238;43.3538;28.638900000000003;21.7312;63.2624;21.216099999999997;31.4569;29.3113;30.2585;34.843900000000005;24.2133;34.843900000000005;38.464400000000005;21.7312;24.7806;6.9846;8.6154;13.1388;23.925900000000002;11.5571;9.7331;21.4345;17.243599999999997;18.9344;16.3362;18.6378;28.4512;41.874;26.023400000000002;10.3985;4.0842;20.0377;0.0;12.3632;9.171299999999999;19.0261;15.7506;10.525799999999998;14.3542;14.525;17.4392;17.810299999999998;13.9201;14.3542;15.8231;14.525;18.4007;19.4466;10.1071;19.037599999999998;17.4842;12.3377;19.2538;19.037599999999998;14.525;17.6361;17.4465;17.881;20.5728;35.0862;45.9943;26.630599999999998;27.205099999999998;21.814400000000003;21.216099999999997;38.3654;24.233400000000003;25.32;33.2413;28.5966;35.658199999999994;29.8075;26.051099999999998;27.908;21.216099999999997;21.216099999999997;23.580299999999998;27.1749;21.8173;23.9675;21.554299999999998;33.2413;21.7957;21.8173;23.5534;22.8022;16.7395;27.1749;24.705099999999998;28.9875;21.8173;27.908;27.1749;21.7957;32.3067;21.8173;21.554299999999998;27.7744;34.843900000000005;29.9719;21.216099999999997;21.216099999999997;47.151300000000006;23.9675
Vorw. Wacker 4.;42.7591;42.6352;47.1171;45.967699999999994;56.3033;50.490300000000005;51.925599999999996;40.9864;44.7014;44.506099999999996;42.8614;32.367200000000004;43.1322;57.125699999999995;21.7975;32.9213;24.271;21.9604;13.815100000000001;13.302200000000001;21.7975;24.484;41.434400000000004;24.271;17.897;23.1749;21.9174;18.387400000000003;29.336599999999997;13.6344;16.1613;32.6977;30.3142;24.7989;28.3545;10.508899999999999;35.3595;45.8035;38.392300000000006;30.644299999999998;21.9174;13.815100000000001;7.089300000000001;7.4123;22.279799999999998;5.0385;21.2773;13.302200000000001;13.2925;7.4123;2.688;11.9229;17.897;7.9858;5.059;29.336599999999997;1.4643;5.0385;5.3222;4.4123;10.508899999999999;8.3751;8.0302;2.5936;3.775;21.9174;7.089300000000001;18.387400000000003;7.9935;4.4568;8.0302;7.9935;14.4915;6.1743999999999994;10.8559;11.8645;0.0;6.8745;7.2547;2.6855;6.7093;6.148;6.9628000000000005;9.298;5.0995;8.498899999999999;8.6277;10.2211;6.7093;11.4389;10.671;7.8748000000000005;10.671;23.394299999999998;20.3588;7.8748000000000005;7.7299;9.9355;19.4307;13.1206;11.449200000000001;19.7795;16.8082;8.1198;17.374;6.7093;10.671;14.613100000000001;9.283299999999999;28.374599999999997;13.9046;17.035;27.0723;5.0405;25.7563;13.1765;19.8209;23.394299999999998;22.3885;14.525;13.2083;14.525;15.478399999999999;28.4725;13.2083;13.1765;19.7795;20.856099999999998;18.7348;18.7348;12.644200000000001;14.407200000000001;17.227400000000003;17.997700000000002;17.997700000000002;12.644200000000001;12.3811;13.892700000000001;15.478399999999999;14.407200000000001;17.227400000000003;13.1765;12.644200000000001;18.7348;13.9179;11.4804;27.2193;29.222;11.745700000000001;31.1907;26.194200000000002;31.1907;20.856099999999998;29.222;22.53;22.096;17.3982;14.407200000000001;26.0688;13.9179;44.767300000000006;31.1907;50.5387;31.6874;42.0511;34.3127;37.9781;40.6833;44.746199999999995;27.2193;31.1907;31.1907;54.966800000000006;28.374599999999997;47.0523;36.7404;22.4902;31.7524;21.9054;9.774;56.5289;11.4804;24.7234;22.5778;23.525;28.1103;17.4798;28.1103;31.730900000000002;9.774;18.047099999999997;14.2765;15.9073;14.7296;30.1248;10.058399999999999;10.5732;29.083599999999997;23.4425;30.9976;25.5408;21.3417;36.044;46.488;32.7365;2.6855;6.7228;15.253;9.2027;9.4136;15.2196;25.0744;11.687299999999999;7.2933;8.520299999999999;3.7804;6.9113999999999995;7.682300000000001;10.2211;8.520299999999999;6.0619;3.7804;8.498899999999999;13.2228;6.8745;9.283299999999999;7.7299;1.1381;14.6411;9.283299999999999;3.7804;7.8748000000000005;6.9188;8.1198;10.671;25.1844;36.092400000000005;16.8384;19.1739;17.374;11.4804;28.4636;18.8185;19.4307;24.0682;18.8045;25.7563;21.2635;17.227400000000003;18.7348;11.4804;11.4804;14.407200000000001;17.3982;12.644200000000001;14.7944;12.3811;24.0682;12.6225;12.644200000000001;13.9179;13.629;6.9628000000000005;17.3982;14.9285;19.2108;12.644200000000001;18.7348;17.3982;12.6225;22.53;12.644200000000001;12.3811;17.997700000000002;28.1103;20.7988;11.4804;11.4804;37.9781;14.7944
SC FU 1.;39.7744;39.6506;44.1325;42.9831;53.318599999999996;47.5057;48.941;42.7146;42.3091;41.5215;39.2375;29.3826;40.1476;62.3737;27.0455;38.1694;25.1541;27.2085;14.6981;14.1852;27.0455;29.732;46.6824;25.1541;23.145;28.423;23.5186;23.6354;34.5846;19.945700000000002;17.7626;34.299;35.5623;30.0469;33.6025;16.8202;40.6075;50.0921;43.6403;35.8924;23.5186;14.6981;9.173399999999999;6.9373000000000005;27.527900000000002;13.1841;26.525299999999998;14.1852;14.1755;6.9373000000000005;9.3336;12.8059;23.145;19.717200000000002;12.9104;34.5846;7.4881;13.1841;6.6468;9.9847;16.8202;15.5099;6.097600000000001;5.5536;5.434;23.5186;9.173399999999999;23.6354;3.4153000000000002;3.5810999999999997;6.097600000000001;3.4153000000000002;16.0817;6.0908;6.277699999999999;10.1071;6.8745;0.0;8.5823;9.111799999999999;3.5628;4.6752;6.705;5.6947;13.6821;4.8956;3.4081;4.265;3.5628;6.3006;6.5779;6.0939;6.5779;19.791;16.7555;6.0939;4.8595;7.0651;14.7668;9.517299999999999;7.845899999999999;14.641200000000001;11.67;5.9497;12.1256;3.5628;6.5779;11.009799999999998;6.4129;22.9984;11.0884;13.431700000000001;23.469;13.4086;22.153;11.98;16.2176;19.791;18.7852;11.792;9.605;11.792;13.2883;25.7272;9.605;11.98;14.641200000000001;19.9114;15.576600000000001;15.576600000000001;10.5229;12.114799999999999;13.5639;16.7395;16.7395;10.5229;10.259799999999998;11.7714;13.2883;12.114799999999999;13.5639;11.98;10.5229;15.576600000000001;12.259;9.960899999999999;25.9612;26.4767;9.6244;29.932599999999997;23.448900000000002;29.932599999999997;19.9114;26.4767;21.2718;20.180799999999998;16.14;12.114799999999999;24.1297;12.259;42.022;29.932599999999997;47.7934;28.9421;39.305800000000005;31.567400000000003;35.232800000000005;42.1824;42.0009;25.9612;29.932599999999997;29.932599999999997;52.2215;22.9984;44.307;35.2325;21.2955;32.675599999999996;20.7107;10.6972;61.975699999999996;9.960899999999999;23.651799999999998;21.5061;22.330299999999998;27.014400000000002;14.389299999999999;27.014400000000002;30.634900000000002;10.6972;23.494;15.6259;17.256700000000002;21.2739;35.5716;16.602700000000002;18.3744;34.5304;28.8893;36.4444;30.9877;27.2791;41.4908;49.9365;34.0859;9.111799999999999;6.1125;10.423;10.1176;4.194100000000001;11.341299999999999;14.616200000000001;7.782100000000001;0.5187;5.089600000000001;5.4697;3.3081;4.079;4.265;5.089600000000001;4.157100000000001;5.4697;4.8956;8.0845;0.0;6.4129;4.8595;7.0813999999999995;9.502799999999999;6.4129;5.4697;6.0939;3.3154;5.9497;6.5779;21.5811;32.4891;13.235100000000001;14.3438;12.1256;9.960899999999999;24.8603;13.680200000000001;14.7668;21.3229;15.2011;22.153;17.6602;13.5639;15.576600000000001;9.960899999999999;9.960899999999999;12.114799999999999;16.14;10.5229;11.7921;10.259799999999998;21.3229;10.5012;10.5229;12.259;11.507700000000002;6.705;16.14;14.2406;19.5691;10.5229;15.576600000000001;16.14;10.5012;21.2718;10.5229;10.259799999999998;16.7395;27.014400000000002;17.3232;9.960899999999999;9.960899999999999;35.232800000000005;11.7921
Lorbeer 3.;37.701;37.5771;42.059;40.9096;51.2452;45.432199999999995;46.8675;35.9284;39.6433;39.448;39.5291;27.309099999999997;38.0741;50.038199999999996;13.7047;25.8339;17.6675;13.8676;7.2115;6.6987;13.7047;16.3412;34.3469;17.6675;10.8095;15.0321;29.5865;15.476;21.021;19.166700000000002;16.9022;40.3669;27.4028;21.8875;25.443099999999998;14.1579;32.448;42.8921;35.4808;27.7329;29.5865;7.2115;0.0;3.1838;14.1371;10.521799999999999;13.1845;6.6987;6.688899999999999;3.1838;8.0577;5.3193;10.8095;11.5577;10.2481;21.021;6.6755;10.521799999999999;2.5225;12.3571;14.1579;16.3199;4.81;5.3335;4.5537;29.5865;0.0;15.476;13.9207;10.384;4.81;13.9207;22.1606;12.101600000000001;14.777700000000001;19.5336;7.2547;8.5823;0.0;7.8899;7.4431;11.8699;3.2694;9.6217;11.089;9.078899999999999;14.3495;11.2964;7.4431;15.122;11.251;5.7017;11.251;25.2089;22.1734;5.7017;7.083699999999999;7.852399999999999;20.0503;13.2156;9.613;21.600900000000003;19.107;6.2908;19.0853;7.4431;11.251;15.232700000000001;7.5324;23.4994;9.029399999999999;17.107;33.6416;10.8155;20.7012;8.3013;19.1715;25.2089;18.3096;10.9532;11.209;10.9532;10.6031;23.5972;11.209;8.3013;21.600900000000003;15.9809;13.8596;13.8596;7.7688999999999995;9.532;12.3521;13.1225;13.1225;7.7688999999999995;7.5059;9.0175;10.6031;9.532;12.3521;8.3013;7.7688999999999995;13.8596;9.0426;6.6052;22.344099999999997;24.346799999999998;6.8705;26.3155;21.319;26.3155;15.9809;24.346799999999998;17.654799999999998;17.2208;12.523;9.532;21.1936;9.0426;39.892;26.3155;45.6635;26.812099999999997;37.1759;29.4374;33.1029;35.808099999999996;39.871;22.344099999999997;26.3155;26.3155;50.0916;23.4994;42.177;31.8652;14.5835;25.9636;13.998700000000001;3.9852;49.753699999999995;6.6052;16.939799999999998;14.7942;15.6183;20.302400000000002;7.6773;20.302400000000002;23.923;3.9852;11.272;21.9458;17.3702;20.327599999999997;20.6367;14.0096;14.5244;25.323400000000003;19.682299999999998;27.2374;21.7806;32.6511;32.2838;42.7278;40.405699999999996;7.8899;12.444600000000001;20.9749;20.1007;15.1355;22.8888;32.743700000000004;17.409200000000002;9.1506;14.2422;4.7151000000000005;8.632700000000002;8.5915;11.2964;14.2422;5.8873;4.7151000000000005;9.078899999999999;15.1708;9.173399999999999;7.5324;7.083699999999999;6.3508000000000004;16.462400000000002;7.5324;4.7151000000000005;5.7017;8.4261;6.2908;11.251;24.5351;32.3609;13.744200000000001;21.3597;19.0853;6.6052;32.5262;20.6398;20.0503;19.193;15.7102;20.7012;21.3355;12.3521;13.8596;6.6052;6.6052;9.532;12.523;7.7688999999999995;9.9191;7.5059;19.193;7.7473;7.7688999999999995;9.0426;8.7538;3.2694;12.523;10.0532;14.335600000000001;7.7688999999999995;13.8596;12.523;7.7473;17.654799999999998;7.7688999999999995;7.5059;13.1225;20.302400000000002;15.9235;6.6052;6.6052;33.1029;9.9191
Billstedt-Horn 4.;43.559599999999996;43.4358;47.917699999999996;46.7683;57.1038;51.2909;52.7262;41.787;45.5019;45.3067;48.3331;33.1678;43.9328;55.4423;20.114099999999997;31.238;25.0716;20.277099999999997;16.157899999999998;17.0745;20.114099999999997;22.8006;39.751;25.0716;16.2136;21.4915;20.4513;16.704;27.653200000000002;13.014299999999999;14.695200000000002;31.2317;28.6309;23.1155;26.6711;9.8887;33.6761;44.1201;36.7089;28.960900000000002;20.4513;16.157899999999998;7.8899;8.2128;20.5965;3.6269;19.5939;17.0745;17.064700000000002;8.2128;0.0;15.217600000000001;16.2136;12.7858;3.6475;27.653200000000002;2.0911;3.6269;6.1228;2.7289;9.8887;6.6917;13.267299999999999;4.1559;9.5861;20.4513;7.8899;16.704;10.806899999999999;7.2702;13.267299999999999;10.806899999999999;13.0255;8.9878;13.6693;10.3985;2.6855;9.111799999999999;7.8899;0.0;12.3314;8.6071;7.7658000000000005;15.0676;3.6462;14.2685;11.0867;13.146700000000001;12.3314;13.898;16.4406;9.6355;16.4406;29.1639;26.128400000000003;9.6355;13.352;15.5576;22.3642;18.8903;17.2189;22.238599999999998;19.2673;10.2246;19.833099999999998;12.3314;16.4406;20.3827;14.9054;29.177599999999998;14.707600000000001;22.8047;32.842;3.5873000000000004;31.526;13.9795;25.5905;29.1639;28.1582;16.631400000000003;18.9779;16.631400000000003;16.281399999999998;29.2755;18.9779;13.9795;22.238599999999998;21.6591;19.5378;19.5378;13.4472;15.2102;18.0304;18.8007;18.8007;13.4472;13.1841;14.6957;16.281399999999998;15.2102;18.0304;13.9795;13.4472;19.5378;14.7209;12.2834;28.022299999999998;30.025;12.5487;31.9937;26.9972;31.9937;21.6591;30.025;23.333;22.899;18.2012;15.2102;26.8718;14.7209;45.5703;31.9937;51.341699999999996;32.4904;42.854099999999995;35.1157;38.781099999999995;41.4863;45.5492;28.022299999999998;31.9937;31.9937;55.769800000000004;29.177599999999998;47.8553;37.5434;20.9872;35.1172;20.4023;13.4946;55.025800000000004;12.2834;23.220299999999998;21.0747;22.021900000000002;26.6073;15.976700000000001;26.6073;30.2278;13.4946;16.5441;12.5701;14.200899999999999;14.324;28.6217;9.6528;10.1676;27.5805;21.939400000000003;29.4945;24.0378;19.6353;34.5409;46.8807;31.030099999999997;0.0;9.181899999999999;17.7121;7.4962;11.8727;13.5131;23.368;14.1464;9.7524;10.9794;5.6216;8.752600000000001;13.6781;13.146700000000001;10.9794;11.6909;5.6216;14.2685;15.681799999999999;9.3336;14.9054;13.352;2.3316999999999997;17.1002;14.9054;5.6216;9.6355;8.7599;10.2246;16.4406;30.954;41.8621;18.6348;21.632900000000003;19.833099999999998;12.2834;34.2332;21.2776;22.3642;24.8712;20.6008;31.526;27.0332;18.0304;19.5378;12.2834;12.2834;15.2102;18.2012;13.4472;15.5974;13.1841;24.8712;13.4255;13.4472;14.7209;14.432;7.7658000000000005;18.2012;15.7315;20.0138;13.4472;19.5378;18.2012;13.4255;23.333;13.4472;13.1841;18.8007;26.6073;21.6018;12.2834;12.2834;38.781099999999995;15.5974
SV Alter Teichweg 1.;36.8617;36.7379;41.219699999999996;40.0703;50.4059;44.5929;46.0282;39.8018;39.396300000000004;38.6088;37.2082;26.4698;37.2348;55.4785;19.145;31.274099999999997;23.1077;19.3079;12.6518;12.1389;19.145;21.7814;39.7872;23.1077;16.2498;20.4724;26.5164;26.633200000000002;37.5824;18.2664;20.7603;37.296800000000005;38.5601;33.0447;36.600300000000004;15.1409;43.6053;53.089800000000004;46.6381;38.8901;26.5164;12.6518;7.4431;4.891;19.5773;11.5048;18.6248;12.1389;12.1292;4.891;12.3314;10.7596;16.2498;12.6925;11.231200000000001;37.5824;7.168399999999999;11.5048;4.9165;12.9825;15.1409;18.5076;3.1848;4.7367;3.7635;26.5164;7.4431;26.633200000000002;5.959;8.2307;3.1848;5.959;19.0795;9.9483;8.821399999999999;16.4636;6.7093;3.5628;7.4431;12.3314;0.0;10.117700000000001;5.0352;3.6948000000000003;11.806;2.8956999999999997;6.031;5.0102;0.0;8.835799999999999;5.0679;4.1323;5.0679;17.7911;14.755700000000001;4.1323;1.9792;4.1848;13.8276;7.5175;5.846100000000001;15.3147;12.343399999999999;2.8513;12.799100000000001;0.0;5.0679;9.01;3.5326;22.6116;8.2081;11.431899999999999;21.4692;11.532399999999999;20.153200000000002;10.0185;14.217799999999999;17.7911;16.785400000000003;8.774299999999998;7.6052;8.774299999999998;10.2705;22.7095;7.6052;10.0185;15.3147;16.8937;12.5589;12.5589;8.561399999999999;9.2346;10.5462;14.778;14.778;8.561399999999999;8.2983;9.809899999999999;10.2705;9.2346;10.5462;10.0185;8.561399999999999;12.5589;10.2974;7.9994;23.7989;23.459;7.6629;27.7703;20.4312;27.7703;16.8937;23.459;19.109599999999997;17.1631;14.1785;9.2346;21.112;10.2974;39.0042;27.7703;44.7757;25.9243;36.2881;28.5497;32.2151;39.164699999999996;38.9832;23.7989;27.7703;27.7703;49.2038;22.6116;41.289300000000004;32.2147;19.613400000000002;30.9934;19.0285;9.015;54.7835;7.9994;21.9697;19.824;20.6481;25.3323;12.7072;25.3323;28.9528;9.015;16.3018;18.6309;20.2617;19.3977;38.5766;14.7265;15.2414;37.5354;31.894299999999998;39.4493;33.992599999999996;30.284;44.4958;52.9414;37.0908;12.116700000000002;10.6924;13.0458;16.7858;6.8168999999999995;19.543200000000002;17.381700000000002;10.547600000000001;3.5841999999999996;7.8551;3.9156999999999997;1.8715;2.3053000000000003;5.0102;7.8551;2.189;3.9156999999999997;2.8956999999999997;8.8846;3.6071;3.5326;1.9792;7.0853;10.176200000000001;3.5326;3.9156999999999997;4.1323;1.8788;2.8513;5.0679;19.5813;30.4893;11.1256;15.0735;12.799100000000001;7.9994;22.8605;14.3537;13.8276;18.3052;13.0916;20.153200000000002;15.6604;10.5462;12.5589;7.9994;7.9994;9.2346;14.1785;8.561399999999999;7.979100000000001;8.2983;18.3052;7.5565;8.561399999999999;10.2974;9.5462;5.0352;14.1785;12.2791;17.607599999999998;8.561399999999999;12.5589;14.1785;7.5565;19.109599999999997;8.561399999999999;8.2983;14.778;25.3323;14.3055;7.9994;7.9994;32.2151;7.979100000000001
Tonndorf-Lohe 1.;45.2621;45.1383;49.6202;48.470800000000004;58.806400000000004;52.9934;54.4287;48.2023;47.7903;47.0092;43.0592;34.8703;45.6353;61.6472;26.319;37.442800000000005;28.4602;26.481900000000003;18.0042;17.4913;26.319;29.0055;45.9559;28.4602;22.4185;27.6964;22.792099999999998;22.908900000000003;33.8581;19.219099999999997;17.036;33.5725;34.835699999999996;29.320400000000003;32.876;16.093600000000002;39.881;49.3655;42.9138;35.165800000000004;22.792099999999998;18.0042;11.8699;10.5764;26.801299999999998;12.4575;25.7988;17.4913;17.4816;10.5764;8.6071;16.112;22.4185;18.990599999999997;12.1839;33.8581;6.7616000000000005;12.4575;9.3433;9.2582;16.093600000000002;14.783299999999999;11.2682;8.5602;7.587;22.792099999999998;11.8699;22.908900000000003;4.7438;1.3209000000000002;11.2682;4.7438;15.3551;4.0463000000000005;7.6224;8.0626;6.148;4.6752;11.8699;8.6071;10.117700000000001;0.0;9.648299999999999;12.108600000000001;12.982299999999999;11.3095;4.7237;7.4426000000000005;9.372399999999999;7.6161;9.7555;10.5449;9.7555;22.2605;20.3827;10.5449;10.393;12.598600000000001;16.0824;15.9312;14.259799999999998;15.9568;12.9855;10.7898;13.551200000000001;9.372399999999999;9.7555;17.4237;11.946399999999999;30.4565;15.9865;19.8457;25.0615;12.7087;28.567;15.862;22.6315;22.2605;25.199099999999998;17.188;16.0189;17.188;17.560299999999998;30.5544;16.0189;15.862;15.9568;23.5416;20.8168;20.8168;14.7261;16.4892;18.96;20.6832;20.6832;14.7261;14.4631;15.9747;17.560299999999998;16.4892;18.96;15.862;14.7261;20.8168;16.4622;14.1249;29.904799999999998;31.304;13.8277;33.8762;28.2761;33.8762;23.5416;31.304;25.2155;24.7815;20.0837;16.4892;28.7543;16.4622;46.849199999999996;33.8762;52.6207;33.7693;44.1331;36.3946;40.0601;47.009699999999995;46.8281;29.904799999999998;33.8762;33.8762;57.0487;30.4565;49.1342;39.4259;27.2372;35.4789;26.6524;13.5005;61.275800000000004;14.1249;29.4704;27.3247;28.272;32.8573;22.2268;32.8573;36.4778;13.5005;22.7941;14.9261;16.556900000000002;20.574;34.8718;15.9028;17.6745;33.8306;28.1895;35.7445;30.2878;26.5792;40.791;49.236599999999996;33.386;8.4119;4.1356;11.904399999999999;8.140699999999999;5.5097;9.0137;14.405299999999999;7.6171999999999995;5.0924;4.011;7.4338;8.4625;10.719100000000001;7.4426000000000005;4.011;8.7319;7.4338;11.3095;9.4;4.6736;11.946399999999999;10.393;6.3815;10.818299999999999;11.946399999999999;7.4338;10.5449;8.469899999999999;10.7898;9.7555;27.995;38.9031;19.5394;15.3511;13.551200000000001;14.1249;26.0879;14.995700000000001;16.0824;26.1502;21.5054;28.567;20.5698;18.96;20.8168;14.1249;14.1249;16.4892;20.0837;14.7261;16.8763;14.4631;26.1502;14.7045;14.7261;16.4622;15.711;9.648299999999999;20.0837;17.6139;21.8963;14.7261;20.8168;20.0837;14.7045;25.2155;14.7261;14.4631;20.6832;32.8573;22.8807;14.1249;14.1249;40.0601;16.8763
HafenCity 3.;35.7021;35.578300000000006;40.0601;38.9107;49.246300000000005;43.4333;44.8687;33.9065;37.6214;37.4492;37.530300000000004;25.310299999999998;36.075300000000006;51.5183;15.184700000000001;27.3139;19.1475;15.347700000000001;8.691600000000001;8.1787;15.184700000000001;17.8212;35.827;19.1475;12.2895;16.5122;26.7923;18.5143;29.4635;16.9916;21.0363;37.5727;30.441200000000002;24.9258;28.4814;13.866;35.4864;45.9304;38.5192;30.7712;26.7923;8.691600000000001;3.2694;0.0;15.6171;10.229899999999999;14.6646;8.1787;8.169;0.0;7.7658000000000005;6.7993999999999994;12.2895;11.4177;9.956299999999999;29.4635;6.3837;10.229899999999999;2.8479;12.065299999999999;13.866;18.7836;2.9138;5.0417;3.7481999999999998;26.7923;3.2694;18.5143;12.043299999999999;8.5066;2.9138;12.043299999999999;19.355400000000003;10.224200000000002;12.9003;16.7395;6.9628000000000005;6.705;3.2694;7.7658000000000005;5.0352;9.648299999999999;0.0;6.7343;10.6618;6.1915;9.9792;8.409;4.891;12.2346;8.3636;2.8143000000000002;8.3636;22.3215;19.286;2.8143000000000002;4.1963;4.965;17.1629;10.3282;6.7256;18.7135;16.2196;3.4034;16.1978;4.891;8.3636;12.3453;4.645;21.4117;6.9417;14.2196;31.554;10.388200000000001;18.613599999999998;6.2137;16.2841;22.3215;16.222;8.8656;8.3216;8.8656;8.5155;21.5096;8.3216;6.2137;18.7135;13.8933;11.772;11.772;5.6813;7.4444;10.2645;11.0349;11.0349;5.6813;5.4183;6.9299;8.5155;7.4444;10.2645;6.2137;5.6813;11.772;6.955;4.5175;20.2565;22.2592;4.7829;24.2279;19.2313;24.2279;13.8933;22.2592;15.567200000000001;15.1332;10.4354;7.4444;19.106;6.955;37.8044;24.2279;43.575900000000004;24.7245;35.088300000000004;27.3498;31.0153;33.7205;37.783300000000004;20.2565;24.2279;24.2279;48.0039;21.4117;40.089400000000005;29.7776;14.607;25.987;14.0221;4.0085999999999995;49.7771;4.5175;16.9633;14.8176;15.6417;20.3259;7.7008;20.3259;23.9464;4.0085999999999995;11.295399999999999;19.0897;20.7205;18.2535;29.8765;13.5823;14.097100000000001;28.8353;23.194200000000002;30.749299999999998;25.2925;30.7428;35.7957;46.2398;37.5496;8.2128;11.151200000000001;16.994;17.2446;10.7652;20.002;29.856900000000003;16.1157;6.9144;12.9487;4.3744;5.7452;5.7041;8.409;12.9487;3.1536999999999997;4.3744;6.1915;12.283299999999999;6.9373000000000005;4.645;4.1963;6.6737;13.575;4.645;4.3744;2.8143000000000002;5.837899999999999;3.4034;8.3636;21.647599999999997;30.2733;11.656600000000001;18.4723;16.1978;4.5175;30.438599999999997;17.7524;17.1629;17.105400000000003;13.6226;18.613599999999998;18.4481;10.2645;11.772;4.5175;4.5175;7.4444;10.4354;5.6813;7.8315;5.4183;17.105400000000003;5.6597;5.6813;6.955;6.6662;0.0;10.4354;7.9656;12.248;5.6813;11.772;10.4354;5.6597;15.567200000000001;5.6813;5.4183;11.0349;20.3259;13.835899999999999;4.5175;4.5175;31.0153;7.8315
SV Barmbek 1.;38.142300000000006;38.0185;42.5003;41.3509;51.6865;45.873599999999996;47.3089;41.0825;41.6313;39.8894;34.075300000000006;27.7505;38.5155;57.3217;20.9882;33.1174;25.768;21.1511;14.495;13.9822;20.9882;23.6247;41.6304;25.768;18.093;22.3156;29.252599999999997;25.327900000000003;36.2772;20.8551;23.4965;40.033;37.2548;31.7395;35.295;17.7295;42.3;55.8261;45.332800000000006;37.584900000000005;29.252599999999997;14.495;9.6217;6.7343;21.4206;14.093399999999999;20.468;13.9822;13.9724;6.7343;15.0676;12.602799999999998;18.093;15.2812;13.819799999999999;36.2772;9.757;14.093399999999999;7.610600000000001;15.7187;17.7295;21.2438;4.6484;7.325399999999999;6.4997;29.252599999999997;9.6217;25.327900000000003;6.1384;10.966899999999999;4.6484;6.1384;21.8157;12.6845;7.241899999999999;19.1998;9.298;5.6947;9.6217;15.0676;3.6948000000000003;12.108600000000001;6.7343;0.0;14.2659;1.2806;6.1518999999999995;3.4063000000000003;3.6835;7.2318999999999996;2.0381;5.2112;2.0381;14.484200000000001;11.4487;5.2112;2.6541;3.0514;10.5206;4.2105;3.484;13.710700000000001;9.5773;3.7345;11.1951;3.6835;2.0381;5.703;3.133;21.5597;6.7671;8.1249;18.3645;13.992299999999998;17.0485;10.0016;11.113;14.484200000000001;13.6807;7.4301;5.2431;7.4301;8.9264;21.365299999999998;5.2431;10.0016;13.710700000000001;15.5496;11.2147;11.2147;8.6563;7.7936000000000005;9.202;13.5364;13.5364;8.6563;7.5325;8.4698;8.9264;7.7936000000000005;9.202;10.0016;8.6563;11.2147;9.4846;9.1158;22.4548;22.1148;8.4039;26.4262;19.087;26.4262;15.5496;22.1148;17.765400000000003;15.819;13.3657;7.7936000000000005;19.7679;9.4846;37.6601;26.4262;43.4315;24.5802;34.944;27.2055;30.871;37.8205;37.639;22.4548;26.4262;26.4262;47.8596;21.5597;39.9451;30.8706;20.9118;33.503699999999995;20.327;10.3135;56.082;9.1158;23.268099999999997;21.1225;21.9466;28.1857;14.005600000000001;28.1857;31.3979;10.3135;17.6003;21.3225;22.9533;21.857599999999998;36.8136;17.186400000000003;17.7013;35.7725;30.131400000000003;37.6864;32.2297;32.9756;42.7329;55.6331;39.7825;14.8083;13.384;12.4976;19.477400000000003;6.9379;14.8556;18.1305;10.467;5.6898;8.7038;6.6073;2.3935;2.4788;3.4063000000000003;8.7038;4.6582;6.6073;1.2806;7.280600000000001;5.7127;3.133;2.6541;9.542200000000001;8.572299999999998;3.133;6.6073;5.2112;2.4861999999999997;3.7345;2.0381;16.476599999999998;27.3846;8.8732;13.4695;11.1951;9.1158;19.7557;13.0434;10.5206;16.961;10.8393;17.0485;12.353399999999999;9.202;11.2147;9.1158;9.1158;7.7936000000000005;13.3657;8.6563;7.4302;7.5325;16.961;7.5406;8.6563;9.4846;8.3016;7.1931;13.3657;12.36;16.7948;8.6563;11.2147;13.3657;7.5406;17.765400000000003;8.6563;7.5325;13.5364;28.1857;12.9613;9.1158;9.1158;30.871;7.4302
MSV Hamburg 4.;46.0086;45.884699999999995;50.3666;49.2172;59.552800000000005;53.7398;55.1751;44.236;47.950900000000004;47.7556;47.8367;35.616699999999994;46.381699999999995;54.7534;19.4252;30.5491;32.2607;19.5882;15.469;16.3856;19.4252;22.1117;39.0621;32.2607;15.524700000000001;20.8027;18.1597;8.383299999999998;19.3729;9.4221;9.040799999999999;35.802;14.6464;13.327399999999999;16.883;6.2965;25.3446;35.788599999999995;28.3774;20.6294;18.1597;15.469;11.089;10.6618;19.9076;0.0;18.905099999999997;16.3856;16.375799999999998;10.6618;3.6462;14.5287;15.524700000000001;6.4932;0.9175;19.3729;4.1618;0.0;8.5717;5.7522;6.2965;8.687700000000001;11.745299999999999;5.8503;8.7013;18.1597;11.089;8.383299999999998;15.3773;11.8406;11.745299999999999;15.3773;17.5958;13.558200000000001;18.2397;9.8225;5.0995;13.6821;11.089;3.6462;11.806;12.982299999999999;10.6618;14.2659;0.0;13.2944;14.9372;16.9971;11.5048;17.7484;15.4665;12.0996;15.4665;28.189799999999998;25.1543;12.0996;12.9167;14.2503;24.226200000000002;17.9161;16.0108;26.089;23.1178;12.6887;23.6835;11.5048;15.4665;19.4086;13.930299999999999;31.6417;17.1717;21.8305;31.8678;0.9176;28.8435;16.4436;24.616400000000002;28.189799999999998;26.451900000000002;19.0955;17.606900000000003;19.0955;18.7455;31.7396;17.606900000000003;16.4436;26.089;24.1232;22.001900000000003;22.001900000000003;15.911299999999999;17.6743;20.4945;21.2648;21.2648;15.911299999999999;15.648200000000001;17.1598;18.7455;17.6743;20.4945;16.4436;15.911299999999999;22.001900000000003;17.185;14.7475;30.4864;32.4891;15.012799999999999;34.457800000000006;29.461299999999998;34.457800000000006;24.1232;32.4891;25.797099999999997;25.3631;20.6653;17.6743;29.335900000000002;17.185;48.0344;34.457800000000006;53.805800000000005;34.9545;45.3182;37.579800000000006;41.2452;43.9504;48.0133;30.4864;34.457800000000006;34.457800000000006;58.2339;31.6417;50.3194;40.0075;20.275;34.405;19.6902;12.782399999999999;54.3136;14.7475;22.508200000000002;20.3625;21.3098;25.8951;15.2645;25.8951;29.5156;12.782399999999999;15.8319;16.4205;9.1302;10.440700000000001;19.3918;5.7695;6.2844;16.9136;12.7095;14.6899;13.3708;19.154700000000002;25.6994;36.1434;34.8805;3.6269;13.0323;21.5625;9.5647;15.7232;17.363599999999998;27.218400000000003;17.9968;13.602799999999998;14.829799999999999;8.8805;11.7069;12.477799999999998;16.9971;14.829799999999999;11.0711;8.8805;13.2944;19.5323;13.1841;13.930299999999999;12.9167;4.370100000000001;20.950599999999998;13.930299999999999;8.8805;12.0996;11.7142;12.6887;15.4665;29.9799;40.5032;21.0989;25.483400000000003;23.6835;14.7475;40.6685;25.128;24.226200000000002;27.3353;23.0649;28.8435;26.059;20.4945;22.001900000000003;14.7475;14.7475;17.6743;20.6653;15.911299999999999;18.0615;15.648200000000001;27.3353;15.8896;15.911299999999999;17.185;16.896099999999997;10.229899999999999;20.6653;18.1956;22.4779;15.911299999999999;22.001900000000003;20.6653;15.8896;25.797099999999997;15.911299999999999;15.648200000000001;21.2648;25.8951;24.065900000000003;14.7475;14.7475;41.2452;18.0615
BU 5.;35.4433;35.3195;39.801300000000005;38.652;48.9875;43.1746;44.6099;38.3835;37.978;37.190400000000004;34.704800000000006;25.0515;35.8165;56.779;20.445400000000003;32.5746;25.5795;20.608400000000003;13.952200000000001;13.4394;20.445400000000003;23.0819;41.0876;25.5795;17.5502;21.7729;28.4535;24.5289;35.4781;20.056;22.6975;39.2339;36.4557;30.9404;34.496;16.9305;41.501;55.027;44.5338;36.7858;28.4535;13.952200000000001;9.078899999999999;6.1915;20.8778;13.2944;19.9252;13.4394;13.4297;6.1915;14.2685;12.06;17.5502;14.4821;13.020700000000001;35.4781;8.958;13.2944;6.8536;14.9196;16.9305;20.4448;4.105600000000001;6.5263;5.700699999999999;28.4535;9.078899999999999;24.5289;6.4318;10.1678;4.105600000000001;6.4318;21.016599999999997;11.885399999999999;7.5353;18.4007;8.498899999999999;4.8956;9.078899999999999;14.2685;2.8956999999999997;11.3095;6.1915;1.2806;13.2944;0.0;5.833699999999999;3.0881;2.8913;6.9136999999999995;2.3789000000000002;4.9547;2.3789000000000002;15.3847;12.349200000000002;4.9547;2.4465;3.8301999999999996;11.421100000000001;5.111;4.259;13.3925;10.477799999999998;3.7701;10.8769;2.8913;2.3789000000000002;6.6035;3.1685;22.1726;7.5421000000000005;9.0254;18.977400000000003;13.2002;17.6614;10.523299999999999;11.726;15.3847;14.2936;8.2051;6.0181000000000004;8.2051;9.7014;22.1403;6.0181000000000004;10.523299999999999;13.3925;16.3246;11.989799999999999;11.989799999999999;9.0661;8.5686;9.9771;14.311399999999999;14.311399999999999;9.0661;8.2704;9.2448;9.7014;8.5686;9.9771;10.523299999999999;9.0661;11.989799999999999;10.2596;8.8593;23.2298;22.8898;8.5228;27.2012;19.862;27.2012;16.3246;22.8898;18.5405;16.594;14.1407;8.5686;20.542900000000003;10.2596;38.4351;27.2012;44.2066;25.3552;35.719;27.9805;31.646;38.5956;38.414;23.2298;27.2012;27.2012;48.6346;22.1726;40.720099999999995;31.645599999999998;20.6553;34.2787;20.0705;10.057;55.8255;8.8593;23.011599999999998;20.866;21.690099999999997;26.374200000000002;13.7491;26.374200000000002;29.994799999999998;10.057;17.343799999999998;20.5303;22.161099999999998;21.0655;36.0215;16.394299999999998;16.9091;34.9803;29.3392;36.8943;31.4375;32.1835;41.9407;54.840900000000005;38.990300000000005;14.016200000000001;12.591899999999999;12.1794;18.685299999999998;6.6197;21.442700000000002;17.8123;10.1488;4.897600000000001;8.3856;5.8151;1.6013;1.5600999999999998;3.0881;8.3856;3.866;5.8151;0.0;6.9624;4.9205;3.1685;2.4465;8.7501;8.254100000000001;3.1685;5.8151;4.9547;1.694;3.7701;2.3789000000000002;17.0895;27.9975;9.648299999999999;13.151299999999999;10.8769;8.8593;20.3687;12.4315;11.421100000000001;17.736;11.6143;17.6614;13.2539;9.9771;11.989799999999999;8.8593;8.8593;8.5686;14.1407;9.0661;8.205200000000001;8.2704;17.736;8.0792;9.0661;10.2596;9.076600000000001;6.934699999999999;14.1407;12.901200000000001;17.5698;9.0661;11.989799999999999;14.1407;8.0792;18.5405;9.0661;8.2704;14.311399999999999;26.374200000000002;13.7363;8.8593;8.8593;31.646;8.205200000000001
Farmsen 2.;43.0346;42.9108;47.3927;46.243300000000005;56.5788;50.7659;52.2012;45.9748;46.5237;44.781699999999994;38.9676;32.6428;43.4078;64.1268;28.798599999999997;39.9225;31.1527;28.961599999999997;17.74;17.2271;28.798599999999997;31.4851;48.4355;31.1527;24.8981;30.176099999999998;25.2717;25.3885;36.3377;21.6988;19.515700000000002;36.052099999999996;37.315400000000004;31.8;35.355599999999995;18.5733;42.3606;51.8452;45.3934;37.6455;25.2717;17.74;14.3495;9.9792;29.281;14.9372;28.2784;17.2271;17.2174;9.9792;11.0867;15.8478;24.8981;21.470299999999998;14.6635;36.3377;9.241200000000001;14.9372;11.822899999999999;11.7378;18.5733;17.263;8.5214;11.0399;10.0667;25.2717;14.3495;25.3885;0.0;5.1465;8.5214;0.0;9.0876;7.560899999999999;3.6517;11.577200000000001;8.6277;3.4081;14.3495;11.0867;6.031;4.7237;9.9792;6.1518999999999995;14.9372;5.833699999999999;0.0;3.3171999999999997;5.959;3.4905999999999997;5.63;9.1923;5.63;18.135;16.2572;9.1923;7.1383;8.9018;11.9569;9.4743;8.9921;11.831299999999999;8.86;8.290299999999998;9.3556;5.959;5.63;10.9668;8.249600000000001;26.416900000000002;12.2752;13.3887;20.936;15.1037;21.9057;15.0785;15.9703;18.135;18.5379;12.9382;10.7512;12.9382;14.4345;30.2804;10.7512;15.0785;11.831299999999999;21.0577;16.722900000000003;16.722900000000003;13.6214;13.3017;14.7102;19.0445;19.0445;13.6214;13.3583;13.9779;14.4345;13.3017;14.7102;15.0785;13.6214;16.722900000000003;15.3574;13.0594;27.9629;31.03;12.7229;31.9343;28.0021;31.9343;21.0577;31.03;23.2736;21.327099999999998;19.2385;13.3017;25.276;15.3574;46.575199999999995;31.9343;52.3467;33.4953;43.8591;36.120599999999996;39.7861;46.735699999999994;46.5541;27.9629;31.9343;31.9343;56.774699999999996;26.416900000000002;48.8602;39.7857;29.6322;37.8738;29.047400000000003;15.8955;63.6708;13.0594;31.8654;29.7197;30.667;35.252300000000005;24.6217;35.252300000000005;38.872800000000005;15.8955;25.1891;17.321099999999998;18.951900000000002;22.969;37.2667;18.2978;20.0695;36.2256;30.5845;38.1395;32.6828;28.9742;43.186;51.6316;35.781;10.806899999999999;7.5385;7.2346;11.5436;1.0058;9.356;12.630799999999999;5.204;3.8341;3.2041999999999997;9.8288;5.3419;5.3863;3.3171999999999997;3.2041999999999997;7.2491;9.8288;6.4318;5.2745;3.4153000000000002;8.249600000000001;7.1383;8.7765;6.6929;8.249600000000001;9.8288;9.1923;5.3492;8.290299999999998;5.63;21.3338;32.2418;14.3814;11.1555;9.3556;13.0594;21.962400000000002;10.870299999999999;11.9569;22.0714;18.9392;21.9057;16.4443;14.7102;16.722900000000003;13.0594;13.0594;13.3017;19.2385;13.6214;12.9383;13.3583;22.0714;13.0487;13.6214;15.3574;13.809700000000001;12.043299999999999;19.2385;17.3391;22.6676;13.6214;16.722900000000003;19.2385;13.0487;23.2736;13.6214;13.3583;19.0445;35.252300000000005;18.4694;13.0594;13.0594;39.7861;12.9383
Bramfeld 5.;40.289;40.1652;44.6471;43.497699999999995;53.8332;48.020300000000006;49.4556;43.2292;43.7781;42.0361;36.222;29.8972;40.6622;58.9965;22.663;34.7921;28.4071;22.8259;16.1698;15.6569;22.663;25.299400000000002;43.3052;28.4071;19.767799999999998;23.9904;27.3317;27.4485;38.3977;23.7587;21.575599999999998;38.1121;39.3753;33.86;37.4156;20.633200000000002;44.4206;53.9051;47.4534;39.705400000000004;27.3317;16.1698;11.2964;8.409;23.095299999999998;16.9971;22.142799999999998;15.6569;15.647200000000002;8.409;13.146700000000001;14.2776;19.767799999999998;16.2043;16.7235;38.3977;10.680200000000001;16.9971;8.9681;13.7977;20.633200000000002;19.3229;6.3231;8.2485;7.8151;27.3317;11.2964;27.4485;3.3171999999999997;7.748600000000001;6.3231;3.3171999999999997;11.8065;9.903799999999999;4.3001000000000005;13.9201;10.2211;4.265;11.2964;13.146700000000001;5.0102;7.4426000000000005;8.409;3.4063000000000003;16.9971;3.0881;3.3171999999999997;0.0;5.0181000000000004;4.0305;2.8948;7.0813999999999995;2.8948;17.2568;16.2368;7.0813999999999995;4.7489;6.5123999999999995;11.078700000000001;6.739;6.2568;10.953100000000001;7.9818;5.9009;8.4375;5.0181000000000004;2.8948;8.2315;5.8602;23.6816;9.5399;10.6535;20.4864;14.806;19.1705;12.7744;13.235;17.2568;15.8026;10.203;8.0159;10.203;11.699200000000001;27.545099999999998;8.0159;12.7744;10.953100000000001;18.322400000000002;13.9876;13.9876;11.548;10.5664;11.9749;16.3092;16.3092;11.548;10.305299999999999;11.2426;11.699200000000001;10.5664;11.9749;12.7744;11.548;13.9876;12.2575;10.9861;25.2276;28.294700000000002;10.6496;29.199;25.2669;29.199;18.322400000000002;28.294700000000002;20.5383;18.5918;16.1385;10.5664;22.5407;12.2575;43.8399;29.199;49.6114;30.76;41.1238;33.3853;37.0508;44.0004;43.8189;25.2276;29.199;29.199;54.0395;23.6816;46.124900000000004;37.0504;22.7821;36.2765;22.1973;12.1838;57.9523;10.9861;25.1384;22.9927;23.8169;28.501;15.8759;28.501;32.1215;12.1838;19.470599999999997;19.4533;21.0841;22.6713;39.399;18.0001;22.2018;38.357800000000005;32.7167;40.271699999999996;34.815;31.1064;45.3182;53.7639;37.9133;12.9391;9.9399;9.296299999999999;13.945;4.14;12.0577;15.332600000000001;7.2656;4.6608;5.9059;7.9418999999999995;3.4939;2.997;0.0;5.9059;5.9928;7.9418999999999995;3.6965;4.523;4.242;5.8602;4.7489;10.3559;5.8147;5.8602;7.9418999999999995;7.0813999999999995;3.5866;5.9009;2.8948;18.5985;29.5066;11.6461;10.7119;8.4375;10.9861;21.8777;9.9921;11.078700000000001;19.3362;16.204;19.1705;14.882;11.9749;13.9876;10.9861;10.9861;10.5664;16.1385;11.548;10.203100000000001;10.305299999999999;19.3362;10.3134;11.548;12.2575;11.074399999999999;9.0615;16.1385;15.1328;19.5676;11.548;13.9876;16.1385;10.3134;20.5383;11.548;10.305299999999999;16.3092;28.501;15.7341;10.9861;10.9861;37.0508;10.203100000000001
DJK Hamburg 1.;36.8617;36.7379;41.219699999999996;40.0703;50.4059;44.5929;46.0282;39.8018;39.396300000000004;38.6088;37.2082;26.4698;37.2348;55.4785;19.145;31.274099999999997;23.1077;19.3079;12.6518;12.1389;19.145;21.7814;39.7872;23.1077;16.2498;20.4724;26.5164;26.633200000000002;37.5824;18.2664;20.7603;37.296800000000005;38.5601;33.0447;36.600300000000004;15.1409;43.6053;53.089800000000004;46.6381;38.8901;26.5164;12.6518;7.4431;4.891;19.5773;11.5048;18.6248;12.1389;12.1292;4.891;12.3314;10.7596;16.2498;12.6925;11.231200000000001;37.5824;7.168399999999999;11.5048;4.9165;12.9825;15.1409;18.5076;3.1848;4.7367;3.7635;26.5164;7.4431;26.633200000000002;5.959;8.2307;3.1848;5.959;19.0795;9.9483;8.821399999999999;16.4636;6.7093;3.5628;7.4431;12.3314;0.0;9.372399999999999;4.891;3.6835;11.5048;2.8913;5.959;5.0181000000000004;0.0;8.835799999999999;5.0679;4.1323;5.0679;17.7911;14.755700000000001;4.1323;1.9792;4.1848;13.8276;7.5175;5.846100000000001;15.3147;12.343399999999999;2.8513;12.799100000000001;0.0;5.0679;9.01;3.5326;22.6116;8.2081;11.431899999999999;21.4692;11.532399999999999;20.153200000000002;10.0185;14.217799999999999;17.7911;16.785400000000003;8.774299999999998;7.6052;8.774299999999998;10.2705;22.7095;7.6052;10.0185;15.3147;16.8937;12.5589;12.5589;8.561399999999999;9.2346;10.5462;14.778;14.778;8.561399999999999;8.2983;9.809899999999999;10.2705;9.2346;10.5462;10.0185;8.561399999999999;12.5589;10.2974;7.9994;23.7989;23.459;7.6629;27.7703;20.4312;27.7703;16.8937;23.459;19.109599999999997;17.1631;14.1785;9.2346;21.112;10.2974;39.0042;27.7703;44.7757;25.9243;36.2881;28.5497;32.2151;39.164699999999996;38.9832;23.7989;27.7703;27.7703;49.2038;22.6116;41.289300000000004;32.2147;19.613400000000002;30.9934;19.0285;9.015;54.7835;7.9994;21.9697;19.824;20.6481;25.3323;12.7072;25.3323;28.9528;9.015;16.3018;18.6309;20.2617;19.3977;38.5766;14.7265;15.2414;37.5354;31.894299999999998;39.4493;33.992599999999996;30.284;44.4958;52.9414;37.0908;12.116700000000002;10.6924;13.0458;16.7858;6.8168999999999995;19.543200000000002;17.381700000000002;10.547600000000001;3.5841999999999996;7.8551;3.9156999999999997;1.8715;2.3053000000000003;5.0102;7.8551;2.189;3.9156999999999997;2.8956999999999997;8.8846;3.6071;3.5326;1.9792;7.0853;10.176200000000001;3.5326;3.9156999999999997;4.1323;1.8788;2.8513;5.0679;19.5813;30.4893;11.1256;15.0735;12.799100000000001;7.9994;22.8605;14.3537;13.8276;18.3052;13.0916;20.153200000000002;15.6604;10.5462;12.5589;7.9994;7.9994;9.2346;14.1785;8.561399999999999;7.979100000000001;8.2983;18.3052;7.5565;8.561399999999999;10.2974;9.5462;5.0352;14.1785;12.2791;17.607599999999998;8.561399999999999;12.5589;14.1785;7.5565;19.109599999999997;8.561399999999999;8.2983;14.778;25.3323;14.3055;7.9994;7.9994;32.2151;7.979100000000001
tus BERNE 2.;44.114599999999996;43.9908;48.4726;47.3232;57.6588;51.845800000000004;53.2812;47.0547;47.6036;45.8617;29.7848;33.7228;44.4878;66.9381;31.609900000000003;42.7337;32.2327;31.7728;19.9953;19.4825;31.609900000000003;34.2963;51.2467;32.2327;27.7093;32.987300000000005;29.3749;28.1998;39.149;24.51;23.6188;40.745;40.126599999999996;34.6113;38.1669;21.3845;45.1719;56.5381;48.204699999999995;40.4567;29.3749;19.9953;15.122;12.2346;32.0922;17.7484;31.0897;19.4825;19.4727;12.2346;13.898;18.103099999999998;27.7093;24.2815;17.4748;39.149;12.0524;17.7484;14.6341;14.549;21.3845;19.886599999999998;10.148700000000002;13.8511;12.8779;29.3749;15.122;28.1998;3.4905999999999997;7.9577;10.148700000000002;3.4905999999999997;8.8522;10.3721;0.0;16.466900000000003;11.4389;6.3006;15.122;13.898;8.835799999999999;7.6161;12.2346;7.2318999999999996;17.7484;6.9136999999999995;3.4905999999999997;4.0305;8.835799999999999;0.0;6.7336;10.9203;6.7336;16.8793;15.0015;10.9203;8.5877;10.3512;10.7011;10.5779;10.0957;9.2957;7.6043;9.739700000000001;7.386699999999999;8.821399999999999;6.7336;10.0152;9.699;27.5205;13.3788;13.861600000000001;19.6803;17.9662;23.0093;16.6133;17.0738;16.8793;19.6415;14.041799999999999;11.854700000000001;14.041799999999999;15.5381;31.384;11.854700000000001;16.6133;9.2957;22.1612;17.826400000000003;17.826400000000003;15.386899999999999;14.4052;15.8137;20.1481;20.1481;15.386899999999999;14.1441;15.0814;15.5381;14.4052;15.8137;16.6133;15.386899999999999;17.826400000000003;16.0963;14.8249;29.0664;32.1335;14.4884;33.037800000000004;29.105700000000002;33.037800000000004;22.1612;32.1335;24.3771;22.4306;19.977400000000003;14.4052;26.3795;16.0963;47.6788;33.037800000000004;53.450199999999995;34.598800000000004;44.9626;37.224199999999996;40.8896;47.8392;47.6577;29.0664;33.037800000000004;33.037800000000004;57.8783;27.5205;49.963800000000006;40.889300000000006;32.4947;40.1154;31.9098;16.0226;66.5333;14.8249;34.7278;32.5822;33.5294;38.1148;19.7147;38.1148;41.7353;16.0226;28.0515;18.029;21.8143;25.8315;40.1292;21.1603;22.932;39.088;33.4469;41.002;35.545199999999994;31.836599999999997;46.0484;54.494099999999996;38.6435;13.6693;10.4009;5.2658000000000005;18.546;2.6459;8.8204;11.008700000000001;3.2351;6.6965;5.6674;12.6912;7.3327;6.8358;4.3001000000000005;5.6674;9.8316;12.6912;7.5353;4.018800000000001;6.277699999999999;9.699;8.5877;11.639;4.1508;9.699;12.6912;10.9203;7.4254;9.739700000000001;6.7336;19.7938;33.3454;15.4849;9.1866;7.386699999999999;14.8249;20.706599999999998;9.6145;10.7011;23.175;20.0428;23.0093;15.188600000000001;15.8137;17.826400000000003;14.8249;14.8249;14.4052;19.977400000000003;15.386899999999999;14.0419;14.1441;23.175;14.1522;15.386899999999999;16.0963;14.9133;12.9003;19.977400000000003;18.9716;23.4065;15.386899999999999;17.826400000000003;19.977400000000003;14.1522;24.3771;15.386899999999999;14.1441;20.1481;38.1148;19.573;14.8249;14.8249;40.8896;14.0419
Hellbrook 1.;38.9208;38.797;43.278800000000004;42.129400000000004;52.465;46.6521;48.0874;41.861;42.409800000000004;40.6679;34.8538;28.529;39.294;58.9511;22.6175;34.7467;27.0389;22.7805;16.124299999999998;15.6115;22.6175;25.254;43.259699999999995;27.0389;19.7223;23.945;30.6256;26.701;37.6502;22.228099999999998;24.8696;41.406;38.6278;33.1125;36.668099999999995;19.1026;43.6731;57.1991;46.7059;38.9579;30.6256;16.124299999999998;11.251;8.3636;23.0499;15.4665;22.0973;15.6115;15.601799999999999;8.3636;16.4406;14.2321;19.7223;16.6542;15.1928;37.6502;11.1301;15.4665;9.0257;17.0917;19.1026;22.6169;6.277699999999999;8.6984;7.8728;30.6256;11.251;26.701;5.63;10.0615;6.277699999999999;5.63;14.119399999999999;14.0575;6.7336;20.5728;10.671;6.5779;11.251;16.4406;5.0679;9.7555;8.3636;2.0381;15.4665;2.3789000000000002;5.63;2.8948;5.0679;6.7336;0.0;7.1178;0.0;17.9106;14.8751;7.1178;4.6097;5.0143;11.6874;5.3773;4.8951;13.2325;10.261299999999999;5.6974;10.716899999999999;5.054399999999999;0.0;6.869800000000001;5.0958000000000006;22.3199;8.1782;9.2917;19.1247;15.363299999999999;17.808799999999998;11.412700000000001;11.873299999999999;17.9106;14.4409;8.841299999999999;6.6541999999999994;8.841299999999999;10.3375;26.183400000000002;6.6541999999999994;11.412700000000001;13.2325;16.9607;12.6259;12.6259;10.0674;9.2047;10.6132;14.9475;14.9475;10.0674;8.9436;9.8809;10.3375;9.2047;10.6132;11.412700000000001;10.0674;12.6259;10.8958;11.0224;23.8659;26.933;9.815100000000001;27.8373;23.905099999999997;27.8373;16.9607;26.933;19.176599999999997;17.2301;14.7768;9.2047;21.179;10.8958;42.478199999999994;27.8373;48.2497;29.3983;39.7621;32.0236;35.689099999999996;42.6387;42.4572;23.8659;27.8373;27.8373;52.677800000000005;22.3199;44.7632;35.6887;22.8184;34.9148;22.2336;12.2201;57.9886;11.0224;25.1747;23.0291;23.8532;29.5969;15.9122;29.5969;32.809;12.2201;19.5069;22.6935;24.3243;23.2286;38.184599999999996;18.5574;19.072200000000002;37.1434;31.502299999999998;39.0574;33.6006;34.346599999999995;44.1038;57.004;41.153400000000005;16.179299999999998;12.2596;12.0194;20.8484;6.4597;14.3774;17.6523;9.988700000000001;6.7977;8.2256;7.9782;3.7644;3.5681;2.9280999999999997;8.2256;6.029100000000001;7.9782;2.3699;6.8024;6.5617;5.0958000000000006;4.6097;10.913200000000002;8.094100000000001;5.0958000000000006;7.9782;7.1178;3.8571;5.6974;0.0;17.2368;28.1449;10.2844;12.991299999999999;10.716899999999999;11.0224;20.516;12.2715;11.6874;17.9745;14.8422;17.808799999999998;13.520299999999999;10.6132;12.6259;11.0224;11.0224;9.2047;14.7768;10.0674;8.8414;8.9436;17.9745;8.9517;10.0674;10.8958;9.7127;9.0978;14.7768;13.7711;18.2059;10.0674;12.6259;14.7768;8.9517;19.176599999999997;10.0674;8.9436;14.9475;29.5969;14.372399999999999;11.0224;11.0224;35.689099999999996;8.8414
Croatia 2.;35.9403;35.8165;40.2984;39.149;49.4846;43.6716;45.1069;38.8805;38.4685;37.687400000000004;37.7685;25.5485;36.3135;53.4018;17.0682;29.197400000000002;21.031;17.2312;10.575;10.0622;17.0682;19.7047;37.7104;21.031;14.173;18.3957;27.6889;20.3978;31.347;18.8612;21.9328;38.469300000000004;32.3247;26.8093;30.364900000000002;15.735700000000001;37.3699;47.813900000000004;40.402699999999996;32.6547;27.6889;10.575;5.7017;2.8143000000000002;17.5006;12.0996;16.548;10.0622;10.0525;2.8143000000000002;9.6355;8.682799999999999;14.173;13.2873;11.826;31.347;8.2534;12.0996;4.6955;14.155;15.735700000000001;19.6801;0.0;5.9022;4.929;27.6889;5.7017;20.3978;9.1923;9.4031;0.0;9.1923;20.251900000000003;11.1208;10.9203;17.6361;7.8748000000000005;6.0939;5.7017;9.6355;4.1323;10.5449;2.8143000000000002;5.2112;12.0996;4.9547;9.1923;7.0813999999999995;4.1323;10.9203;7.1178;0.0;6.277699999999999;20.235599999999998;17.2001;0.0;2.1104000000000003;3.6018000000000003;15.077;8.242299999999998;5.3623;16.627599999999997;14.133700000000001;1.4887000000000001;14.112;3.1848;6.277699999999999;10.2594;3.0299;21.9363;7.5329;12.133700000000001;21.4497;11.4717;16.5453;8.169;14.1982;20.235599999999998;13.3904;8.099;6.958399999999999;8.099;9.5953;22.034200000000002;6.958399999999999;8.169;16.627599999999997;15.787;11.8836;11.8836;6.7119;8.559299999999999;9.870899999999999;12.9285;12.9285;6.7119;6.4488;7.9604;9.5953;8.559299999999999;9.870899999999999;8.169;6.7119;11.8836;8.448;6.1499;22.1502;22.7837;5.8134;26.121599999999997;19.7559;26.121599999999997;15.787;22.7837;17.4608;16.4879;12.329;8.559299999999999;20.436799999999998;8.448;38.329;26.121599999999997;44.1004;25.2491;35.6129;27.8744;31.539900000000003;38.4894;38.307900000000004;22.1502;26.121599999999997;26.121599999999997;48.5285;21.9363;40.614;31.5395;17.0103;28.3903;16.4254;6.411899999999999;52.1804;6.1499;19.3666;17.2209;18.045;22.729200000000002;10.1041;22.729200000000002;26.349700000000002;6.411899999999999;13.6987;19.7814;21.412200000000002;19.337;34.293;14.665799999999999;15.1806;33.2518;27.610799999999998;35.165800000000004;29.7091;31.4345;40.212300000000006;54.092;38.2414;13.267299999999999;11.843;15.4145;17.936400000000003;9.3074;20.6938;30.548599999999997;13.0381;6.0747;10.345600000000001;5.0662;3.6594;3.6182;6.3231;10.345600000000001;2.4511;5.0662;4.105600000000001;10.1975;6.097600000000001;3.0299;2.1104000000000003;7.7572;11.4891;3.0299;5.0662;0.0;3.752;1.4887000000000001;6.277699999999999;19.561799999999998;30.4698;10.450299999999999;16.386400000000002;14.112;6.1499;22.8409;15.6666;15.077;17.629900000000003;12.4164;16.5453;16.3622;9.870899999999999;11.8836;6.1499;6.1499;8.559299999999999;12.329;6.7119;7.3039;6.4488;17.629900000000003;6.6902;6.7119;8.448;7.6967;2.9138;12.329;10.4296;15.7581;6.7119;11.8836;12.329;6.6902;17.4608;6.7119;6.4488;12.9285;22.729200000000002;13.6302;6.1499;6.1499;31.539900000000003;7.3039
FC Gregs 1.;38.9208;38.797;43.278800000000004;42.129400000000004;52.465;46.6521;48.0874;41.861;42.409800000000004;40.6679;34.8538;28.529;39.294;58.9511;22.6175;34.7467;27.0389;22.7805;16.124299999999998;15.6115;22.6175;25.254;43.259699999999995;27.0389;19.7223;23.945;30.6256;26.701;37.6502;22.228099999999998;24.8696;41.406;38.6278;33.1125;36.668099999999995;19.1026;43.6731;57.1991;46.7059;38.9579;30.6256;16.124299999999998;11.251;8.3636;23.0499;15.4665;22.0973;15.6115;15.601799999999999;8.3636;16.4406;14.2321;19.7223;16.6542;15.1928;37.6502;11.1301;15.4665;9.0257;17.0917;19.1026;22.6169;6.277699999999999;8.6984;7.8728;30.6256;11.251;26.701;5.63;10.0615;6.277699999999999;5.63;14.119399999999999;14.0575;6.7336;20.5728;10.671;6.5779;11.251;16.4406;5.0679;9.7555;8.3636;2.0381;15.4665;2.3789000000000002;5.63;2.8948;5.0679;6.7336;0.0;6.277699999999999;0.0;17.9106;14.8751;7.1178;4.6097;5.0143;11.6874;5.3773;4.8951;13.2325;10.261299999999999;5.6974;10.716899999999999;5.054399999999999;0.0;6.869800000000001;5.0958000000000006;22.3199;8.1782;9.2917;19.1247;15.363299999999999;17.808799999999998;11.412700000000001;11.873299999999999;17.9106;14.4409;8.841299999999999;6.6541999999999994;8.841299999999999;10.3375;26.183400000000002;6.6541999999999994;11.412700000000001;13.2325;16.9607;12.6259;12.6259;10.0674;9.2047;10.6132;14.9475;14.9475;10.0674;8.9436;9.8809;10.3375;9.2047;10.6132;11.412700000000001;10.0674;12.6259;10.8958;11.0224;23.8659;26.933;9.815100000000001;27.8373;23.905099999999997;27.8373;16.9607;26.933;19.176599999999997;17.2301;14.7768;9.2047;21.179;10.8958;42.478199999999994;27.8373;48.2497;29.3983;39.7621;32.0236;35.689099999999996;42.6387;42.4572;23.8659;27.8373;27.8373;52.677800000000005;22.3199;44.7632;35.6887;22.8184;34.9148;22.2336;12.2201;57.9886;11.0224;25.1747;23.0291;23.8532;29.5969;15.9122;29.5969;32.809;12.2201;19.5069;22.6935;24.3243;23.2286;38.184599999999996;18.5574;19.072200000000002;37.1434;31.502299999999998;39.0574;33.6006;34.346599999999995;44.1038;57.004;41.153400000000005;16.179299999999998;12.2596;12.0194;20.8484;6.4597;14.3774;17.6523;9.988700000000001;6.7977;8.2256;7.9782;3.7644;3.5681;2.9280999999999997;8.2256;6.029100000000001;7.9782;2.3699;6.8024;6.5617;5.0958000000000006;4.6097;10.913200000000002;8.094100000000001;5.0958000000000006;7.9782;7.1178;3.8571;5.6974;0.0;17.2368;28.1449;10.2844;12.991299999999999;10.716899999999999;11.0224;20.516;12.2715;11.6874;17.9745;14.8422;17.808799999999998;13.520299999999999;10.6132;12.6259;11.0224;11.0224;9.2047;14.7768;10.0674;8.8414;8.9436;17.9745;8.9517;10.0674;10.8958;9.7127;9.0978;14.7768;13.7711;18.2059;10.0674;12.6259;14.7768;8.9517;19.176599999999997;10.0674;8.9436;14.9475;29.5969;14.372399999999999;11.0224;11.0224;35.689099999999996;8.8414
Nordlichter im NSV 1.;28.919400000000003;30.1324;34.6143;21.2553;28.4535;36.6507;29.158900000000003;31.859599999999997;37.403;27.604200000000002;14.1751;19.4567;26.2303;56.724199999999996;45.5687;47.280800000000006;39.325199999999995;46.6054;30.0822;41.0667;45.5687;43.620400000000004;60.5815;39.325199999999995;33.6802;43.6744;43.3489;39.905;50.8542;34.9514;37.5929;54.1293;51.8318;46.3165;49.872099999999996;31.8258;56.8771;69.9224;59.9099;52.1619;43.3489;30.0822;25.2089;22.3215;43.1729;28.189799999999998;45.9223;41.0667;41.237199999999994;22.3215;29.1639;28.19;33.6802;29.3775;27.9161;50.8542;23.8534;28.189799999999998;24.229;29.815;31.8258;35.340199999999996;20.235599999999998;21.4217;20.5961;43.3489;25.2089;39.905;18.135;22.6021;20.235599999999998;18.135;23.8834;25.0165;16.8793;31.498099999999997;23.394299999999998;19.791;25.2089;29.1639;17.7911;22.2605;22.3215;14.484200000000001;28.189799999999998;15.3847;18.135;17.2568;17.7911;16.8793;17.9106;20.235599999999998;17.9106;0.0;3.4648000000000003;20.9998;18.812;17.2694;6.3932;10.418700000000001;17.182;14.5343;9.6386;19.2192;14.5227;17.7473;17.943900000000003;10.9982;18.6177;15.5412;17.250400000000003;7.3953;2.528;28.0562;11.6027;28.8598;10.7796;0.0;11.9486;24.6663;16.646900000000002;24.6663;25.7462;15.9818;16.646900000000002;28.8598;14.5343;28.6847;23.888;23.888;28.847900000000003;27.397;25.5152;28.891;28.891;28.847900000000003;18.283099999999997;27.2332;25.7462;27.397;25.5152;28.8598;28.847900000000003;23.888;27.979;30.5027;35.5899;30.840400000000002;28.9847;32.739;27.8126;32.739;28.6847;30.840400000000002;30.900599999999997;30.251;29.5385;27.397;31.9984;27.979;29.608700000000002;32.739;29.1681;16.0356;29.988799999999998;23.962;25.9158;29.417;21.2228;35.5899;32.739;32.739;28.513099999999998;15.5412;34.99;29.669400000000003;36.7005;47.1911;49.5441;26.1022;56.2109;30.5027;44.1656;43.717699999999994;48.534099999999995;41.8731;29.7943;41.8731;45.085300000000004;26.1022;33.389;35.3864;37.017199999999995;35.9215;50.8775;31.2503;31.765099999999997;49.8363;44.1953;51.7503;46.2936;47.0395;56.796800000000005;69.697;53.8463;28.8722;25.1444;17.4823;33.5413;17.389400000000002;24.0299;23.5108;18.444599999999998;19.753700000000002;20.8262;20.671200000000002;16.4574;16.4162;19.3122;20.8262;20.942;20.671200000000002;17.794900000000002;14.7058;19.7766;18.6177;18.812;23.606099999999998;12.7147;18.6177;20.671200000000002;20.9998;16.55;19.2192;17.943900000000003;9.024700000000001;9.2738;21.010900000000003;16.797099999999997;14.5227;30.5027;5.1352;9.804200000000002;6.3932;15.6716;12.3499;11.6027;2.8059000000000003;25.5152;23.888;30.5027;30.5027;27.397;29.5385;28.847900000000003;24.493;18.283099999999997;15.6716;18.2912;28.847900000000003;27.979;27.744799999999998;22.9818;29.5385;28.7712;31.9075;28.847900000000003;23.888;29.5385;18.2912;30.900599999999997;28.847900000000003;18.283099999999997;28.891;41.8731;26.096400000000003;30.5027;30.5027;25.9158;24.493
HSV V;34.0192;33.8954;38.377199999999995;23.4043;30.6025;41.7504;43.1858;36.959300000000006;37.508199999999995;35.7663;16.3241;23.6274;34.3924;47.104699999999994;35.9493;37.661300000000004;29.7058;36.9859;27.0467;31.4473;35.9493;34.001;50.9621;29.7058;30.6447;34.0549;40.3135;36.8695;47.8187;31.9159;34.5574;51.0938;48.7963;43.281;46.8366;28.7904;53.8416;66.8869;56.8744;49.126400000000004;40.3135;27.0467;22.1734;19.286;33.5534;25.1543;36.302800000000005;31.4473;26.5242;19.286;26.128400000000003;25.1545;30.6447;26.342;24.8807;47.8187;20.8179;25.1543;21.1935;26.7795;28.7904;32.304700000000004;17.2001;18.386200000000002;17.560599999999997;40.3135;22.1734;36.8695;16.2572;22.0277;17.2001;16.2572;22.005599999999998;23.7453;15.0015;30.2606;20.3588;16.7555;22.1734;26.128400000000003;14.755700000000001;20.3827;19.286;11.4487;25.1543;12.349200000000002;16.2572;16.2368;14.755700000000001;15.0015;14.8751;17.2001;14.8751;3.4648000000000003;0.0;17.9645;15.7767;14.2341;4.4201999999999995;7.3834;14.146700000000001;13.3408;7.6655;16.1839;12.5496;14.712;14.9086;9.0251;15.5824;13.0635;14.2151;4.36;5.8976999999999995;25.0209;9.1082;19.4247;7.7443;3.465;8.9133;15.231200000000001;13.611600000000001;15.231200000000001;16.3111;13.487200000000001;13.611600000000001;19.4247;13.3408;19.2495;14.4528;14.4528;19.4128;17.9619;16.0801;19.4559;19.4559;19.4128;15.2478;17.798099999999998;16.3111;17.9619;16.0801;19.4247;19.4128;14.4528;18.5439;21.0675;26.154799999999998;21.4053;19.549599999999998;33.230599999999995;18.3775;33.230599999999995;19.2495;21.4053;21.465400000000002;20.815900000000003;20.1034;17.9619;22.563200000000002;18.5439;36.9506;33.230599999999995;42.722;14.9779;34.2344;26.496;30.1614;37.111;23.3765;26.154799999999998;33.230599999999995;33.230599999999995;30.666900000000002;13.0635;39.2356;30.161099999999998;33.6652;37.755900000000004;33.0803;23.0669;46.775800000000004;21.0675;34.7304;34.282599999999995;39.0989;32.438;26.759;32.438;35.6501;23.0669;30.3536;32.351099999999995;33.9819;32.886199999999995;47.8422;28.215;28.7298;46.801;41.16;48.715;43.258300000000006;44.0042;53.7614;66.6616;50.811;25.8369;24.412599999999998;15.5092;30.506;15.4163;22.0568;22.3172;16.4715;16.718400000000003;18.8532;17.6358;13.422;13.3809;16.276799999999998;18.8532;17.9067;17.6358;14.7596;12.732700000000001;16.7413;15.5824;15.7767;20.5708;10.7416;15.5824;17.6358;17.9645;13.514700000000001;16.1839;14.9086;6.562399999999999;12.989700000000001;11.5758;14.8241;12.5496;21.0675;7.2889;7.8311;4.4201999999999995;13.177;9.3146;9.1082;1.7162;16.0801;14.4528;21.0675;21.0675;17.9619;20.1034;19.4128;15.057799999999999;15.2478;13.177;15.2559;19.4128;18.5439;18.3097;19.9465;20.1034;19.3361;22.4724;19.4128;14.4528;20.1034;15.2559;21.465400000000002;19.4128;15.2478;19.4559;32.438;16.6613;21.0675;21.0675;30.1614;15.057799999999999
Polonia 2.;35.9403;35.8165;40.2984;39.149;49.4846;43.6716;45.1069;38.8805;38.4685;37.687400000000004;37.7685;25.5485;36.3135;53.4018;17.0682;29.197400000000002;21.031;17.2312;10.575;10.0622;17.0682;19.7047;37.7104;21.031;14.173;18.3957;27.6889;20.3978;31.347;18.8612;21.9328;38.469300000000004;32.3247;26.8093;30.364900000000002;15.735700000000001;37.3699;47.813900000000004;40.402699999999996;32.6547;27.6889;10.575;5.7017;2.8143000000000002;17.5006;12.0996;16.548;10.0622;10.0525;2.8143000000000002;9.6355;8.682799999999999;14.173;13.2873;11.826;31.347;8.2534;12.0996;4.6955;14.155;15.735700000000001;19.6801;0.0;5.9022;4.929;27.6889;5.7017;20.3978;9.1923;9.4031;0.0;9.1923;20.251900000000003;11.1208;10.9203;17.6361;7.8748000000000005;6.0939;5.7017;9.6355;4.1323;10.5449;2.8143000000000002;5.2112;12.0996;4.9547;9.1923;7.0813999999999995;4.1323;10.9203;7.1178;0.0;7.1178;20.9998;17.9645;0.0;2.1104000000000003;3.6018000000000003;15.077;8.242299999999998;5.3623;16.627599999999997;14.133700000000001;1.4887000000000001;14.112;3.1848;6.277699999999999;10.2594;3.0299;21.9363;7.5329;12.133700000000001;21.4497;11.4717;16.5453;8.169;14.1982;20.235599999999998;13.3904;8.099;6.958399999999999;8.099;9.5953;22.034200000000002;6.958399999999999;8.169;16.627599999999997;15.787;11.8836;11.8836;6.7119;8.559299999999999;9.870899999999999;12.9285;12.9285;6.7119;6.4488;7.9604;9.5953;8.559299999999999;9.870899999999999;8.169;6.7119;11.8836;8.448;6.1499;22.1502;22.7837;5.8134;26.121599999999997;19.7559;26.121599999999997;15.787;22.7837;17.4608;16.4879;12.329;8.559299999999999;20.436799999999998;8.448;38.329;26.121599999999997;44.1004;25.2491;35.6129;27.8744;31.539900000000003;38.4894;38.307900000000004;22.1502;26.121599999999997;26.121599999999997;48.5285;21.9363;40.614;31.5395;17.0103;28.3903;16.4254;6.411899999999999;52.1804;6.1499;19.3666;17.2209;18.045;22.729200000000002;10.1041;22.729200000000002;26.349700000000002;6.411899999999999;13.6987;19.7814;21.412200000000002;19.337;34.293;14.665799999999999;15.1806;33.2518;27.610799999999998;35.165800000000004;29.7091;31.4345;40.212300000000006;54.092;38.2414;13.267299999999999;11.843;15.4145;17.936400000000003;9.3074;20.6938;30.548599999999997;13.0381;6.0747;10.345600000000001;5.0662;3.6594;3.6182;6.3231;10.345600000000001;2.4511;5.0662;4.105600000000001;10.1975;6.097600000000001;3.0299;2.1104000000000003;7.7572;11.4891;3.0299;5.0662;0.0;3.752;1.4887000000000001;6.277699999999999;19.561799999999998;30.4698;10.450299999999999;16.386400000000002;14.112;6.1499;22.8409;15.6666;15.077;17.629900000000003;12.4164;16.5453;16.3622;9.870899999999999;11.8836;6.1499;6.1499;8.559299999999999;12.329;6.7119;7.3039;6.4488;17.629900000000003;6.6902;6.7119;8.448;7.6967;2.9138;12.329;10.4296;15.7581;6.7119;11.8836;12.329;6.6902;17.4608;6.7119;6.4488;12.9285;22.729200000000002;13.6302;6.1499;6.1499;31.539900000000003;7.3039
Paloma 4.;35.052;34.9282;39.4101;38.2607;48.596199999999996;42.783300000000004;44.218599999999995;37.9922;37.5867;36.799099999999996;35.7219;24.6602;35.4252;54.783699999999996;18.450200000000002;30.5794;22.413;18.6131;11.957;11.4442;18.450200000000002;21.0867;39.092400000000005;22.413;15.555;19.7776;27.537;21.779799999999998;32.729;19.6783;21.780900000000003;38.3174;33.7066;28.1913;31.7469;16.5527;38.7519;54.1104;41.784699999999994;34.036699999999996;27.537;11.957;7.083699999999999;4.1963;18.8826;12.9167;17.93;11.4442;11.4344;4.1963;13.352;10.0648;15.555;14.1044;12.643;32.729;8.189;12.9167;5.5346;14.0031;16.5527;19.528200000000002;2.1104000000000003;5.7573;4.7841000000000005;27.537;7.083699999999999;21.779799999999998;7.1383;9.251299999999999;2.1104000000000003;7.1383;20.100099999999998;10.9689;8.5877;17.4842;7.7299;4.8595;7.083699999999999;13.352;1.9792;10.393;4.1963;2.6541;12.9167;2.4465;7.1383;4.7489;1.9792;8.5877;4.6097;2.1104000000000003;4.6097;18.812;15.7767;2.1104000000000003;0.0;2.3821;13.0187;6.756;4.3403;15.4893;12.0754;1.3093;12.973700000000001;2.0808;4.7005;8.2011;1.5435999999999999;20.808799999999998;6.405399999999999;10.6474;19.9633;12.779;18.6474;8.6673;12.7119;18.749299999999998;15.2796;6.9715;5.8309;6.9715;8.467799999999999;20.9067;5.8309;8.6673;15.4893;15.091;10.756200000000002;10.756200000000002;7.210100000000001;7.4319;8.7435;13.4268;13.4268;7.210100000000001;6.4238;8.108;8.467799999999999;7.4319;8.7435;8.6673;7.210100000000001;10.756200000000002;8.946200000000001;6.6482;21.9962;21.656299999999998;6.3117;25.967599999999997;18.628400000000003;25.967599999999997;15.091;21.656299999999998;17.306900000000002;15.3604;12.8273;7.4319;19.3093;8.946200000000001;37.2015;25.967599999999997;42.973;24.121599999999997;34.4854;26.7469;30.4124;37.362;37.1804;21.9962;25.967599999999997;25.967599999999997;47.401;20.808799999999998;39.4865;30.412;18.444200000000002;29.8243;17.8594;7.845899999999999;53.6144;6.6482;20.8005;18.6549;19.479;24.1631;11.538;24.1631;27.7837;7.845899999999999;15.132700000000002;19.692700000000002;21.3235;20.644299999999998;35.600300000000004;15.9731;16.4879;34.5591;28.918;36.473;31.016299999999998;31.3458;41.5195;54.0032;38.1526;13.1785;11.7542;14.276200000000001;17.8476;8.2034;20.605;18.7682;11.9341;4.9707;9.2416;4.977399999999999;2.5211;2.4799;5.1849;9.2416;2.2574;4.977399999999999;2.5284;9.0592;4.993600000000001;1.5435999999999999;0.0;8.1471;10.3509;1.5435999999999999;4.977399999999999;2.7436;2.6138000000000003;1.3093;4.7005;18.075400000000002;28.9835;9.322899999999999;15.2481;12.973700000000001;6.6482;21.354599999999998;15.5415;13.0187;16.5025;11.2889;18.6474;14.8759;8.7435;10.756200000000002;6.6482;6.6482;7.4319;12.8273;7.210100000000001;6.176399999999999;6.4238;16.5025;6.2388;7.210100000000001;8.946200000000001;7.9399;4.7255;12.8273;10.9279;16.2564;7.210100000000001;10.756200000000002;12.8273;6.2388;17.306900000000002;7.210100000000001;6.4238;13.4268;24.1631;12.5027;6.6482;6.6482;30.4124;6.176399999999999
VfL 93 2.;33.043099999999995;32.9193;37.401199999999996;36.2518;46.5874;40.7744;42.2097;35.9833;35.5778;34.7902;34.871300000000005;22.6513;33.4163;55.5525;19.219;31.348200000000002;23.179299999999998;19.3819;12.7258;12.2129;19.219;21.8555;39.8612;23.179299999999998;16.3238;20.546400000000002;29.7426;22.548599999999997;33.497800000000005;21.012;23.9865;40.523;34.4754;28.960099999999997;32.5157;17.886400000000002;39.5207;49.9647;42.5534;34.8055;29.7426;12.7258;7.852399999999999;4.965;19.6513;14.2503;18.6988;12.2129;12.2032;4.965;15.5576;10.8336;16.3238;15.4381;13.976700000000001;33.497800000000005;10.4041;14.2503;6.8462;16.2087;17.886400000000002;21.7338;3.6018000000000003;7.962899999999999;6.9897;29.7426;7.852399999999999;22.548599999999997;8.9018;11.4569;3.6018000000000003;8.9018;22.3057;13.1745;10.3512;19.689799999999998;9.9355;7.0651;7.852399999999999;15.5576;4.1848;12.598600000000001;4.965;3.0514;14.2503;3.8301999999999996;8.9018;6.5123999999999995;4.1848;10.3512;5.0143;3.6018000000000003;5.0143;17.2694;14.2341;3.6018000000000003;2.3821;0.0;12.1102;5.0116000000000005;2.1975;16.1811;11.1669;2.0598;13.6655;4.176699999999999;4.986;7.2926;1.2298;18.7715;4.368;8.903;18.4829;14.1941;13.3804;7.0378;11.2315;17.2688;10.2256;4.9342;3.7935;4.9342;6.4304;18.8693;3.7935;7.0378;16.1811;13.053600000000001;8.7188;8.7188;5.5806000000000004;5.3945;6.7061;11.1373;11.1373;5.5806000000000004;4.7848999999999995;6.0706999999999995;6.4304;5.3945;6.7061;7.0378;5.5806000000000004;8.7188;7.0855;6.6293;19.9588;19.6189;5.3282;23.9302;16.591099999999997;23.9302;13.053600000000001;19.6189;15.2695;13.323;10.9666;5.3945;17.271900000000002;7.0855;35.1641;23.9302;40.9356;22.0842;32.448;24.7095;28.375;35.3246;35.1431;19.9588;23.9302;23.9302;45.363699999999994;18.7715;37.4492;28.374599999999997;19.2732;31.0077;18.688299999999998;8.6748;54.4433;6.6293;21.6295;19.4838;20.3079;25.689799999999998;12.367;25.689799999999998;28.9019;8.6748;15.9616;21.8157;23.4465;22.0594;37.0154;17.3882;17.903;35.974199999999996;30.333099999999998;37.8881;32.431400000000004;33.468900000000005;42.934599999999996;56.1263;40.2757;15.3016;13.8773;14.968;19.9707;9.1623;22.728099999999998;20.864099999999997;12.9374;7.0666;11.3375;7.1005;3.2933000000000003;3.2521999999999998;5.8767;11.3375;4.4971000000000005;7.1005;3.0189;9.751;7.0895;1.2298;2.3670999999999998;10.4795;11.0427;1.2298;7.1005;3.5725;3.386;2.0598;4.986;16.595;24.71;7.2855;15.9399;13.6655;6.6293;24.8753;14.633;12.1102;14.4651;9.2515;13.3804;13.1315;6.7061;8.7188;6.6293;6.6293;5.3945;10.9666;5.5806000000000004;4.139;4.7848999999999995;14.4651;4.5937;5.5806000000000004;7.0855;5.9025;5.636100000000001;10.9666;9.415700000000001;14.395700000000001;5.5806000000000004;8.7188;10.9666;4.5937;15.2695;5.5806000000000004;4.7848999999999995;11.1373;25.689799999999998;10.465399999999999;6.6293;6.6293;28.375;4.139
Glashütte 2.;35.741800000000005;35.618;40.0998;26.340799999999998;49.286;43.473;44.9084;38.6819;39.2308;37.4889;19.2605;25.35;36.115;48.8273;31.4168;39.383900000000004;31.4284;31.5798;24.9237;24.4108;31.4168;35.7236;52.6847;31.4284;28.5216;35.7775;36.5492;36.666;47.615199999999994;30.9878;30.7931;47.3296;48.5929;43.0775;46.6331;27.862299999999998;53.6381;63.1226;56.6709;48.9229;36.5492;24.9237;20.0503;17.1629;35.276;24.226200000000002;30.8967;24.4108;24.4011;17.1629;22.3642;23.0315;28.5216;25.4139;23.9525;47.615199999999994;19.8898;24.226200000000002;17.743299999999998;23.0153;27.862299999999998;28.5404;15.077;17.458099999999998;16.6325;36.5492;20.0503;36.666;11.9569;16.4239;15.077;11.9569;17.705299999999998;18.8384;10.7011;25.32;19.4307;14.7668;20.0503;22.3642;13.8276;16.0824;17.1629;10.5206;24.226200000000002;11.421100000000001;11.9569;11.078700000000001;13.8276;10.7011;11.6874;15.077;11.6874;6.3932;4.4201999999999995;15.077;13.0187;12.1102;0.0;7.0056;11.6449;9.9602;3.3726;13.6822;8.2567;13.4656;11.623700000000001;4.7322;13.0806;15.6836;14.052700000000002;5.2372;9.106399999999999;23.7745;11.1724;17.287200000000002;9.474200000000002;6.3053;10.6432;13.9832;11.7781;13.9832;18.0411;15.5514;11.7781;17.287200000000002;9.9602;20.9795;16.1828;16.1828;16.1262;15.0792;17.81;21.1858;21.1858;16.1262;15.0855;15.7554;18.0411;15.0792;17.81;17.287200000000002;16.1262;16.1828;16.7702;17.1982;27.884700000000002;23.1353;15.8738;34.9606;20.1075;34.9606;20.9795;23.1353;23.195400000000003;22.5458;21.833299999999998;15.0792;24.293200000000002;16.7702;38.6805;34.9606;44.452;17.6354;35.964400000000005;28.225900000000003;31.8914;38.841;26.220299999999998;27.884700000000002;34.9606;34.9606;48.8801;15.6836;40.9655;31.891;30.694;39.4859;30.109099999999998;20.095599999999997;48.5058;17.1982;36.4604;36.0125;31.7287;34.168;23.7878;34.168;37.3801;20.095599999999997;27.3824;31.104599999999998;32.7354;31.6398;46.595800000000004;26.9686;27.483400000000003;45.5546;39.9135;47.468599999999995;42.0118;42.7578;52.515;65.4152;49.5646;24.5905;18.878400000000003;11.216299999999999;22.8835;11.1234;17.7638;17.6831;12.178600000000001;15.4719;14.5602;16.389400000000002;12.175600000000001;12.1344;11.9905;14.5602;14.440299999999999;16.389400000000002;11.1036;8.4398;14.7552;13.0806;12.436200000000001;19.3243;6.4487;13.0806;16.389400000000002;14.9933;12.2683;13.6822;11.623700000000001;9.219899999999999;16.2841;13.3058;10.5311;8.2567;17.1982;10.132700000000002;3.5381;0.0;15.241299999999999;11.0445;11.1724;4.6147;17.81;16.1828;17.1982;17.1982;15.0792;21.833299999999998;16.1262;13.9833;15.0855;15.241299999999999;15.0935;16.1262;16.7702;15.587200000000001;16.9753;21.833299999999998;21.0661;24.2023;16.1262;16.1828;21.833299999999998;15.0935;23.195400000000003;16.1262;15.0855;21.1858;34.168;18.391299999999998;17.1982;17.1982;31.8914;13.9833
Alstertal-Langenhorn 2.;33.8897;33.7659;38.247699999999995;37.0983;47.4339;41.6209;43.0563;36.829800000000006;37.378699999999995;35.6368;29.8227;23.4979;34.2629;42.6502;24.5822;33.2068;25.2512;24.745099999999997;18.089;17.5761;24.5822;29.546400000000002;45.2244;25.2512;21.687;25.909599999999998;33.075300000000006;27.9117;38.8609;24.6777;27.319200000000002;43.8557;39.8386;34.3232;37.878800000000005;21.5522;44.8838;59.6487;47.916599999999995;40.168699999999994;33.075300000000006;18.089;13.2156;10.3282;25.0145;17.9161;24.062;17.5761;17.5664;10.3282;18.8903;16.1968;21.687;19.1038;17.6425;38.8609;13.5797;17.9161;12.2358;19.5413;21.5522;25.0665;8.242299999999998;11.148;10.3224;33.075300000000006;13.2156;27.9117;9.4743;14.7895;8.242299999999998;9.4743;17.9637;16.5072;10.5779;23.0224;13.1206;9.517299999999999;13.2156;18.8903;7.5175;15.9312;10.3282;4.2105;17.9161;5.111;9.4743;6.739;7.5175;10.5779;5.3773;8.242299999999998;5.3773;10.418700000000001;7.3834;8.242299999999998;6.756;5.0116000000000005;7.0056;0.0;5.1647;12.755;6.3602;7.201899999999999;10.2394;7.5074;5.9266000000000005;2.5655;6.6004;16.945;7.0565;4.1163;13.164299999999999;17.8163;12.4338;10.291;6.2425;10.4755;8.8102;6.987;4.781899999999999;6.987;8.4833;20.5527;4.781899999999999;10.291;12.755;15.1065;10.771700000000001;10.771700000000001;9.13;8.083;8.759;14.1358;14.1358;9.13;8.0893;8.7592;8.4833;8.083;8.759;10.291;9.13;10.771700000000001;9.774;10.202;22.0117;21.3022;8.877600000000001;33.1275;18.2744;33.1275;15.1065;21.3022;17.322400000000002;15.3759;13.655100000000001;8.083;22.4602;9.774;36.8475;33.1275;42.618900000000004;23.7675;34.1313;26.3929;30.0583;37.0079;36.8264;22.0117;33.1275;33.1275;47.047;16.945;39.1325;30.058;24.6832;33.0606;24.0983;14.0848;42.0805;10.202;30.0351;24.8938;25.7179;27.7427;17.777;27.7427;30.9548;14.0848;21.371599999999997;25.1464;26.7772;25.6815;40.6376;21.0103;21.5252;39.5964;33.9553;41.5103;36.053599999999996;36.7995;46.5568;59.457;43.6064;18.6323;17.208;12.3922;23.3014;10.8264;18.7441;19.079099999999997;13.3545;9.5137;12.5923;10.4312;6.2174;6.1762;7.2948;12.5923;8.9246;10.4312;5.1453;9.6157;9.5366;6.6004;6.7947;13.366100000000001;7.6246;6.6004;10.4312;8.9825;6.3101;7.201899999999999;5.9266000000000005;11.663200000000002;22.5141;7.7368999999999994;12.5138;10.2394;10.202;14.2995;9.905899999999999;7.383100000000001;12.3437;9.2115;12.4338;8.3448;8.759;10.771700000000001;10.202;10.202;8.083;13.655100000000001;9.13;6.987100000000001;8.0893;12.3437;8.0974;9.13;9.774;8.591;10.9645;13.655100000000001;12.6494;17.777;9.13;10.771700000000001;13.655100000000001;8.0974;17.322400000000002;9.13;8.0893;14.1358;27.7427;12.5182;10.202;10.202;30.0583;6.987100000000001
Hamburg Hurricanes 2.;32.7601;32.6363;37.1181;35.9687;46.304300000000005;40.4913;41.9267;35.700199999999995;35.2947;34.5072;31.1787;22.368299999999998;33.133300000000006;40.295199999999994;20.9795;30.8518;22.8962;21.142400000000002;14.4863;13.9735;20.9795;27.1914;41.6217;22.8962;18.0843;22.306900000000002;31.4039;24.309099999999997;35.258300000000006;22.7725;25.6478;42.1843;36.2359;30.720599999999997;34.276199999999996;19.646900000000002;41.2812;57.9773;44.314;36.566;31.4039;14.4863;9.613;6.7256;21.411900000000003;16.0108;20.4593;13.9735;13.963700000000001;6.7256;17.2189;12.594100000000001;18.0843;17.1986;15.737200000000001;35.258300000000006;11.908299999999999;16.0108;8.6067;17.8699;19.646900000000002;23.3951;5.3623;9.476600000000001;8.651;31.4039;9.613;24.309099999999997;8.9921;13.1181;5.3623;8.9921;23.966900000000003;14.835700000000001;10.0957;21.351;11.449200000000001;7.845899999999999;9.613;17.2189;5.846100000000001;14.259799999999998;6.7256;3.484;16.0108;4.259;8.9921;6.2568;5.846100000000001;10.0957;4.8951;5.3623;4.8951;17.182;14.146700000000001;5.3623;4.3403;2.1975;11.6449;5.1647;0.0;15.815299999999999;10.3236;3.1189;13.299700000000001;5.0528;4.142600000000001;6.4493;2.2889;16.5356;4.6662;8.0596;17.6395;15.3617;12.867299999999998;7.9007;10.3881;16.4254;9.7125;5.3293;3.1422;5.3293;6.8255;19.264400000000002;3.1422;7.9007;15.815299999999999;13.4487;9.1139;9.1139;6.5554;5.692699999999999;7.1011999999999995;11.4355;11.4355;6.5554;5.4316;6.3689;6.8255;5.692699999999999;7.1011999999999995;7.9007;6.5554;9.1139;7.3838;7.6114;20.353900000000003;20.014;6.303100000000001;24.3253;16.9862;24.3253;13.4487;20.014;15.6646;13.7181;11.2648;5.692699999999999;17.667;7.3838;35.5592;24.3253;41.3307;22.4793;32.8431;25.104599999999998;28.7701;35.719699999999996;35.538199999999996;20.353900000000003;24.3253;24.3253;45.7588;16.5356;37.844199999999994;28.7697;20.3323;31.4028;19.7475;9.734;40.4227;7.6114;22.688599999999997;20.542900000000003;21.367099999999997;26.0849;13.4261;26.0849;29.297;9.734;17.020799999999998;22.6918;24.322599999999998;23.227;38.183;18.555799999999998;19.0706;37.1418;31.500700000000002;39.055699999999995;33.599;34.3449;44.102199999999996;57.0024;41.1518;16.1777;14.7534;14.6022;20.846799999999998;9.042399999999999;23.604200000000002;20.2351;12.5715;7.0591;10.808399999999999;7.9766;3.7628000000000004;3.7216;5.5108999999999995;10.808399999999999;5.6964;7.9766;2.6832;9.385200000000001;7.082;2.2889;3.5664000000000002;10.9115;10.6769;2.2889;7.9766;4.631600000000001;3.8555;3.1189;4.142600000000001;15.7516;26.6597;6.772399999999999;15.5741;13.299700000000001;7.6114;19.0308;13.7897;11.2669;14.8602;8.7384;12.867299999999998;12.288200000000002;7.1011999999999995;9.1139;7.6114;7.6114;5.692699999999999;11.2648;6.5554;5.3294;5.4316;14.8602;5.4397;6.5554;7.3838;6.200699999999999;6.6953000000000005;11.2648;10.2591;14.6939;6.5554;9.1139;11.2648;5.4397;15.6646;6.5554;5.4316;11.4355;26.0849;10.8604;7.6114;7.6114;28.7701;5.3294
DUWO 08 1.;44.6624;44.538599999999995;49.0204;35.7181;42.9163;52.393699999999995;53.829;47.602599999999995;48.1514;46.4095;29.212799999999998;34.2706;45.035599999999995;57.748;32.967400000000005;45.096599999999995;40.349;33.130300000000005;26.4742;25.9614;32.967400000000005;35.6039;53.6096;40.349;30.072200000000002;34.2948;35.9452;36.5404;47.489599999999996;32.850699999999996;34.901900000000005;41.980199999999996;45.5727;42.2525;46.5075;29.725099999999998;53.5125;57.773300000000006;56.545300000000005;48.7973;35.9452;26.4742;21.600900000000003;18.7135;33.399800000000006;26.089;32.4472;25.9614;25.9516;18.7135;22.238599999999998;24.582;30.072200000000002;32.622099999999996;25.8154;47.489599999999996;20.393099999999997;26.089;19.272599999999997;22.8897;29.725099999999998;31.169700000000002;16.627599999999997;18.553;18.1196;35.9452;21.600900000000003;36.5404;11.831299999999999;16.298299999999998;16.627599999999997;11.831299999999999;16.783900000000003;18.712799999999998;9.2957;27.75;19.7795;14.641200000000001;21.600900000000003;22.238599999999998;15.3147;15.9568;18.7135;13.710700000000001;26.089;13.3925;11.831299999999999;10.953100000000001;15.3147;9.2957;13.2325;16.627599999999997;13.2325;14.5343;13.3408;16.627599999999997;15.4893;16.1811;9.9602;12.755;15.815299999999999;0.0;8.4406;16.2078;3.8346999999999998;15.3249;13.201600000000001;10.8515;16.167;24.5755;19.9028;14.6604;17.062099999999997;33.9342;20.0643;23.1373;16.8242;14.4336;19.5351;19.833299999999998;17.6282;19.833299999999998;21.3296;24.4433;17.6282;23.1373;0.0;29.8714;25.0747;25.0747;21.8549;20.9292;21.6052;30.0777;30.0777;21.8549;20.9355;21.605400000000003;21.3296;20.9292;21.6052;23.1373;21.8549;25.0747;22.6203;21.292900000000003;36.7766;32.0271;20.956400000000002;43.8524;28.999299999999998;43.8524;29.8714;32.0271;32.0873;31.4377;30.7252;20.9292;33.1851;22.6203;47.5724;43.8524;53.343900000000005;30.9705;44.856300000000005;37.1178;40.783300000000004;47.7329;35.5734;36.7766;43.8524;43.8524;42.863800000000005;24.5755;49.8574;40.7829;33.089;48.3778;32.5041;22.490599999999997;82.5012;21.292900000000003;35.4453;33.2996;34.1237;43.0598;26.1828;43.0598;46.272;22.490599999999997;44.0195;29.49;30.1784;41.7994;56.097199999999994;37.1282;37.6431;55.056;49.4149;56.9699;51.5132;40.6461;62.016400000000004;57.096599999999995;41.246;29.6373;18.765;7.936100000000001;27.847900000000003;11.01;19.717599999999997;9.158100000000001;10.1471;15.0606;13.6533;18.2488;13.8007;13.303799999999999;11.95;13.6533;16.2996;18.2488;14.0033;8.3264;14.6418;16.167;15.0557;20.0031;5.6696;16.167;18.2488;17.3883;13.8934;16.2078;13.201600000000001;18.1118;21.3688;19.327;5.0069;3.8346999999999998;21.292900000000003;18.261;5.13;9.9542;24.1331;19.936400000000003;20.0643;12.742899999999999;21.6052;25.0747;21.292900000000003;21.292900000000003;20.9292;30.7252;21.8549;19.8334;20.9355;24.1331;20.9436;21.8549;22.6203;21.4372;19.368299999999998;30.7252;29.957900000000002;33.094199999999994;21.8549;25.0747;30.7252;20.9436;32.0873;21.8549;20.9355;30.0777;43.0598;27.283099999999997;21.292900000000003;21.292900000000003;40.783300000000004;19.8334
Poppenbüttel 2.;38.124;38.0002;42.482099999999996;29.5861;51.6682;45.8553;47.2906;41.0642;41.613;39.8711;22.5058;27.732200000000002;38.4972;51.2096;30.4735;41.7662;33.8106;30.6365;23.980400000000003;23.4675;30.4735;38.1058;51.1157;33.8106;27.5783;38.159800000000004;33.4523;33.5691;44.5183;29.8794;27.6963;44.232699999999994;45.496;39.980599999999995;43.536199999999994;26.7538;50.541199999999996;60.025800000000004;53.574;45.8261;33.4523;23.980400000000003;19.107;16.2196;37.658300000000004;23.1178;29.9533;23.4675;23.4578;16.2196;19.2673;22.088099999999997;27.5783;29.6509;22.844099999999997;44.5183;17.421799999999998;23.1178;16.301299999999998;19.918400000000002;26.7538;25.4436;14.133700000000001;15.581700000000001;15.148299999999999;33.4523;19.107;33.5691;8.86;13.3271;14.133700000000001;8.86;14.6085;15.7415;7.6043;22.223200000000002;16.8082;11.67;19.107;19.2673;12.343399999999999;12.9855;16.2196;9.5773;23.1178;10.477799999999998;8.86;7.9818;12.343399999999999;7.6043;10.261299999999999;14.133700000000001;10.261299999999999;9.6386;7.6655;14.133700000000001;12.0754;11.1669;3.3726;6.3602;10.3236;8.4406;0.0;13.130700000000001;5.9668;12.268799999999999;10.1455;4.45;12.529200000000001;18.9292;13.5012;8.2964;12.351899999999999;23.347;14.418;16.735799999999998;10.4227;9.5509;12.9903;13.431799999999999;11.226700000000001;13.431799999999999;14.9281;18.797;11.226700000000001;16.735799999999998;8.4824;23.3266;18.5299;18.5299;15.5747;14.527700000000001;15.203700000000001;23.5329;23.5329;15.5747;14.534;15.203899999999999;14.9281;14.527700000000001;15.203700000000001;16.735799999999998;15.5747;18.5299;16.218799999999998;16.6468;30.2318;25.4823;15.322299999999998;37.3077;22.4545;37.3077;23.3266;25.4823;25.5425;24.8929;24.180400000000002;14.527700000000001;26.6403;16.218799999999998;41.0276;37.3077;46.799099999999996;27.9477;38.3115;30.573;34.2385;41.1881;29.4659;30.2318;37.3077;37.3077;51.2271;18.9292;43.312599999999996;34.238099999999996;30.0329;41.833;29.448;19.4345;50.8528;16.6468;38.8075;30.2435;31.0676;36.515;23.1267;36.515;39.727199999999996;19.4345;26.7213;23.8759;27.1951;31.2123;45.51;26.5411;28.3128;44.4688;38.8278;46.3828;40.9261;37.2175;51.429300000000005;59.874900000000004;44.024300000000004;19.0502;15.781799999999999;8.1197;19.786900000000003;8.0267;14.667200000000001;14.8066;9.082;12.0773;11.4636;15.1927;10.7446;10.2477;8.8939;11.4636;13.2435;15.1927;10.552100000000001;5.3431999999999995;11.6586;12.529200000000001;11.884799999999998;17.0198;3.352;12.529200000000001;15.1927;14.3322;10.837299999999999;13.130700000000001;10.1455;12.4655;19.5296;12.9255;8.241200000000001;5.9668;16.6468;13.3783;3.1103;3.3728000000000002;16.523799999999998;13.3916;14.418;7.8602;15.203700000000001;18.5299;16.6468;16.6468;14.527700000000001;24.180400000000002;15.5747;13.431899999999999;14.534;16.523799999999998;14.5421;15.5747;16.218799999999998;15.0357;16.3122;24.180400000000002;23.4131;26.549400000000002;15.5747;18.5299;24.180400000000002;14.5421;25.5425;15.5747;14.534;23.5329;36.515;20.738400000000002;16.6468;16.6468;34.2385;13.431899999999999
UH-Adler 3.;34.6511;34.527300000000004;39.0092;37.8598;48.1954;42.382400000000004;43.817699999999995;37.591300000000004;37.1858;36.398199999999996;36.1291;24.2593;35.024300000000004;53.9909;17.657400000000003;29.7865;21.6202;17.8203;11.164200000000001;10.651299999999999;17.657400000000003;20.2938;38.2996;21.6202;14.7622;18.9848;27.933799999999998;20.986900000000002;31.9361;19.4503;22.177799999999998;38.7142;32.9138;27.3985;30.954;16.3248;37.959;48.4031;40.991800000000005;33.243900000000004;27.933799999999998;11.164200000000001;6.2908;3.4034;18.0897;12.6887;17.1372;10.651299999999999;10.6416;3.4034;10.2246;9.272;14.7622;13.8764;12.4151;31.9361;8.8425;12.6887;5.2846;14.399899999999999;16.3248;19.925;1.4887000000000001;6.1472;5.174;27.933799999999998;6.2908;20.986900000000002;8.290299999999998;9.648100000000001;1.4887000000000001;8.290299999999998;20.4969;11.3657;9.739700000000001;17.881;8.1198;5.9497;6.2908;10.2246;2.8513;10.7898;3.4034;3.7345;12.6887;3.7701;8.290299999999998;5.9009;2.8513;9.739700000000001;5.6974;1.4887000000000001;5.6974;19.2192;16.1839;1.4887000000000001;1.3093;2.0598;13.6822;7.201899999999999;3.1189;16.2078;13.130700000000001;0.0;13.5359;2.643;5.7016;9.205200000000001;1.9757;20.3948;5.9914;11.0795;20.395400000000002;12.6586;15.0038;7.7381;13.144;19.1814;11.8489;6.5575;5.4169;6.5575;8.0538;20.4927;5.4169;7.7381;16.0515;14.677;10.3422;10.3422;6.2809;7.0179;8.3294;12.4976;12.4976;6.2809;5.4852;7.5295;8.0538;7.0179;8.3294;7.7381;6.2809;10.3422;8.017;5.9372;21.5822;21.2422;5.6007;25.5536;18.2144;25.5536;14.677;21.2422;16.8929;14.946399999999999;11.898100000000001;7.0179;18.8953;8.017;36.7875;25.5536;42.559;23.7076;34.071400000000004;26.332900000000002;29.9984;36.948;36.766400000000004;21.5822;25.5536;25.5536;46.987;20.3948;39.0725;29.998;17.7377;29.1177;17.1528;7.1393;52.9078;5.9372;20.094;17.9483;18.7724;23.456599999999998;10.8315;23.456599999999998;27.077099999999998;7.1393;14.4261;19.877200000000002;21.508;20.5239;35.4799;15.8527;16.3675;34.4387;28.7976;36.3527;30.8959;31.5303;41.3991;54.1878;38.337199999999996;13.363;11.9387;14.8384;18.0321;8.765600000000001;20.7895;30.6444;12.4962;5.5329;9.803799999999999;5.162;3.0833000000000004;3.0421;5.747;9.803799999999999;2.5469;5.162;3.5295;9.6214;5.5557;1.9757;1.301;8.944;10.913;1.9757;5.162;2.037;3.176;0.0;5.7016;18.5075;29.415599999999998;8.9089;15.8103;13.5359;5.9372;21.7867;16.5456;14.0228;16.0884;10.8749;15.0038;15.308;8.3294;10.3422;5.9372;5.9372;7.0179;11.898100000000001;6.2809;5.7623999999999995;5.4852;16.0884;5.3002;6.2809;8.017;7.2658000000000005;4.1006;11.898100000000001;10.116;15.327200000000001;6.2809;10.3422;11.898100000000001;5.3002;16.8929;6.2809;5.4852;12.4976;23.456599999999998;12.088700000000001;5.9372;5.9372;29.9984;5.7623999999999995
Bergstedt 2.;42.0032;41.879400000000004;46.3613;34.4702;55.5474;49.7345;51.1698;44.943400000000004;45.4923;43.7503;27.39;31.6114;42.376400000000004;66.7853;30.4518;42.581;37.689800000000005;30.6147;23.958599999999997;23.445700000000002;30.4518;33.088300000000004;51.094;37.689800000000005;27.5566;31.7792;34.7224;34.1349;45.0841;30.4451;28.9663;46.0925;46.061699999999995;40.5464;44.102;27.319599999999998;51.107;61.8855;54.1398;46.3918;34.7224;23.958599999999997;19.0853;16.1978;30.8841;23.6835;29.9316;23.445700000000002;23.436;16.1978;19.833099999999998;22.0664;27.5566;30.2166;23.4099;45.0841;17.9875;23.6835;16.757;20.4842;27.319599999999998;25.234099999999998;14.112;16.0373;15.604;34.7224;19.0853;34.1349;9.3556;13.8928;14.112;9.3556;14.1997;16.3072;7.386699999999999;21.814400000000003;17.374;12.1256;19.0853;19.833099999999998;12.799100000000001;13.551200000000001;16.1978;11.1951;23.6835;10.8769;9.3556;8.4375;12.799100000000001;7.386699999999999;10.716899999999999;14.112;10.716899999999999;14.5227;12.5496;14.112;12.973700000000001;13.6655;8.2567;10.2394;13.299700000000001;3.8346999999999998;5.9668;13.5359;0.0;12.809299999999999;10.686;8.335899999999999;13.651399999999999;23.8131;17.3871;12.1823;17.235799999999998;23.927799999999998;19.3019;20.621599999999997;14.3086;14.4348;16.8762;17.317700000000002;15.1126;17.317700000000002;18.8139;23.6809;15.1126;20.621599999999997;3.8346999999999998;27.2125;22.4158;22.4158;19.339299999999998;18.4136;19.089599999999997;27.4188;27.4188;19.339299999999998;18.419900000000002;19.0898;18.8139;18.4136;19.089599999999997;20.621599999999997;19.339299999999998;22.4158;20.1047;18.7773;34.1177;29.3682;18.4408;41.1935;26.340400000000002;41.1935;27.2125;29.3682;29.4284;28.7788;28.0663;18.4136;30.5262;20.1047;44.9135;41.1935;50.685;31.833599999999997;42.1974;34.4589;38.1244;45.074;38.2449;34.1177;41.1935;41.1935;55.113;23.8131;47.1985;38.124;30.5733;45.718900000000005;29.9885;19.975;65.7435;18.7773;32.9296;30.784;31.6081;40.4009;23.667099999999998;40.4009;43.613099999999996;19.975;27.2618;23.3357;27.776;31.7931;46.0908;27.1219;28.8936;45.049699999999994;39.4086;46.9636;41.5069;34.491800000000005;52.0101;55.227599999999995;39.377;19.631;16.3626;4.3713999999999995;23.852700000000002;8.317200000000001;14.1271;10.6294;6.5823;12.545;10.9741;15.7331;11.2851;10.788200000000002;9.4344;10.9741;13.784;15.7331;11.4877;5.8108;12.1262;13.651399999999999;12.5401;17.6006;3.1539;13.651399999999999;15.7331;14.8727;11.377799999999999;13.6921;10.686;17.349400000000003;24.0403;16.811400000000003;3.4775;0.0;18.7773;18.2622;4.7186;8.2567;20.4097;17.2775;19.3019;12.7441;19.089599999999997;22.4158;18.7773;18.7773;18.4136;28.0663;19.339299999999998;17.3178;18.419900000000002;20.4097;18.428;19.339299999999998;20.1047;18.921599999999998;16.852700000000002;28.0663;27.299;30.435299999999998;19.339299999999998;22.4158;28.0663;18.428;29.4284;19.339299999999998;18.419900000000002;27.4188;40.4009;24.624200000000002;18.7773;18.7773;38.1244;17.3178
DSC Hanseat 3.;36.8617;36.7379;41.219699999999996;40.0703;50.4059;44.5929;46.0282;39.8018;39.396300000000004;38.6088;37.2082;26.4698;37.2348;55.4785;19.145;31.274099999999997;23.1077;19.3079;12.6518;12.1389;19.145;21.7814;39.7872;23.1077;16.2498;20.4724;26.5164;26.633200000000002;37.5824;18.2664;20.7603;37.296800000000005;38.5601;33.0447;36.600300000000004;15.1409;43.6053;53.089800000000004;46.6381;38.8901;26.5164;12.6518;7.4431;4.891;19.5773;11.5048;18.6248;12.1389;12.1292;4.891;12.3314;10.7596;16.2498;12.6925;11.231200000000001;37.5824;7.168399999999999;11.5048;4.9165;12.9825;15.1409;18.5076;3.1848;4.7367;3.7635;26.5164;7.4431;26.633200000000002;5.959;8.2307;3.1848;5.959;19.0795;9.9483;8.821399999999999;16.4636;6.7093;3.5628;7.4431;12.3314;0.0;9.372399999999999;4.891;3.6835;11.5048;2.8913;5.959;5.0181000000000004;0.0;8.821399999999999;5.054399999999999;3.1848;5.054399999999999;17.7473;14.712;3.1848;2.0808;4.176699999999999;13.4656;7.5074;5.0528;15.3249;12.268799999999999;2.643;12.809299999999999;0.0;5.0679;9.01;3.5326;22.6116;8.2081;11.431899999999999;21.4692;11.532399999999999;20.153200000000002;10.0185;14.217799999999999;17.7911;16.785400000000003;8.774299999999998;7.6052;8.774299999999998;10.2705;22.7095;7.6052;10.0185;15.3147;16.8937;12.5589;12.5589;8.561399999999999;9.2346;10.5462;14.778;14.778;8.561399999999999;8.2983;9.809899999999999;10.2705;9.2346;10.5462;10.0185;8.561399999999999;12.5589;10.2974;7.9994;23.7989;23.459;7.6629;27.7703;20.4312;27.7703;16.8937;23.459;19.109599999999997;17.1631;14.1785;9.2346;21.112;10.2974;39.0042;27.7703;44.7757;25.9243;36.2881;28.5497;32.2151;39.164699999999996;38.9832;23.7989;27.7703;27.7703;49.2038;22.6116;41.289300000000004;32.2147;19.613400000000002;30.9934;19.0285;9.015;54.7835;7.9994;21.9697;19.824;20.6481;25.3323;12.7072;25.3323;28.9528;9.015;16.3018;18.6309;20.2617;19.3977;38.5766;14.7265;15.2414;37.5354;31.894299999999998;39.4493;33.992599999999996;30.284;44.4958;52.9414;37.0908;12.116700000000002;10.6924;13.0458;16.7858;6.8168999999999995;19.543200000000002;17.381700000000002;10.547600000000001;3.5841999999999996;7.8551;3.9156999999999997;1.8715;2.3053000000000003;5.0102;7.8551;2.189;3.9156999999999997;2.8956999999999997;8.8846;3.6071;3.5326;1.9792;7.0853;10.176200000000001;3.5326;3.9156999999999997;4.1323;1.8788;2.8513;5.0679;19.5813;30.4893;11.1256;15.0735;12.799100000000001;7.9994;22.8605;14.3537;13.8276;18.3052;13.0916;20.153200000000002;15.6604;10.5462;12.5589;7.9994;7.9994;9.2346;14.1785;8.561399999999999;7.979100000000001;8.2983;18.3052;7.5565;8.561399999999999;10.2974;9.5462;5.0352;14.1785;12.2791;17.607599999999998;8.561399999999999;12.5589;14.1785;7.5565;19.109599999999997;8.561399999999999;8.2983;14.778;25.3323;14.3055;7.9994;7.9994;32.2151;7.979100000000001
Hellbrook 2.;38.9208;38.797;43.278800000000004;42.129400000000004;52.465;46.6521;48.0874;41.861;42.409800000000004;40.6679;34.8538;28.529;39.294;58.9511;22.6175;34.7467;27.0389;22.7805;16.124299999999998;15.6115;22.6175;25.254;43.259699999999995;27.0389;19.7223;23.945;30.6256;26.701;37.6502;22.228099999999998;24.8696;41.406;38.6278;33.1125;36.668099999999995;19.1026;43.6731;57.1991;46.7059;38.9579;30.6256;16.124299999999998;11.251;8.3636;23.0499;15.4665;22.0973;15.6115;15.601799999999999;8.3636;16.4406;14.2321;19.7223;16.6542;15.1928;37.6502;11.1301;15.4665;9.0257;17.0917;19.1026;22.6169;6.277699999999999;8.6984;7.8728;30.6256;11.251;26.701;5.63;10.0615;6.277699999999999;5.63;14.119399999999999;14.0575;6.7336;20.5728;10.671;6.5779;11.251;16.4406;5.0679;9.7555;8.3636;2.0381;15.4665;2.3789000000000002;5.63;2.8948;5.0679;6.7336;0.0;6.277699999999999;0.0;17.943900000000003;14.9086;6.277699999999999;4.7005;4.986;11.623700000000001;5.9266000000000005;4.142600000000001;13.201600000000001;10.1455;5.7016;10.686;5.0679;0.0;6.869800000000001;5.0958000000000006;22.3199;8.1782;9.2917;19.1247;15.363299999999999;17.808799999999998;11.412700000000001;11.873299999999999;17.9106;14.4409;8.841299999999999;6.6541999999999994;8.841299999999999;10.3375;26.183400000000002;6.6541999999999994;11.412700000000001;13.2325;16.9607;12.6259;12.6259;10.0674;9.2047;10.6132;14.9475;14.9475;10.0674;8.9436;9.8809;10.3375;9.2047;10.6132;11.412700000000001;10.0674;12.6259;10.8958;11.0224;23.8659;26.933;9.815100000000001;27.8373;23.905099999999997;27.8373;16.9607;26.933;19.176599999999997;17.2301;14.7768;9.2047;21.179;10.8958;42.478199999999994;27.8373;48.2497;29.3983;39.7621;32.0236;35.689099999999996;42.6387;42.4572;23.8659;27.8373;27.8373;52.677800000000005;22.3199;44.7632;35.6887;22.8184;34.9148;22.2336;12.2201;57.9886;11.0224;25.1747;23.0291;23.8532;29.5969;15.9122;29.5969;32.809;12.2201;19.5069;22.6935;24.3243;23.2286;38.184599999999996;18.5574;19.072200000000002;37.1434;31.502299999999998;39.0574;33.6006;34.346599999999995;44.1038;57.004;41.153400000000005;16.179299999999998;12.2596;12.0194;20.8484;6.4597;14.3774;17.6523;9.988700000000001;6.7977;8.2256;7.9782;3.7644;3.5681;2.9280999999999997;8.2256;6.029100000000001;7.9782;2.3699;6.8024;6.5617;5.0958000000000006;4.6097;10.913200000000002;8.094100000000001;5.0958000000000006;7.9782;7.1178;3.8571;5.6974;0.0;17.2368;28.1449;10.2844;12.991299999999999;10.716899999999999;11.0224;20.516;12.2715;11.6874;17.9745;14.8422;17.808799999999998;13.520299999999999;10.6132;12.6259;11.0224;11.0224;9.2047;14.7768;10.0674;8.8414;8.9436;17.9745;8.9517;10.0674;10.8958;9.7127;9.0978;14.7768;13.7711;18.2059;10.0674;12.6259;14.7768;8.9517;19.176599999999997;10.0674;8.9436;14.9475;29.5969;14.372399999999999;11.0224;11.0224;35.689099999999996;8.8414
Hummelsbüttel 1.;34.522400000000005;34.3985;38.8804;37.731;48.0666;42.2536;43.688900000000004;37.4625;38.0114;36.269400000000005;23.8655;24.1305;34.8955;47.6079;26.5993;38.1645;30.2089;26.7622;20.106099999999998;19.5932;26.5993;34.5042;47.2415;30.2089;23.704099999999997;34.558099999999996;34.567800000000005;30.643099999999997;41.5923;26.1702;28.811700000000002;45.348099999999995;42.569900000000004;37.0546;40.6102;23.044700000000002;47.615199999999994;61.1412;50.648;42.9;34.567800000000005;20.106099999999998;15.232700000000001;12.3453;34.056599999999996;19.4086;26.079099999999997;19.5932;19.5835;12.3453;20.3827;18.213900000000002;23.704099999999997;20.5963;19.135;41.5923;15.0722;19.4086;12.9257;21.0338;23.044700000000002;26.559;10.2594;12.6405;11.8149;34.567800000000005;15.232700000000001;30.643099999999997;10.9668;16.282;10.2594;10.9668;17.0194;17.999599999999997;10.0152;24.5149;14.613100000000001;11.009799999999998;15.232700000000001;20.3827;9.01;17.4237;12.3453;5.703;19.4086;6.6035;10.9668;8.2315;9.01;10.0152;6.869800000000001;10.2594;6.869800000000001;10.9982;9.0251;10.2594;8.2011;7.2926;4.7322;2.5655;6.4493;10.8515;4.45;9.205200000000001;8.335899999999999;9.01;6.869800000000001;0.0;8.6405;17.5772;9.6126;4.7485;14.088799999999999;19.3343;13.066;12.847100000000001;6.8748000000000005;11.287799999999999;9.4424;9.5431;7.338;9.5431;11.039399999999999;21.184900000000003;7.338;12.847100000000001;10.8495;19.7787;14.982;14.982;11.686;10.639;11.315;19.985;19.985;11.686;10.645299999999999;11.3152;11.039399999999999;10.639;11.315;12.847100000000001;11.686;14.982;12.3301;12.7581;26.6839;21.9344;11.4337;33.759800000000006;18.906599999999997;33.759800000000006;19.7787;21.9344;21.9946;21.345;20.6325;10.639;23.0924;12.3301;37.479699999999994;33.759800000000006;43.2512;24.3998;34.7636;27.0251;30.6906;37.6402;37.4586;26.6839;33.759800000000006;33.759800000000006;47.679199999999994;17.5772;39.7647;30.6902;26.2538;38.2851;25.669;15.6555;47.3049;12.7581;35.2596;26.4645;27.2886;32.9671;19.3476;32.9671;36.179300000000005;15.6555;22.9423;26.6645;28.2953;27.1996;42.1556;22.5284;23.0433;41.1145;35.4734;43.028400000000005;37.5717;38.3176;48.0749;60.9751;45.1245;20.150299999999998;18.726;10.4867;24.8194;10.393799999999999;17.034299999999998;17.173599999999997;11.449;11.031799999999999;13.8307;11.9493;7.7355;7.6943;8.5517;13.8307;10.000200000000001;11.9493;6.663399999999999;7.7101999999999995;11.0547;8.6405;7.9961;14.8842;5.7191;8.6405;11.9493;10.5532;7.8282;9.242;7.1835;12.4941;23.1463;9.377600000000001;10.6083;8.3339;12.7581;15.1151;7.6324;5.1096;12.9759;9.8437;13.066;9.597100000000001;11.315;14.982;12.7581;12.7581;10.639;20.6325;11.686;9.5432;10.645299999999999;12.9759;10.6534;11.686;12.3301;11.1471;12.5351;20.6325;15.2054;23.0015;11.686;14.982;20.6325;10.6534;21.9946;11.686;10.645299999999999;19.985;32.9671;17.1905;12.7581;12.7581;30.6906;9.5432
VfL 93 3.;33.9148;33.7909;38.272800000000004;37.123400000000004;47.459;41.646;43.081300000000006;36.8549;36.449400000000004;35.6618;35.5276;23.5229;34.2879;55.2325;18.8989;31.0281;24.050900000000002;19.0619;12.405700000000001;11.8929;18.8989;21.535400000000003;39.5411;24.050900000000002;16.003700000000002;20.2264;29.090400000000002;22.2285;33.177699999999994;20.6919;23.334400000000002;39.8708;34.1554;28.64;32.1956;17.5664;39.2006;49.6446;42.2334;34.4854;29.090400000000002;12.405700000000001;7.5324;4.645;19.3313;13.930299999999999;18.378700000000002;11.8929;11.8832;4.645;14.9054;10.5135;16.003700000000002;15.118;13.656600000000001;33.177699999999994;10.084100000000001;13.930299999999999;6.5262;15.5565;17.5664;21.081599999999998;3.0299;7.3107;6.3376;29.090400000000002;7.5324;22.2285;8.249600000000001;10.8047;3.0299;8.249600000000001;21.6535;12.5223;9.699;19.037599999999998;9.283299999999999;6.4129;7.5324;14.9054;3.5326;11.946399999999999;4.645;3.133;13.930299999999999;3.1685;8.249600000000001;5.8602;3.5326;9.699;5.0958000000000006;3.0299;5.0958000000000006;18.6177;15.5824;3.0299;1.5435999999999999;1.2298;13.0806;6.6004;2.2889;16.167;12.529200000000001;1.9757;13.651399999999999;3.5326;5.0958000000000006;8.6405;0.0;19.591;5.187600000000001;10.4787;19.7946;13.924;14.2;7.8573;12.5432;18.5805;11.045200000000001;5.7538;4.6131;5.7538;7.25;19.6889;4.6131;7.8573;16.0295;13.8732;9.5384;9.5384;6.4002;6.2141;7.5257;11.9569;11.9569;6.4002;5.6045;6.8903;7.25;6.2141;7.5257;7.8573;6.4002;9.5384;7.9051;7.4489;20.7784;20.4385;6.1478;24.7498;17.4106;24.7498;13.8732;20.4385;16.089100000000002;14.1426;11.786200000000001;6.2141;18.0915;7.9051;35.9837;24.7498;41.755199999999995;22.9038;33.2676;25.5291;29.194599999999998;36.1442;35.9626;20.7784;24.7498;24.7498;46.1833;19.591;38.268699999999995;29.194200000000002;19.0973;31.8273;18.512400000000003;8.498899999999999;54.2674;7.4489;21.453599999999998;19.3079;20.132;26.509400000000003;12.1911;26.509400000000003;29.7215;8.498899999999999;15.7857;21.122700000000002;22.7535;21.7893;36.7453;17.1181;17.632900000000003;35.7041;30.063;37.6181;32.1613;32.7759;42.6645;55.4333;39.582699999999996;14.608600000000001;13.184299999999999;14.8164;19.2777;8.930299999999999;22.0351;20.1711;12.7857;6.373600000000001;10.6445;6.4075;3.0613;3.0201;5.7251;10.6445;3.8041;6.4075;2.9554;9.5994;6.3965;0.0;1.6741;9.5771;10.8911;0.0;6.4075;3.3966;3.154;2.0813;5.104;17.9067;25.5296;8.1051;15.7883;13.5139;7.4489;25.6949;15.944700000000001;13.421899999999999;15.2847;10.0711;14.2;14.7072;7.5257;9.5384;7.4489;7.4489;6.2141;11.786200000000001;6.4002;4.958600000000001;5.6045;15.2847;5.4133000000000004;6.4002;7.9051;6.7221;5.4601999999999995;11.786200000000001;10.2352;15.2153;6.4002;9.5384;11.786200000000001;5.4133000000000004;16.089100000000002;6.4002;5.6045;11.9569;26.509400000000003;11.2849;7.4489;7.4489;29.194599999999998;4.958600000000001
Tangstedt 2.;20.7823;20.6585;25.1403;23.9909;34.3265;28.5135;29.9488;17.7446;25.6918;22.529400000000003;13.5606;10.3905;21.1555;45.1329;33.9775;35.6895;27.734;35.0141;30.8779;29.4755;33.9775;32.0292;48.990300000000005;27.734;33.088;32.0831;47.6006;38.187599999999996;49.1368;38.4033;41.8445;58.381;50.1144;44.5991;48.1547;35.277800000000006;55.159699999999994;65.6037;58.1925;50.4445;47.6006;30.8779;23.4994;21.4117;31.581599999999998;31.6417;34.331;29.4755;29.646;21.4117;29.177599999999998;26.4726;33.088;34.2693;31.3681;49.1368;27.7955;31.6417;24.259700000000002;34.0666;35.277800000000006;39.591800000000006;21.9363;25.5031;24.840700000000002;47.6006;23.4994;38.187599999999996;26.416900000000002;29.314799999999998;21.9363;26.416900000000002;40.163599999999995;31.032400000000003;27.5205;37.5477;28.374599999999997;22.9984;23.4994;29.177599999999998;22.6116;30.4565;21.4117;21.5597;31.6417;22.1726;26.416900000000002;23.6816;22.6116;27.5205;22.3199;21.9363;22.3199;15.5412;13.0635;21.9363;20.808799999999998;18.7715;15.6836;16.945;16.5356;24.5755;18.9292;20.3948;23.8131;22.6116;22.3199;17.5772;19.591;0.0;17.0783;14.250200000000001;15.6074;32.5813;5.0531999999999995;17.559900000000003;11.6621;15.558200000000001;8.7103;16.0674;13.686;16.0674;14.446299999999999;3.8651;13.686;17.559900000000003;24.552400000000002;14.4595;11.4921;11.4921;17.548;16.0971;13.1445;17.591099999999997;17.591099999999997;17.548;17.7375;15.9333;14.446299999999999;16.0971;13.1445;17.559900000000003;17.548;11.4921;16.6791;19.2027;19.663400000000003;8.2898;17.6848;21.0557;9.8995;21.0557;14.4595;8.2898;15.4967;12.3379;18.2385;16.0971;10.385;16.6791;23.063200000000002;21.0557;28.8347;5.699;20.347099999999998;12.2998;16.2741;17.7548;23.042099999999998;19.663400000000003;21.0557;21.0557;33.262699999999995;0.0;25.348200000000002;17.986099999999997;36.1083;35.8911;38.2442;25.3721;44.911;19.2027;32.8656;32.4178;37.2341;30.5732;31.1233;30.5732;33.7853;25.3721;32.6588;40.6216;42.2524;40.4466;51.2399;35.775400000000005;36.2902;50.198699999999995;44.5577;52.1127;46.656;52.274699999999996;57.1592;67.6032;59.0816;30.405900000000003;32.6832;26.7208;38.7766;26.5221;34.4399;33.528800000000004;27.6831;22.8633;28.2881;25.9064;19.5669;19.5258;22.990599999999997;28.2881;20.8085;25.9064;21.4734;23.9443;22.8861;17.8942;19.0315;28.8667;21.953200000000002;17.8942;25.9064;22.7866;19.659599999999998;18.630599999999998;21.6223;6.663600000000001;11.084700000000002;10.1597;26.035700000000002;23.761200000000002;19.2027;10.6078;19.0427;15.6318;5.103;7.7715;5.0531999999999995;15.2645;13.1445;11.4921;19.2027;19.2027;16.0971;18.2385;17.548;13.6417;17.7375;5.103;17.3695;17.548;16.6791;16.4449;22.548299999999998;18.2385;17.4713;20.6075;17.548;11.4921;18.2385;17.3695;15.4967;17.548;17.7375;17.591099999999997;30.5732;13.7005;19.2027;19.2027;16.2741;13.6417
Victoria 5.;30.232;30.1082;34.5901;33.4407;43.776300000000006;37.963300000000004;39.3986;33.1722;32.7667;31.9791;32.0602;19.8402;30.6052;36.082;20.388;26.6386;18.6831;20.550900000000002;13.8948;13.382;20.388;22.9783;39.9394;18.6831;17.4928;23.0322;33.1306;23.717599999999997;34.6668;23.9333;27.3745;43.911;35.644400000000005;30.129099999999998;33.6847;20.8078;40.689699999999995;51.1337;43.7225;35.9745;33.1306;13.8948;9.029399999999999;6.9417;22.5307;17.1717;19.8678;13.382;13.372200000000001;6.9417;14.707600000000001;12.002600000000001;17.4928;19.7993;16.8981;34.6668;13.3255;17.1717;9.7897;19.5966;20.8078;25.1218;7.5329;11.033100000000001;10.370700000000001;33.1306;9.029399999999999;23.717599999999997;12.2752;14.8448;7.5329;12.2752;25.6936;16.5625;13.3788;23.0777;13.9046;11.0884;9.029399999999999;14.707600000000001;8.2081;15.9865;6.9417;6.7671;17.1717;7.5421000000000005;12.2752;9.5399;8.2081;13.3788;8.1782;7.5329;8.1782;17.250400000000003;14.2151;7.5329;6.405399999999999;4.368;14.052700000000002;7.0565;4.6662;19.9028;13.5012;5.9914;17.3871;8.2081;8.1782;9.6126;5.187600000000001;17.0783;0.0;11.2042;23.42;18.624;10.8098;5.573300000000001;7.785399999999999;24.8691;7.6549;1.9238;3.8350999999999997;1.9238;3.8827;16.3217;3.8350999999999997;5.573300000000001;20.1199;10.5059;6.1711;6.1711;4.8211;3.0605;4.158399999999999;9.5353;9.5353;4.8211;3.7804;3.8533000000000004;3.8827;3.0605;4.158399999999999;5.573300000000001;4.8211;6.1711;5.0563;5.8932;17.411099999999998;17.0712;4.5688;21.3825;14.0434;21.3825;10.5059;17.0712;12.7218;10.7753;8.9374;3.0605;14.724200000000002;5.0563;32.6164;21.3825;38.3879;19.5365;29.900299999999998;22.161900000000003;25.8273;32.776900000000005;32.5954;17.411099999999998;21.3825;21.3825;42.816;16.2238;34.9015;25.826900000000002;22.013099999999998;28.460099999999997;21.4282;11.4148;37.4799;5.8932;25.4345;24.9867;23.0478;23.1421;15.1069;23.1421;26.354200000000002;11.4148;18.7015;26.0281;27.658900000000003;26.4893;37.282599999999995;21.818099999999998;22.332900000000002;36.2414;30.6004;38.1554;32.6987;37.6812;43.2019;53.645900000000005;44.488;16.4486;18.089599999999997;19.757099999999998;24.183;14.0381;26.9404;25.230700000000002;17.5671;11.2789;15.804;11.3128;8.7584;8.7172;10.5065;15.804;8.356399999999999;11.3128;7.6788;14.380799999999999;11.3018;5.4421;6.5794;14.9094;14.9895;5.4421;11.3128;7.6912;8.8511;6.1785;9.138200000000001;13.8049;22.139400000000002;4.714899999999999;19.878700000000002;17.6043;5.8932;22.3047;17.191200000000002;14.6684;11.917399999999999;6.680899999999999;10.8098;16.605;4.158399999999999;6.1711;5.8932;5.8932;3.0605;8.9374;4.8211;0.8897999999999999;3.7804;11.917399999999999;3.7885;4.8211;5.0563;3.8733;8.591;8.9374;7.9317;13.1765;4.8211;6.1711;8.9374;3.7885;12.7218;4.8211;3.7804;9.5353;23.1421;7.9177;5.8932;5.8932;25.8273;0.8897999999999999
Alstertal-Langenhorn 3.;33.0861;32.962300000000006;37.444199999999995;36.2948;46.630300000000005;40.8174;42.2527;36.026300000000006;36.575199999999995;34.8332;19.9445;22.6943;33.459300000000006;46.171699999999994;28.473599999999998;36.728300000000004;28.7727;28.6365;21.980400000000003;21.4675;28.473599999999998;33.0679;50.029;28.7727;25.578400000000002;33.121900000000004;36.9897;31.803099999999997;42.752300000000005;28.5921;31.2336;47.7701;43.73;38.2146;41.770199999999996;25.4666;48.7752;63.5631;51.808;44.0601;36.9897;21.980400000000003;17.107;14.2196;32.620400000000004;21.8305;27.953400000000002;21.4675;21.4578;14.2196;22.8047;20.0882;25.578400000000002;23.0182;21.556900000000002;42.752300000000005;17.4941;21.8305;16.127200000000002;23.4558;25.4666;28.980900000000002;12.133700000000001;15.0624;14.236799999999999;36.9897;17.107;31.803099999999997;13.3887;18.7039;12.133700000000001;13.3887;20.8658;20.421599999999998;13.861600000000001;26.936799999999998;17.035;13.431700000000001;17.107;22.8047;11.431899999999999;19.8457;14.2196;8.1249;21.8305;9.0254;13.3887;10.6535;11.431899999999999;13.861600000000001;9.2917;12.133700000000001;9.2917;7.3953;4.36;12.133700000000001;10.6474;8.903;5.2372;4.1163;8.0596;14.6604;8.2964;11.0795;12.1823;11.431899999999999;9.2917;4.7485;10.4787;14.250200000000001;11.2042;0.0;10.1416;21.7545;9.7629;14.1831;6.4178999999999995;7.4528;8.0232;10.879100000000001;8.674;10.879100000000001;15.421100000000001;14.1419;8.674;14.1831;14.6042;18.3595;13.5628;13.5628;13.0221;11.975100000000001;15.19;18.5658;18.5658;13.0221;11.981399999999999;12.651299999999999;15.421100000000001;11.975100000000001;15.19;14.1831;13.0221;13.5628;13.6661;14.094100000000001;25.2647;20.5153;12.7697;32.3406;17.4874;32.3406;18.3595;20.5153;20.575400000000002;19.9258;19.2133;11.975100000000001;21.6732;13.6661;36.0605;32.3406;41.832;22.9806;33.3444;25.605900000000002;29.2714;36.221;36.0394;25.2647;32.3406;32.3406;46.26;14.2741;38.3455;29.271;28.5753;36.8659;27.9904;17.9769;45.8857;14.094100000000001;33.8404;33.3925;38.2089;31.548;21.6691;31.548;34.7601;17.9769;25.2637;29.0846;30.715400000000002;29.6197;44.5758;24.9485;25.4634;43.5346;37.8935;45.4485;39.991800000000005;40.7377;50.495;63.395199999999996;47.544599999999996;22.5705;21.1462;14.3834;27.2396;14.2904;20.9309;21.0703;15.3457;13.4519;16.4844;14.369399999999999;10.1556;10.1144;11.1869;16.4844;12.8167;14.369399999999999;9.0835;11.6069;13.4748;10.4925;10.6868;17.304299999999998;9.6157;10.4925;14.369399999999999;12.874600000000001;10.248299999999999;11.094;9.818700000000002;8.6405;21.7271;8.9207;14.5049;12.2305;14.094100000000001;11.2768;8.6478;5.236800000000001;11.556700000000001;8.4245;9.7629;5.322100000000001;15.19;13.5628;14.094100000000001;14.094100000000001;11.975100000000001;19.2133;13.0221;10.8792;11.981399999999999;11.556700000000001;11.9895;13.0221;13.6661;12.4831;14.8566;19.2133;18.446;21.5823;13.0221;13.5628;19.2133;11.9895;20.575400000000002;13.0221;11.981399999999999;18.5658;31.548;15.7713;14.094100000000001;14.094100000000001;29.2714;10.8792
Friedrichsgabe 1.;28.968700000000002;30.1817;34.6635;22.1373;29.3355;36.7;30.0409;31.9088;37.4523;27.6535;14.2243;19.506;26.2796;55.2751;44.119699999999995;45.8317;37.8762;45.156400000000005;41.0201;39.6177;44.119699999999995;42.1714;59.1325;37.8762;43.2303;42.225300000000004;47.027;48.329800000000006;59.279;38.629400000000004;41.270900000000005;57.807300000000005;60.2566;54.7413;58.2969;35.5039;65.3019;73.6004;68.3347;60.5867;47.027;41.0201;33.6416;31.554;41.7239;31.8678;44.4732;39.6177;39.788199999999996;31.554;32.842;36.6148;43.2303;33.0555;31.5942;59.279;27.5314;31.8678;25.443099999999998;33.493;35.5039;39.0182;21.4497;25.099700000000002;24.274099999999997;47.027;33.6416;48.329800000000006;20.936;25.4031;21.4497;20.936;26.6845;30.4588;19.6803;36.9741;27.0723;23.469;33.6416;32.842;21.4692;25.0615;31.554;18.3645;31.8678;18.977400000000003;20.936;20.4864;21.4692;19.6803;19.1247;21.4497;19.1247;2.528;5.8976999999999995;21.4497;19.9633;18.4829;9.106399999999999;13.164299999999999;17.6395;17.062099999999997;12.351899999999999;20.395400000000002;17.235799999999998;21.4692;19.1247;14.088799999999999;19.7946;15.6074;23.42;10.1416;0.0;31.778;12.5457;27.4437;18.954099999999997;2.5831;17.3562;23.2502;23.121;23.2502;24.330099999999998;16.9247;23.121;27.4437;17.1572;27.2685;22.471799999999998;22.471799999999998;27.4318;25.980900000000002;24.0991;27.4749;27.4749;27.4318;27.621299999999998;25.8171;24.330099999999998;25.980900000000002;24.0991;27.4437;27.4318;22.471799999999998;26.562900000000003;29.0865;34.1738;29.4243;27.5686;32.7655;26.3965;32.7655;27.2685;29.4243;29.4844;28.834799999999998;28.1223;25.980900000000002;30.5822;26.562900000000003;29.6352;32.7655;30.0076;16.0621;30.015400000000003;23.9885;25.942400000000003;29.4435;22.0623;34.1738;32.7655;32.7655;29.3526;15.5678;35.0165;29.696;45.9921;45.7749;48.128;27.2729;54.7948;29.0865;42.7494;42.3016;47.1179;40.457;41.0071;40.457;43.6691;27.2729;34.5597;39.1081;40.7389;39.6433;54.5993;34.9721;35.4869;53.558099999999996;47.917;55.472;50.0153;50.761300000000006;60.5185;73.4187;57.5681;32.594;31.169700000000002;20.265700000000002;37.2631;20.1728;26.813299999999998;26.133599999999998;21.228;23.4754;23.609599999999997;24.3929;20.1791;20.137900000000002;20.4829;23.609599999999997;22.1127;24.3929;18.965700000000002;17.4892;23.4983;19.788400000000003;19.9827;27.3278;15.4981;19.788400000000003;24.3929;22.1706;20.2718;20.3899;19.1146;9.9677;7.8576999999999995;19.5948;20.4697;17.306099999999997;29.0865;5.1618;12.5875;9.1766;21.3538;18.2216;12.5457;5.2112;24.0991;22.471799999999998;29.0865;29.0865;25.980900000000002;28.1223;27.4318;23.0768;27.621299999999998;21.3538;27.2533;27.4318;26.562900000000003;26.3287;24.1525;28.1223;27.3551;30.4913;27.4318;22.471799999999998;28.1223;27.2533;29.4844;27.4318;27.621299999999998;27.4749;40.457;24.6803;29.0865;29.0865;25.942400000000003;23.0768
FC Guine-Bissau;45.735;45.6112;50.093;48.9437;59.279199999999996;53.466300000000004;54.9016;43.9624;47.6773;47.482099999999996;47.563199999999995;35.343199999999996;46.1082;54.4799;19.1517;30.275599999999997;31.987099999999998;19.3146;15.1955;16.112;19.1517;21.8382;38.788599999999995;31.987099999999998;15.2512;20.5291;17.8861;8.1098;19.099400000000003;9.1485;8.767299999999999;35.5285;14.3729;13.053799999999999;16.6094;6.023;25.071;35.5151;28.1038;20.355900000000002;17.8861;15.1955;10.8155;10.388200000000001;19.6341;0.9176;18.6315;16.112;16.1023;10.388200000000001;3.5873000000000004;14.2552;15.2512;6.2197;0.0;19.099400000000003;4.1029;0.9176;8.298200000000001;5.3591999999999995;6.023;8.414100000000001;11.4717;6.7418000000000005;8.4278;17.8861;10.8155;8.1098;15.1037;11.567;11.4717;15.1037;17.3223;13.2847;17.9662;9.549;5.0405;13.4086;10.8155;3.5873000000000004;11.532399999999999;12.7087;10.388200000000001;13.992299999999998;0.9176;13.2002;15.1037;14.806;11.532399999999999;17.9662;15.363299999999999;11.4717;15.363299999999999;28.0562;25.0209;11.4717;12.779;14.1941;23.7745;17.8163;15.3617;33.9342;23.347;12.6586;23.927799999999998;11.532399999999999;15.363299999999999;19.3343;13.924;32.5813;18.624;21.7545;31.778;0.0;28.5699;16.17;24.3427;27.9161;26.1783;18.821900000000003;17.333299999999998;18.821900000000003;18.4719;31.466;17.333299999999998;16.17;25.8154;23.8496;21.7283;21.7283;15.6377;17.4007;20.2209;20.9912;20.9912;15.6377;15.374600000000001;16.886200000000002;18.4719;17.4007;20.2209;16.17;15.6377;21.7283;16.9114;14.4739;30.212799999999998;32.2155;14.7392;34.1842;29.1877;34.1842;23.8496;32.2155;25.5235;25.0895;20.3917;17.4007;29.0623;16.9114;47.7607;34.1842;53.532199999999996;34.680800000000005;45.044599999999996;37.3062;40.971599999999995;43.6768;47.7397;30.212799999999998;34.1842;34.1842;57.960300000000004;31.3681;50.0458;39.7339;20.0014;34.1314;19.4165;12.508799999999999;54.04;14.4739;22.234599999999997;20.088900000000002;21.0362;25.6215;14.9909;25.6215;29.242;12.508799999999999;15.5583;16.1469;8.8566;10.1671;19.1182;5.4959;6.0107;16.64;12.4359;14.4162;13.0972;18.8811;25.4258;35.869800000000005;34.6069;3.6475;12.758700000000001;21.2889;9.2911;15.4495;17.0899;26.9448;17.723200000000002;13.3292;14.5562;8.6069;11.4333;12.2041;16.7235;14.5562;10.7975;8.6069;13.020700000000001;19.2587;12.9104;13.656600000000001;12.643;4.3906;20.677;13.656600000000001;8.6069;11.826;11.4406;12.4151;15.1928;29.7063;40.2296;20.8253;25.209799999999998;23.4099;14.4739;40.3949;24.854400000000002;23.9525;27.061700000000002;22.7913;28.5699;25.785400000000003;20.2209;21.7283;14.4739;14.4739;17.4007;20.3917;15.6377;17.7878;15.374600000000001;27.061700000000002;15.616;15.6377;16.9114;16.6225;9.956299999999999;20.3917;17.9219;22.2043;15.6377;21.7283;20.3917;15.616;25.5235;15.6377;15.374600000000001;20.9912;25.6215;23.7923;14.4739;14.4739;40.971599999999995;17.7878
Rugenbergen 3.;21.862299999999998;21.7385;26.220299999999998;25.0709;35.4065;29.5935;31.0289;18.8246;26.7718;23.6094;14.6961;11.4705;22.2355;42.3348;31.179299999999998;32.8913;24.9358;32.216;28.0797;26.6773;31.179299999999998;29.231;46.192099999999996;24.9358;30.289900000000003;29.285;45.711;35.3894;46.3386;35.6051;39.9549;56.4914;47.316300000000005;41.8009;45.3565;32.4796;52.3615;62.8055;55.3943;47.646300000000004;45.711;28.0797;20.7012;18.613599999999998;28.7835;28.8435;31.532799999999998;26.6773;26.8478;18.613599999999998;31.526;23.674400000000002;30.289900000000003;31.4711;28.5699;46.3386;26.215400000000002;28.8435;21.4615;32.177099999999996;32.4796;37.7022;16.5453;23.7838;22.958099999999998;45.711;20.7012;35.3894;21.9057;27.4253;16.5453;21.9057;28.7505;29.1429;23.0093;35.658199999999994;25.7563;22.153;20.7012;31.526;20.153200000000002;28.567;18.613599999999998;17.0485;28.8435;17.6614;21.9057;19.1705;20.153200000000002;23.0093;17.808799999999998;16.5453;17.808799999999998;11.6027;9.1082;16.5453;18.6474;13.3804;11.1724;12.4338;12.867299999999998;20.0643;14.418;15.0038;19.3019;20.153200000000002;17.808799999999998;13.066;14.2;5.0531999999999995;10.8098;9.7629;12.5457;28.5699;0.0;14.502600000000001;7.9372;12.1768;4.1991000000000005;10.3077;10.178600000000001;10.3077;11.389;4.921;10.178600000000001;14.502600000000001;20.0412;12.7791;7.982399999999999;7.982399999999999;14.4907;13.0398;9.634799999999998;14.533700000000001;14.533700000000001;14.4907;13.025;12.876;11.389;13.0398;9.634799999999998;14.502600000000001;14.4907;7.982399999999999;13.6217;16.1454;19.171200000000002;9.7059;14.6274;22.1116;9.407399999999999;22.1116;12.7791;9.7059;15.0046;11.8457;15.1812;13.0398;12.8795;13.6217;24.1191;22.1116;29.8906;11.039200000000001;21.403;13.3557;17.33;18.8107;24.098;19.171200000000002;22.1116;22.1116;34.3187;5.0531999999999995;26.4041;19.042;33.0509;32.833800000000004;35.186800000000005;20.6594;41.853699999999996;16.1454;29.8083;29.360400000000002;34.1768;27.515900000000002;28.065900000000003;27.515900000000002;30.728;20.6594;27.9462;37.8032;39.434;38.338300000000004;46.5272;33.6671;34.1819;45.486;39.845;47.4;41.9433;49.456300000000006;52.4465;72.1137;56.2631;31.289;29.8647;22.2097;35.9581;22.7095;30.627299999999998;29.0177;23.172;22.1705;24.4755;23.088;18.8741;18.833;19.1779;24.4755;20.8078;23.088;17.660700000000002;19.4332;22.1934;14.3868;18.677799999999998;26.0229;17.442;14.3868;23.088;16.635900000000003;18.9668;15.1232;17.8097;4.4327;12.189;6.6523;21.5245;19.2501;16.1454;9.008700000000001;14.5315;11.1206;4.6108;4.4658;0.0;10.7533;9.634799999999998;7.982399999999999;16.1454;16.1454;13.0398;15.1812;14.4907;10.1344;13.025;4.6108;14.3122;14.4907;13.6217;13.3876;17.8357;15.1812;14.414;17.5502;14.4907;7.982399999999999;15.1812;14.3122;15.0046;14.4907;13.025;14.533700000000001;27.515900000000002;10.1908;16.1454;16.1454;17.33;10.1344
Teutonia 10 3.;30.7136;30.5898;35.0716;33.9223;44.2578;38.444900000000004;39.880199999999995;28.090400000000002;31.8053;32.4607;32.5418;20.3218;31.0868;32.269;19.6599;22.825599999999998;14.87;19.8229;13.166799999999999;12.6539;19.6599;19.165200000000002;36.1263;14.87;16.7647;19.2192;33.006;22.9895;33.9387;23.205299999999998;27.2499;43.7864;34.9164;29.401;32.9566;20.0797;39.9616;50.4056;42.9944;35.2464;33.006;13.166799999999999;8.3013;6.2137;18.7177;16.4436;19.1398;12.6539;12.644200000000001;6.2137;13.9795;11.2745;16.7647;19.0713;16.17;33.9387;12.5974;16.4436;9.0616;18.2789;20.0797;24.9972;8.169;11.2553;9.961799999999998;33.006;8.3013;22.9895;15.0785;14.7203;8.169;15.0785;25.5691;16.437900000000003;16.6133;22.953200000000002;13.1765;11.98;8.3013;13.9795;10.0185;15.862;6.2137;10.0016;16.4436;10.523299999999999;15.0785;12.7744;10.0185;16.6133;11.412700000000001;8.169;11.412700000000001;28.8598;19.4247;8.169;8.6673;7.0378;17.287200000000002;10.291;7.9007;23.1373;16.735799999999998;7.7381;20.621599999999997;10.0185;11.412700000000001;12.847100000000001;7.8573;17.559900000000003;5.573300000000001;14.1831;27.4437;16.17;14.502600000000001;0.0;13.4954;28.1735;11.3925;5.5871;7.2092;5.5871;4.6676;16.6801;7.2092;0.0;23.1313;8.0299;6.9425;6.9425;1.8635;4.1202;5.435;5.4912;5.4912;1.8635;2.843;2.6096999999999997;4.6676;4.1202;5.435;0.0;1.8635;6.9425;1.4114;3.0091;14.3931;17.4297;2.3458;18.3645;14.4018;18.3645;8.0299;17.4297;9.703700000000001;9.5895;4.571899999999999;4.1202;13.562299999999999;1.4114;32.9749;18.3645;38.7464;19.895;30.2588;22.5203;26.1858;28.1768;32.9538;14.3931;18.3645;18.3645;43.1744;16.5822;35.2599;24.233900000000002;19.5381;22.7442;18.953200000000002;8.9398;31.7785;3.0091;19.7332;19.2853;24.1017;17.4407;12.6319;17.4407;20.652900000000002;8.9398;16.2265;25.355700000000002;26.9865;24.3682;34.8076;19.697;20.2119;33.766400000000004;28.125400000000003;35.6804;30.2237;37.008900000000004;40.7269;51.1709;43.8157;14.3275;17.4173;21.7347;23.5107;16.1749;26.268099999999997;36.1229;19.704;12.315;19.2148;10.3933;10.3786;10.3375;12.6433;19.2148;8.554200000000002;10.3933;9.815700000000001;16.5177;12.3379;7.7954;8.829600000000001;12.7884;18.0009;7.7954;10.3933;7.4477;10.4713;7.519399999999999;11.2751;16.7792;25.4438;8.780700000000001;22.890099999999997;20.6157;3.0091;25.609099999999998;20.202599999999997;20.2766;12.2759;10.889700000000001;13.7841;19.9094;5.435;6.9425;3.0091;3.0091;4.1202;4.571899999999999;1.8635;4.9556000000000004;2.843;12.2759;3.2039;1.8635;1.4114;2.4086999999999996;7.3888;4.571899999999999;2.4036;7.0363999999999995;1.8635;6.9425;4.571899999999999;3.2039;9.703700000000001;1.8635;2.843;5.4912;17.4407;7.514600000000001;3.0091;3.0091;26.1858;4.9556000000000004
Niendorf 5.;28.9606;28.8368;33.318599999999996;32.169200000000004;42.5048;36.6918;38.1271;31.9007;32.4496;30.7076;24.8936;18.5687;29.3337;42.046099999999996;30.8906;32.6027;24.6472;31.9273;24.044900000000002;26.3886;30.8906;28.942400000000003;45.9035;24.6472;27.6429;28.996299999999998;39.7755;33.8677;44.816900000000004;31.378;34.0195;50.5559;45.7945;40.279199999999996;43.8348;28.2525;50.8397;66.349;53.8725;46.1246;39.7755;24.044900000000002;19.1715;16.2841;28.494799999999998;24.616400000000002;31.2442;26.3886;26.5592;16.2841;25.5905;22.1527;27.6429;25.8041;24.3427;44.816900000000004;20.28;24.616400000000002;18.1917;26.2416;28.2525;31.7668;14.1982;17.8483;17.0227;39.7755;19.1715;33.8677;15.9703;21.4898;14.1982;15.9703;24.4597;23.2074;17.0738;29.7227;19.8209;16.2176;19.1715;25.5905;14.217799999999999;22.6315;16.2841;11.113;24.616400000000002;11.726;15.9703;13.235;14.217799999999999;17.0738;11.873299999999999;14.1982;11.873299999999999;10.7796;7.7443;14.1982;12.7119;11.2315;9.474200000000002;6.2425;10.3881;16.8242;10.4227;13.144;14.3086;14.217799999999999;11.873299999999999;6.8748000000000005;12.5432;11.6621;7.785399999999999;6.4178999999999995;18.954099999999997;24.3427;7.9372;13.4954;0.0;10.743;3.8731999999999998;7.2978000000000005;7.168699999999999;7.2978000000000005;11.271;15.6157;7.168699999999999;14.3846;16.8383;14.2095;9.412799999999999;9.412799999999999;11.0558;9.295200000000001;11.04;14.415799999999999;14.415799999999999;11.0558;10.0151;12.758;11.271;9.295200000000001;11.04;14.3846;11.0558;9.412799999999999;13.5038;12.1279;21.1147;16.3652;10.8035;28.1905;13.337399999999999;28.1905;14.2095;16.3652;16.4254;15.775799999999998;15.0633;9.295200000000001;17.5232;13.5038;31.9105;28.1905;37.6819;18.830599999999997;29.1943;21.4559;25.121299999999998;32.0709;31.889400000000002;21.1147;28.1905;28.1905;42.11;11.6991;34.1955;25.121;32.933;32.715900000000005;35.0689;19.3985;41.735699999999994;12.1279;29.6904;29.2425;34.0589;27.3979;23.090700000000002;27.3979;30.6101;19.3985;26.685299999999998;31.2338;32.864599999999996;31.768900000000002;46.7249;27.0977;27.6125;45.683699999999995;40.0426;47.597699999999996;42.141;42.886900000000004;52.6441;65.5443;49.6937;24.7196;23.2953;16.4756;29.3887;16.1401;24.0578;23.1625;17.437900000000003;15.6011;17.906;16.5185;12.3047;12.2636;12.6085;17.906;14.2384;16.5185;11.091299999999999;13.6991;15.623899999999999;11.914100000000001;12.1084;19.4535;11.7079;11.914100000000001;16.5185;14.2962;12.3974;12.515600000000001;11.2403;10.0692;17.577099999999998;4.304;16.597099999999998;14.322700000000001;12.1279;17.7424;13.6213;9.4301;7.4067;4.2745;7.9322;9.062899999999999;11.04;9.412799999999999;12.1279;12.1279;9.295200000000001;15.0633;11.0558;7.1244;10.0151;7.4067;10.023200000000001;11.0558;13.5038;10.108;16.278200000000002;15.0633;14.296;17.432299999999998;11.0558;9.412799999999999;15.0633;10.023200000000001;16.4254;11.0558;10.0151;14.415799999999999;27.3979;11.6212;12.1279;12.1279;25.121299999999998;7.1244
Nordlichter im NSV 2.;28.919400000000003;30.1324;34.6143;21.2553;28.4535;36.6507;29.158900000000003;31.859599999999997;37.403;27.604200000000002;14.1751;19.4567;26.2303;56.724199999999996;45.5687;47.280800000000006;39.325199999999995;46.6054;30.0822;41.0667;45.5687;43.620400000000004;60.5815;39.325199999999995;33.6802;43.6744;43.3489;39.905;50.8542;34.9514;37.5929;54.1293;51.8318;46.3165;49.872099999999996;31.8258;56.8771;69.9224;59.9099;52.1619;43.3489;30.0822;25.2089;22.3215;43.1729;28.189799999999998;45.9223;41.0667;41.237199999999994;22.3215;29.1639;28.19;33.6802;29.3775;27.9161;50.8542;23.8534;28.189799999999998;24.229;29.815;31.8258;35.340199999999996;20.235599999999998;21.4217;20.5961;43.3489;25.2089;39.905;18.135;22.6021;20.235599999999998;18.135;23.8834;25.0165;16.8793;31.498099999999997;23.394299999999998;19.791;25.2089;29.1639;17.7911;22.2605;22.3215;14.484200000000001;28.189799999999998;15.3847;18.135;17.2568;17.7911;16.8793;17.9106;20.235599999999998;17.9106;0.0;3.465;20.235599999999998;18.749299999999998;17.2688;6.3053;10.4755;16.4254;14.4336;9.5509;19.1814;14.4348;17.7911;17.9106;11.287799999999999;18.5805;15.558200000000001;24.8691;7.4528;2.5831;27.9161;12.1768;28.1735;10.743;0.0;11.9486;24.6663;16.646900000000002;24.6663;25.7462;15.9818;16.646900000000002;28.8598;14.5343;28.6847;23.888;23.888;28.847900000000003;27.397;25.5152;28.891;28.891;28.847900000000003;18.283099999999997;27.2332;25.7462;27.397;25.5152;28.8598;28.847900000000003;23.888;27.979;30.5027;35.5899;30.840400000000002;28.9847;32.739;27.8126;32.739;28.6847;30.840400000000002;30.900599999999997;30.251;29.5385;27.397;31.9984;27.979;29.608700000000002;32.739;29.1681;16.0356;29.988799999999998;23.962;25.9158;29.417;21.2228;35.5899;32.739;32.739;28.513099999999998;15.5412;34.99;29.669400000000003;36.7005;47.1911;49.5441;26.1022;56.2109;30.5027;44.1656;43.717699999999994;48.534099999999995;41.8731;29.7943;41.8731;45.085300000000004;26.1022;33.389;35.3864;37.017199999999995;35.9215;50.8775;31.2503;31.765099999999997;49.8363;44.1953;51.7503;46.2936;47.0395;56.796800000000005;69.697;53.8463;28.8722;25.1444;17.4823;33.5413;17.389400000000002;24.0299;23.5108;18.444599999999998;19.753700000000002;20.8262;20.671200000000002;16.4574;16.4162;19.3122;20.8262;20.942;20.671200000000002;17.794900000000002;14.7058;19.7766;18.6177;18.812;23.606099999999998;12.7147;18.6177;20.671200000000002;20.9998;16.55;19.2192;17.943900000000003;9.024700000000001;9.2738;21.010900000000003;16.797099999999997;14.5227;30.5027;5.1352;9.804200000000002;6.3932;15.6716;12.3499;11.6027;2.8059000000000003;25.5152;23.888;30.5027;30.5027;27.397;29.5385;28.847900000000003;24.493;18.283099999999997;15.6716;18.2912;28.847900000000003;27.979;27.744799999999998;22.9818;29.5385;28.7712;31.9075;28.847900000000003;23.888;29.5385;18.2912;30.900599999999997;28.847900000000003;18.283099999999997;28.891;41.8731;26.096400000000003;30.5027;30.5027;25.9158;24.493
Germania 3.;26.857599999999998;26.7338;31.215700000000002;30.0663;40.4018;34.5889;36.0242;29.7978;30.3466;28.6047;23.2956;16.465799999999998;27.2308;39.9432;28.7877;30.4998;22.5442;29.8244;25.6881;24.285700000000002;28.7877;26.8394;43.8005;22.5442;27.8983;26.8934;42.343199999999996;32.997800000000005;43.947;33.2136;36.5871;53.123599999999996;44.924699999999994;39.4093;42.9649;30.088;49.9699;60.4139;53.0027;45.2547;42.343199999999996;25.6881;18.3096;16.222;26.3919;26.451900000000002;29.141299999999998;24.285700000000002;24.4562;16.222;28.1582;21.282799999999998;27.8983;29.0795;26.1783;43.947;22.8476;26.451900000000002;19.0699;28.8092;30.088;34.3344;13.3904;20.4159;19.5903;42.343199999999996;18.3096;32.997800000000005;18.5379;24.0574;13.3904;18.5379;27.0273;25.7751;19.6415;32.2903;22.3885;18.7852;18.3096;28.1582;16.785400000000003;25.199099999999998;16.222;13.6807;26.451900000000002;14.2936;18.5379;15.8026;16.785400000000003;19.6415;14.4409;13.3904;14.4409;11.9486;8.9133;13.3904;15.2796;10.2256;10.6432;8.8102;9.7125;19.5351;12.9903;11.8489;16.8762;16.785400000000003;14.4409;9.4424;11.045200000000001;8.7103;7.6549;8.0232;17.3562;26.1783;4.1991000000000005;11.3925;3.8731999999999998;11.9486;0.0;7.1778;7.0487;7.1778;8.259;8.453100000000001;7.0487;11.3726;19.5437;10.3005;5.5038;5.5038;11.3608;9.909799999999999;8.028;11.403799999999999;11.403799999999999;11.3608;9.895100000000001;9.746;8.259;9.909799999999999;8.028;11.3726;11.3608;5.5038;10.4918;13.0155;17.2057;13.353200000000001;11.4975;25.1786;10.3254;25.1786;10.3005;13.353200000000001;12.516399999999999;12.7638;12.0513;9.909799999999999;14.5112;10.4918;28.8985;25.1786;34.67;15.8186;26.1824;18.443900000000003;22.1094;29.059;28.8774;17.2057;25.1786;25.1786;39.098;8.6929;31.1835;22.109;29.921;29.7039;32.0569;17.5295;38.723699999999994;13.0155;26.6784;26.2305;31.0469;24.386;24.936;24.386;27.5981;17.5295;24.816200000000002;33.7955;35.426300000000005;34.3307;43.3973;29.6595;30.1743;42.3561;36.7151;44.2701;38.8134;45.448699999999995;49.3165;68.10610000000001;52.2555;27.2814;25.8571;19.0373;31.9505;18.701900000000002;26.6196;25.7242;19.999599999999997;18.1628;20.4678;19.080299999999998;14.8665;14.825299999999999;15.1703;20.4678;16.800099999999997;19.080299999999998;13.6531;16.2608;18.1857;14.4758;14.6701;22.0152;14.2697;14.4758;19.080299999999998;13.506;14.959200000000001;15.077399999999999;13.802100000000001;7.1768;16.2576;3.5224;19.158900000000003;16.8845;13.0155;16.422900000000002;14.0339;10.623;4.4494;1.3996;4.1817;10.255799999999999;8.028;5.5038;13.0155;13.0155;9.909799999999999;12.0513;11.3608;7.0043999999999995;9.895100000000001;4.4494;11.1823;11.3608;10.4918;10.257700000000002;14.7057;12.0513;11.284;14.4203;11.3608;5.5038;12.0513;11.1823;12.516399999999999;11.3608;9.895100000000001;11.403799999999999;24.386;7.7123;13.0155;13.0155;22.1094;7.0043999999999995
Eintracht Lokstedt 3.;29.2211;29.0973;33.5791;32.429700000000004;42.7653;36.952400000000004;38.387699999999995;32.1612;31.7558;30.9682;31.0493;18.8293;29.5943;36.7562;22.311799999999998;27.3128;19.3573;22.4748;15.8186;15.3058;22.311799999999998;23.6525;40.6136;19.3573;19.4166;23.706400000000002;34.3321;25.6414;36.5906;25.857200000000002;28.576;45.1125;37.5683;32.0529;35.6085;22.7316;42.6135;53.0575;45.646300000000004;37.898300000000006;34.3321;15.8186;10.9532;8.8656;23.204900000000002;19.0955;21.7916;15.3058;15.296100000000001;8.8656;16.631400000000003;13.9264;19.4166;21.7231;18.821900000000003;36.5906;15.2493;19.0955;11.343399999999999;20.798099999999998;22.7316;26.3233;8.099;12.5524;11.5792;34.3321;10.9532;25.6414;12.9382;16.0463;8.099;12.9382;26.8951;17.764;14.041799999999999;24.2792;14.525;11.792;10.9532;16.631400000000003;8.774299999999998;17.188;8.8656;7.4301;19.0955;8.2051;12.9382;10.203;8.774299999999998;14.041799999999999;8.841299999999999;8.099;8.841299999999999;24.6663;15.231200000000001;8.099;6.9715;4.9342;13.9832;6.987;5.3293;19.833299999999998;13.431799999999999;6.5575;17.317700000000002;8.774299999999998;8.841299999999999;9.5431;5.7538;16.0674;1.9238;10.879100000000001;23.2502;18.821900000000003;10.3077;5.5871;7.2978000000000005;24.6663;7.1778;0.0;3.3684000000000003;0.0;2.5064;14.8934;3.3684000000000003;5.5838;19.8056;9.0777;4.9701;4.9701;5.2176;1.9482000000000002;2.9573;8.107;8.107;5.2176;4.1769;3.1529000000000003;2.5064;1.9482000000000002;2.9573;5.5838;5.2176;4.9701;4.786899999999999;6.2897;15.982899999999999;15.6429;4.965199999999999;19.9543;12.6151;19.9543;9.0777;15.6429;11.2935;9.347100000000001;8.3593;1.9482000000000002;13.296;4.786899999999999;31.188200000000002;19.9543;36.9597;18.1083;28.472099999999998;20.7336;24.399099999999997;31.3487;31.167099999999998;15.982899999999999;19.9543;19.9543;41.387699999999995;14.7955;33.4732;24.3987;22.4095;27.0318;21.8247;11.811200000000001;36.0516;6.2897;24.0063;23.558400000000002;28.3748;21.7138;15.5033;21.7138;24.926;11.811200000000001;19.098;26.422;28.052799999999998;26.8857;37.6791;22.2145;22.7293;36.6379;30.9968;38.5518;33.095099999999995;38.0751;43.5983;54.042300000000004;44.8819;19.907799999999998;18.4835;19.4429;24.576900000000002;13.723799999999999;27.3343;24.916400000000003;17.2529;11.672799999999999;15.489700000000001;11.706700000000001;8.4441;8.402899999999999;10.192200000000001;15.489700000000001;8.7503;11.706700000000001;7.3646;14.0665;11.6957;5.836;6.9733;15.3059;14.6752;5.836;11.706700000000001;8.0851;8.5368;6.5724;8.824;13.3382;21.6726;4.2481;19.564400000000003;17.29;6.2897;21.8379;16.876900000000003;14.3541;10.4891;6.2141;10.3431;16.1382;2.9573;4.9701;6.2897;6.2897;1.9482000000000002;8.3593;5.2176;1.2862;4.1769;10.4891;3.5779;5.2176;4.786899999999999;3.4119;8.9875;8.3593;7.592;11.7482;5.2176;4.9701;8.3593;3.5779;11.2935;5.2176;4.1769;8.107;21.7138;6.4894;6.2897;6.2897;24.399099999999997;1.2862
SV Groß Borstel 3.;29.9727;29.8489;34.3307;33.1813;43.5169;37.703900000000004;39.139300000000006;32.912800000000004;33.4617;31.7198;29.0605;19.5809;30.3459;39.5757;22.575599999999998;30.1323;22.1767;22.7385;16.0824;15.5695;22.575599999999998;26.4719;43.433;22.1767;19.680400000000002;26.5259;33.1629;25.905099999999997;36.8544;24.3685;27.4069;43.9433;37.832;32.3167;35.8722;21.243;42.877199999999995;53.3213;45.91;38.162099999999995;33.1629;16.0824;11.209;8.3216;26.0244;17.606900000000003;22.055400000000002;15.5695;15.5598;8.3216;18.9779;14.1902;19.680400000000002;18.7946;17.333299999999998;36.8544;13.7607;17.606900000000003;10.2028;19.629;21.243;25.1542;6.958399999999999;11.235700000000001;10.4101;33.1629;11.209;25.905099999999997;10.7512;14.8772;6.958399999999999;10.7512;25.726;16.5948;11.854700000000001;23.1101;13.2083;9.605;11.209;18.9779;7.6052;16.0189;8.3216;5.2431;17.606900000000003;6.0181000000000004;10.7512;8.0159;7.6052;11.854700000000001;6.6541999999999994;6.958399999999999;6.6541999999999994;16.646900000000002;13.611600000000001;6.958399999999999;5.8309;3.7935;11.7781;4.781899999999999;3.1422;17.6282;11.226700000000001;5.4169;15.1126;7.6052;6.6541999999999994;7.338;4.6131;13.686;3.8350999999999997;8.674;23.121;17.333299999999998;10.178600000000001;7.2092;7.168699999999999;16.646900000000002;7.0487;3.3684000000000003;0.0;2.7992;4.2955;15.901299999999999;0.0;7.1052;17.615;10.9186;6.5838;6.5838;5.944100000000001;4.8972;4.5711;9.948;9.948;5.944100000000001;4.9033999999999995;5.573300000000001;4.2955;4.8972;4.5711;7.1052;5.944100000000001;6.5838;6.5882;7.0161999999999995;17.8238;16.6508;5.6918;21.7952;13.623;21.7952;10.9186;16.6508;13.1345;11.188;10.469299999999999;4.8972;15.136899999999999;6.5882;32.1961;21.7952;37.9675;19.1162;29.4799;21.7415;25.4069;32.3565;32.175;17.8238;21.7952;21.7952;42.3956;13.8154;34.4811;25.406599999999997;22.58;28.872799999999998;21.9952;11.9817;37.8926;7.0161999999999995;25.8472;25.3994;23.6148;23.5548;15.6738;23.5548;26.767;11.9817;19.2685;25.232;26.8628;25.3662;40.322199999999995;20.695;21.209799999999998;39.281;33.64;41.195;35.7383;36.8851;46.2415;59.5426;43.692;18.7178;17.2935;17.142400000000002;23.3869;11.582600000000001;26.144299999999998;22.775299999999998;15.1117;9.5993;13.348600000000001;10.5168;6.303;6.2618;8.051;13.348600000000001;7.5445;10.5168;5.2234;11.9254;9.622200000000001;4.630199999999999;5.7675;13.7864;12.4846;4.630199999999999;10.5168;6.8793;6.3957;5.3666;6.6828;13.1422;21.4767;4.0521;17.3738;15.0993;7.0161999999999995;21.642;14.680399999999999;12.1576;9.523;6.0182;10.1471;12.8944;4.5711;6.5838;7.0161999999999995;7.0161999999999995;4.8972;10.469299999999999;5.944100000000001;2.6258000000000004;4.9033999999999995;9.523;4.9115;5.944100000000001;6.5882;5.4052;8.943;10.469299999999999;9.4636;13.5892;5.944100000000001;6.5838;10.469299999999999;4.9115;13.1345;5.944100000000001;4.9033999999999995;9.948;23.5548;8.3304;7.0161999999999995;7.0161999999999995;25.4069;2.6258000000000004
Eintracht Lokstedt 4.;29.2211;29.0973;33.5791;32.429700000000004;42.7653;36.952400000000004;38.387699999999995;32.1612;31.7558;30.9682;31.0493;18.8293;29.5943;36.7562;22.311799999999998;27.3128;19.3573;22.4748;15.8186;15.3058;22.311799999999998;23.6525;40.6136;19.3573;19.4166;23.706400000000002;34.3321;25.6414;36.5906;25.857200000000002;28.576;45.1125;37.5683;32.0529;35.6085;22.7316;42.6135;53.0575;45.646300000000004;37.898300000000006;34.3321;15.8186;10.9532;8.8656;23.204900000000002;19.0955;21.7916;15.3058;15.296100000000001;8.8656;16.631400000000003;13.9264;19.4166;21.7231;18.821900000000003;36.5906;15.2493;19.0955;11.343399999999999;20.798099999999998;22.7316;26.3233;8.099;12.5524;11.5792;34.3321;10.9532;25.6414;12.9382;16.0463;8.099;12.9382;26.8951;17.764;14.041799999999999;24.2792;14.525;11.792;10.9532;16.631400000000003;8.774299999999998;17.188;8.8656;7.4301;19.0955;8.2051;12.9382;10.203;8.774299999999998;14.041799999999999;8.841299999999999;8.099;8.841299999999999;24.6663;15.231200000000001;8.099;6.9715;4.9342;13.9832;6.987;5.3293;19.833299999999998;13.431799999999999;6.5575;17.317700000000002;8.774299999999998;8.841299999999999;9.5431;5.7538;16.0674;1.9238;10.879100000000001;23.2502;18.821900000000003;10.3077;5.5871;7.2978000000000005;24.6663;7.1778;0.0;2.7992;0.0;2.5064;14.8934;3.3684000000000003;5.5838;19.8056;9.0777;4.9701;4.9701;5.2176;1.9482000000000002;2.9573;8.107;8.107;5.2176;4.1769;3.1529000000000003;2.5064;1.9482000000000002;2.9573;5.5838;5.2176;4.9701;4.786899999999999;6.2897;15.982899999999999;15.6429;4.965199999999999;19.9543;12.6151;19.9543;9.0777;15.6429;11.2935;9.347100000000001;8.3593;1.9482000000000002;13.296;4.786899999999999;31.188200000000002;19.9543;36.9597;18.1083;28.472099999999998;20.7336;24.399099999999997;31.3487;31.167099999999998;15.982899999999999;19.9543;19.9543;41.387699999999995;14.7955;33.4732;24.3987;22.4095;27.0318;21.8247;11.811200000000001;36.0516;6.2897;24.0063;23.558400000000002;28.3748;21.7138;15.5033;21.7138;24.926;11.811200000000001;19.098;26.422;28.052799999999998;26.8857;37.6791;22.2145;22.7293;36.6379;30.9968;38.5518;33.095099999999995;38.0751;43.5983;54.042300000000004;44.8819;19.907799999999998;18.4835;19.4429;24.576900000000002;13.723799999999999;27.3343;24.916400000000003;17.2529;11.672799999999999;15.489700000000001;11.706700000000001;8.4441;8.402899999999999;10.192200000000001;15.489700000000001;8.7503;11.706700000000001;7.3646;14.0665;11.6957;5.836;6.9733;15.3059;14.6752;5.836;11.706700000000001;8.0851;8.5368;6.5724;8.824;13.3382;21.6726;4.2481;19.564400000000003;17.29;6.2897;21.8379;16.876900000000003;14.3541;10.4891;6.2141;10.3431;16.1382;2.9573;4.9701;6.2897;6.2897;1.9482000000000002;8.3593;5.2176;1.2862;4.1769;10.4891;3.5779;5.2176;4.786899999999999;3.4119;8.9875;8.3593;7.592;11.7482;5.2176;4.9701;8.3593;3.5779;11.2935;5.2176;4.1769;8.107;21.7138;6.4894;6.2897;6.2897;24.399099999999997;1.2862
HFC Falke 2.;27.6;27.476200000000002;31.958099999999998;30.8087;41.1442;35.331300000000006;36.7666;30.540200000000002;30.134700000000002;29.347099999999998;29.4282;17.2082;27.973200000000002;35.1351;23.9797;25.6917;17.7362;25.016299999999998;15.4686;19.477700000000002;23.9797;22.0314;38.9925;17.7362;19.066599999999998;22.0853;34.7044;25.291400000000003;36.2406;25.507099999999998;28.9483;45.4847;37.218199999999996;31.702900000000003;35.2585;22.3816;42.2635;52.7075;45.2963;37.548300000000005;34.7044;15.4686;10.6031;8.5155;21.5839;18.7455;24.3332;19.477700000000002;14.946;8.5155;16.281399999999998;13.5764;19.066599999999998;21.373099999999997;18.4719;36.2406;14.899299999999998;18.7455;11.3635;21.1704;22.3816;26.6956;9.5953;12.6069;11.9445;34.7044;10.6031;25.291400000000003;14.4345;16.418599999999998;9.5953;14.4345;27.267400000000002;18.136200000000002;15.5381;24.6515;15.478399999999999;13.2883;10.6031;16.281399999999998;10.2705;17.560299999999998;8.5155;8.9264;18.7455;9.7014;14.4345;11.699200000000001;10.2705;15.5381;10.3375;9.5953;10.3375;25.7462;16.3111;9.5953;8.467799999999999;6.4304;18.0411;8.4833;6.8255;21.3296;14.9281;8.0538;18.8139;10.2705;10.3375;11.039399999999999;7.25;14.446299999999999;3.8827;15.421100000000001;24.330099999999998;18.4719;11.389;4.6676;11.271;25.7462;8.259;2.5064;4.2955;2.5064;0.0;13.4864;5.463;4.7091;21.3068;7.6707;3.7488;3.7488;4.13;2.3044000000000002;1.9197;6.7001;6.7001;4.13;3.5993000000000004;2.3048;0.0;2.3044000000000002;1.9197;4.7091;4.13;3.7488;3.8312;5.7847;14.575899999999999;14.236;4.2667;18.5473;11.208200000000001;18.5473;7.6707;14.236;9.8866;7.9401;7.972300000000001;2.3044000000000002;11.889;3.8312;29.781200000000002;18.5473;35.552699999999994;16.7013;27.065099999999997;19.3266;22.992099999999997;29.9417;29.7602;14.575899999999999;18.5473;18.5473;39.9808;13.3886;32.0663;22.9917;22.0475;25.6248;21.4627;11.449200000000001;34.6447;5.7847;22.5993;22.1515;26.9678;20.306900000000002;15.1413;20.306900000000002;23.519;11.449200000000001;18.736;26.6988;28.3296;26.5237;37.317099999999996;21.8525;22.3673;36.2759;30.6348;38.189800000000005;32.7331;38.3519;43.2363;53.6803;45.158699999999996;16.483;18.7603;20.9441;24.8537;15.225;27.611099999999997;37.465900000000005;18.754;13.174;16.9909;11.9835;9.9453;9.9041;11.6934;16.9909;10.2515;11.9835;8.8658;15.5677;13.1969;7.3372;8.4745;14.9439;16.1764;7.3372;11.9835;8.863700000000001;10.038;8.0736;10.3252;13.5855;22.2501;5.100899999999999;21.0656;18.7912;5.7847;22.4154;20.4939;17.083;9.0822;7.696;10.590399999999999;16.715700000000002;1.9197;3.7488;5.7847;5.7847;2.3044000000000002;7.972300000000001;4.13;3.1569000000000003;3.5993000000000004;9.0822;3.2138;4.13;3.8312;2.5111;8.6255;7.972300000000001;7.205;10.3412;4.13;3.7488;7.972300000000001;3.2138;9.8866;4.13;3.5993000000000004;6.7001;20.306900000000002;5.0825;5.7847;5.7847;22.992099999999997;3.1569000000000003
Rellinger FC 1.;16.9258;16.802;21.283900000000003;20.1345;30.47;24.6571;26.0924;13.888200000000001;21.8354;18.672900000000002;18.754;6.534;17.299;45.2308;34.0754;35.7874;27.8319;35.112;30.9758;29.573400000000003;34.0754;32.1271;49.0882;27.8319;33.185900000000004;32.181;47.6985;38.2855;49.2347;38.5012;41.9424;58.4788;50.212300000000006;44.697;48.2526;35.375699999999995;55.2576;65.7016;58.2904;50.5424;47.6985;30.9758;23.5972;21.5096;31.6795;31.7396;34.4289;29.573400000000003;29.7439;21.5096;29.2755;26.5705;33.185900000000004;34.3672;31.466;49.2347;27.8934;31.7396;24.357599999999998;34.1645;35.375699999999995;39.689699999999995;22.034200000000002;25.601;24.938599999999997;47.6985;23.5972;38.2855;30.2804;29.4127;22.034200000000002;30.2804;40.2615;31.1303;31.384;37.6456;28.4725;25.7272;23.5972;29.2755;22.7095;30.5544;21.5096;21.365299999999998;31.7396;22.1403;30.2804;27.545099999999998;22.7095;31.384;26.183400000000002;22.034200000000002;26.183400000000002;15.9818;13.487200000000001;22.034200000000002;20.9067;18.8693;15.5514;20.5527;19.264400000000002;24.4433;18.797;20.4927;23.6809;22.7095;26.183400000000002;21.184900000000003;19.6889;3.8651;16.3217;14.1419;16.9247;31.466;4.921;16.6801;15.6157;15.9818;8.453100000000001;14.8934;15.901299999999999;14.8934;13.4864;0.0;13.3887;16.9739;24.4357;12.1407;10.9061;10.9061;16.962;15.5111;12.5586;17.0051;17.0051;16.962;17.1515;15.347299999999999;13.860299999999999;15.5111;12.5586;16.9739;16.962;10.9061;16.0931;18.616799999999998;17.025599999999997;4.4247;17.0988;17.1906;6.551699999999999;17.1906;12.1407;4.4247;12.859;10.0191;17.6526;15.5111;6.5199;16.0931;19.1981;17.1906;24.9696;6.1182;16.482;8.434700000000001;12.409;13.889700000000001;19.177;17.025599999999997;17.1906;17.1906;29.3977;3.8564000000000003;21.4831;14.121;35.5223;35.3052;37.658199999999994;24.786099999999998;44.325;18.616799999999998;32.2797;31.831799999999998;36.648199999999996;29.9872;30.5373;29.9872;33.199400000000004;24.786099999999998;32.072900000000004;40.0357;41.6665;39.8606;50.654;35.1894;35.7042;49.6128;43.9717;51.5267;46.07;51.6888;56.5732;67.0172;58.495599999999996;29.8199;32.0972;30.416400000000003;38.190599999999996;30.0809;40.948;33.412099999999995;31.378700000000002;26.0119;31.8469;25.320400000000003;22.7832;22.742;26.5493;31.8469;23.089299999999998;25.320400000000003;21.703599999999998;27.6399;26.0347;20.175;21.3123;28.2808;25.6487;20.175;25.320400000000003;22.200599999999998;22.8759;20.9114;25.181099999999997;8.8271;14.6491;9.8625;25.919;23.6445;18.616799999999998;13.4032;18.926;15.5151;4.8057;7.4742;4.9365;15.1478;12.5586;10.9061;18.616799999999998;18.616799999999998;15.5111;17.6526;16.962;15.9948;17.1515;4.8057;16.7835;16.962;16.0931;15.8589;21.962400000000002;17.6526;16.8853;20.0216;16.962;10.9061;17.6526;16.7835;12.859;16.962;17.1515;17.0051;29.9872;13.114600000000001;18.616799999999998;18.616799999999998;12.409;15.9948
SV Groß Borstel 2.;29.9727;29.8489;34.3307;33.1813;43.5169;37.703900000000004;39.139300000000006;32.912800000000004;33.4617;31.7198;29.0605;19.5809;30.3459;39.5757;22.575599999999998;30.1323;22.1767;22.7385;16.0824;15.5695;22.575599999999998;26.4719;43.433;22.1767;19.680400000000002;26.5259;33.1629;25.905099999999997;36.8544;24.3685;27.4069;43.9433;37.832;32.3167;35.8722;21.243;42.877199999999995;53.3213;45.91;38.162099999999995;33.1629;16.0824;11.209;8.3216;26.0244;17.606900000000003;22.055400000000002;15.5695;15.5598;8.3216;18.9779;14.1902;19.680400000000002;18.7946;17.333299999999998;36.8544;13.7607;17.606900000000003;10.2028;19.629;21.243;25.1542;6.958399999999999;11.235700000000001;10.4101;33.1629;11.209;25.905099999999997;10.7512;14.8772;6.958399999999999;10.7512;25.726;16.5948;11.854700000000001;23.1101;13.2083;9.605;11.209;18.9779;7.6052;16.0189;8.3216;5.2431;17.606900000000003;6.0181000000000004;10.7512;8.0159;7.6052;11.854700000000001;6.6541999999999994;6.958399999999999;6.6541999999999994;16.646900000000002;13.611600000000001;6.958399999999999;5.8309;3.7935;11.7781;4.781899999999999;3.1422;17.6282;11.226700000000001;5.4169;15.1126;7.6052;6.6541999999999994;7.338;4.6131;13.686;3.8350999999999997;8.674;23.121;17.333299999999998;10.178600000000001;7.2092;7.168699999999999;16.646900000000002;7.0487;3.3684000000000003;0.0;3.3684000000000003;5.463;13.3887;0.0;7.1052;17.615;10.9186;6.5838;6.5838;5.944100000000001;4.8972;4.5711;9.948;9.948;5.944100000000001;4.9033999999999995;5.573300000000001;4.2955;4.8972;4.5711;7.1052;5.944100000000001;6.5838;6.5882;7.0161999999999995;17.8238;16.6508;5.6918;21.7952;13.623;21.7952;10.9186;16.6508;13.1345;11.188;10.469299999999999;4.8972;15.136899999999999;6.5882;32.1961;21.7952;37.9675;19.1162;29.4799;21.7415;25.4069;32.3565;32.175;17.8238;21.7952;21.7952;42.3956;13.8154;34.4811;25.406599999999997;22.58;28.872799999999998;21.9952;11.9817;37.8926;7.0161999999999995;25.8472;25.3994;23.6148;23.5548;15.6738;23.5548;26.767;11.9817;19.2685;25.232;26.8628;25.3662;40.322199999999995;20.695;21.209799999999998;39.281;33.64;41.195;35.7383;36.8851;46.2415;59.5426;43.692;18.7178;17.2935;17.142400000000002;23.3869;11.582600000000001;26.144299999999998;22.775299999999998;15.1117;9.5993;13.348600000000001;10.5168;6.303;6.2618;8.051;13.348600000000001;7.5445;10.5168;5.2234;11.9254;9.622200000000001;4.630199999999999;5.7675;13.7864;12.4846;4.630199999999999;10.5168;6.8793;6.3957;5.3666;6.6828;13.1422;21.4767;4.0521;17.3738;15.0993;7.0161999999999995;21.642;14.680399999999999;12.1576;9.523;6.0182;10.1471;12.8944;4.5711;6.5838;7.0161999999999995;7.0161999999999995;4.8972;10.469299999999999;5.944100000000001;2.6258000000000004;4.9033999999999995;9.523;4.9115;5.944100000000001;6.5882;5.4052;8.943;10.469299999999999;9.4636;13.5892;5.944100000000001;6.5838;10.469299999999999;4.9115;13.1345;5.944100000000001;4.9033999999999995;9.948;23.5548;8.3304;7.0161999999999995;7.0161999999999995;25.4069;2.6258000000000004
Teutonia 10 1.;30.7136;30.5898;35.0716;33.9223;44.2578;38.444900000000004;39.880199999999995;28.090400000000002;31.8053;32.4607;32.5418;20.3218;31.0868;32.269;19.6599;22.825599999999998;14.87;19.8229;13.166799999999999;12.6539;19.6599;19.165200000000002;36.1263;14.87;16.7647;19.2192;33.006;22.9895;33.9387;23.205299999999998;27.2499;43.7864;34.9164;29.401;32.9566;20.0797;39.9616;50.4056;42.9944;35.2464;33.006;13.166799999999999;8.3013;6.2137;18.7177;16.4436;19.1398;12.6539;12.644200000000001;6.2137;13.9795;11.2745;16.7647;19.0713;16.17;33.9387;12.5974;16.4436;9.0616;18.2789;20.0797;24.9972;8.169;11.2553;9.961799999999998;33.006;8.3013;22.9895;15.0785;14.7203;8.169;15.0785;25.5691;16.437900000000003;16.6133;22.953200000000002;13.1765;11.98;8.3013;13.9795;10.0185;15.862;6.2137;10.0016;16.4436;10.523299999999999;15.0785;12.7744;10.0185;16.6133;11.412700000000001;8.169;11.412700000000001;28.8598;19.4247;8.169;8.6673;7.0378;17.287200000000002;10.291;7.9007;23.1373;16.735799999999998;7.7381;20.621599999999997;10.0185;11.412700000000001;12.847100000000001;7.8573;17.559900000000003;5.573300000000001;14.1831;27.4437;16.17;14.502600000000001;0.0;14.3846;28.8598;11.3726;5.5838;7.1052;5.5838;4.7091;16.9739;7.1052;0.0;23.1313;8.0299;6.9425;6.9425;1.8635;4.1202;5.435;5.4912;5.4912;1.8635;2.843;2.6096999999999997;4.6676;4.1202;5.435;0.0;1.8635;6.9425;1.4114;3.0091;14.3931;17.4297;2.3458;18.3645;14.4018;18.3645;8.0299;17.4297;9.703700000000001;9.5895;4.571899999999999;4.1202;13.562299999999999;1.4114;32.9749;18.3645;38.7464;19.895;30.2588;22.5203;26.1858;28.1768;32.9538;14.3931;18.3645;18.3645;43.1744;16.5822;35.2599;24.233900000000002;19.5381;22.7442;18.953200000000002;8.9398;31.7785;3.0091;19.7332;19.2853;24.1017;17.4407;12.6319;17.4407;20.652900000000002;8.9398;16.2265;25.355700000000002;26.9865;24.3682;34.8076;19.697;20.2119;33.766400000000004;28.125400000000003;35.6804;30.2237;37.008900000000004;40.7269;51.1709;43.8157;14.3275;17.4173;21.7347;23.5107;16.1749;26.268099999999997;36.1229;19.704;12.315;19.2148;10.3933;10.3786;10.3375;12.6433;19.2148;8.554200000000002;10.3933;9.815700000000001;16.5177;12.3379;7.7954;8.829600000000001;12.7884;18.0009;7.7954;10.3933;7.4477;10.4713;7.519399999999999;11.2751;16.7792;25.4438;8.780700000000001;22.890099999999997;20.6157;3.0091;25.609099999999998;20.202599999999997;20.2766;12.2759;10.889700000000001;13.7841;19.9094;5.435;6.9425;3.0091;3.0091;4.1202;4.571899999999999;1.8635;4.9556000000000004;2.843;12.2759;3.2039;1.8635;1.4114;2.4086999999999996;7.3888;4.571899999999999;2.4036;7.0363999999999995;1.8635;6.9425;4.571899999999999;3.2039;9.703700000000001;1.8635;2.843;5.4912;17.4407;7.514600000000001;3.0091;3.0091;26.1858;4.9556000000000004
DUWO 08 2.;44.6624;44.538599999999995;49.0204;35.7181;42.9163;52.393699999999995;53.829;47.602599999999995;48.1514;46.4095;29.212799999999998;34.2706;45.035599999999995;57.748;32.967400000000005;45.096599999999995;40.349;33.130300000000005;26.4742;25.9614;32.967400000000005;35.6039;53.6096;40.349;30.072200000000002;34.2948;35.9452;36.5404;47.489599999999996;32.850699999999996;34.901900000000005;41.980199999999996;45.5727;42.2525;46.5075;29.725099999999998;53.5125;57.773300000000006;56.545300000000005;48.7973;35.9452;26.4742;21.600900000000003;18.7135;33.399800000000006;26.089;32.4472;25.9614;25.9516;18.7135;22.238599999999998;24.582;30.072200000000002;32.622099999999996;25.8154;47.489599999999996;20.393099999999997;26.089;19.272599999999997;22.8897;29.725099999999998;31.169700000000002;16.627599999999997;18.553;18.1196;35.9452;21.600900000000003;36.5404;11.831299999999999;16.298299999999998;16.627599999999997;11.831299999999999;16.783900000000003;18.712799999999998;9.2957;27.75;19.7795;14.641200000000001;21.600900000000003;22.238599999999998;15.3147;15.9568;18.7135;13.710700000000001;26.089;13.3925;11.831299999999999;10.953100000000001;15.3147;9.2957;13.2325;16.627599999999997;13.2325;14.5343;13.3408;16.627599999999997;15.4893;16.1811;9.9602;12.755;15.815299999999999;0.0;8.4824;16.0515;3.8346999999999998;15.3147;13.2325;10.8495;16.0295;24.552400000000002;20.1199;14.6042;17.1572;25.8154;20.0412;23.1313;16.8383;14.5343;19.5437;19.8056;17.615;19.8056;21.3068;24.4357;17.615;23.1313;0.0;29.8714;25.0747;25.0747;21.8549;20.9292;21.6052;30.0777;30.0777;21.8549;20.9355;21.605400000000003;21.3296;20.9292;21.6052;23.1373;21.8549;25.0747;22.6203;21.292900000000003;36.7766;32.0271;20.956400000000002;43.8524;28.999299999999998;43.8524;29.8714;32.0271;32.0873;31.4377;30.7252;20.9292;33.1851;22.6203;47.5724;43.8524;53.343900000000005;30.9705;44.856300000000005;37.1178;40.783300000000004;47.7329;35.5734;36.7766;43.8524;43.8524;42.863800000000005;24.5755;49.8574;40.7829;33.089;48.3778;32.5041;22.490599999999997;82.5012;21.292900000000003;35.4453;33.2996;34.1237;43.0598;26.1828;43.0598;46.272;22.490599999999997;44.0195;29.49;30.1784;41.7994;56.097199999999994;37.1282;37.6431;55.056;49.4149;56.9699;51.5132;40.6461;62.016400000000004;57.096599999999995;41.246;29.6373;18.765;7.936100000000001;27.847900000000003;11.01;19.717599999999997;9.158100000000001;10.1471;15.0606;13.6533;18.2488;13.8007;13.303799999999999;11.95;13.6533;16.2996;18.2488;14.0033;8.3264;14.6418;16.167;15.0557;20.0031;5.6696;16.167;18.2488;17.3883;13.8934;16.2078;13.201600000000001;18.1118;21.3688;19.327;5.0069;3.8346999999999998;21.292900000000003;18.261;5.13;9.9542;24.1331;19.936400000000003;20.0643;12.742899999999999;21.6052;25.0747;21.292900000000003;21.292900000000003;20.9292;30.7252;21.8549;19.8334;20.9355;24.1331;20.9436;21.8549;22.6203;21.4372;19.368299999999998;30.7252;29.957900000000002;33.094199999999994;21.8549;25.0747;30.7252;20.9436;32.0873;21.8549;20.9355;30.0777;43.0598;27.283099999999997;21.292900000000003;21.292900000000003;40.783300000000004;19.8334
TuS Osdorf 2.;25.8804;25.7566;30.2385;29.0891;39.4246;34.027699999999996;35.047;22.5126;26.2275;27.6275;27.708599999999997;14.9071;26.2536;33.9892;22.8337;24.5458;16.5902;23.8704;19.734099999999998;18.3317;22.8337;20.8854;37.8465;16.5902;21.9443;20.939400000000003;40.6856;30.6691;49.3569;30.884900000000002;34.9296;51.466;42.596;37.0806;40.636199999999995;27.7593;47.6412;58.085300000000004;50.674;42.9261;40.6856;19.734099999999998;15.9809;13.8933;20.437900000000003;24.1232;23.1873;18.3317;18.502299999999998;13.8933;21.6591;21.9864;21.9443;26.7509;23.8496;49.3569;20.277;24.1232;16.7412;25.958599999999997;27.7593;32.6769;15.787;18.935;17.6415;40.6856;15.9809;30.6691;21.0577;22.399900000000002;15.787;21.0577;33.2487;24.1175;22.1612;30.6328;20.856099999999998;19.9114;15.9809;21.6591;16.8937;23.5416;13.8933;15.5496;24.1232;16.3246;21.0577;18.322400000000002;16.8937;22.1612;16.9607;15.787;16.9607;28.6847;19.2495;15.787;15.091;13.053600000000001;20.9795;15.1065;13.4487;29.8714;23.3266;14.677;27.2125;16.8937;16.9607;19.7787;13.8732;14.4595;10.5059;18.3595;27.2685;23.8496;12.7791;8.0299;14.2095;28.6847;10.3005;9.0777;10.9186;9.0777;7.6707;12.1407;10.9186;8.0299;29.8714;0.0;6.4831;6.4831;9.223600000000001;9.3113;7.7207;3.0544000000000002;3.0544000000000002;9.223600000000001;9.9994;8.8925;7.6605;9.3113;7.7207;8.294799999999999;9.223600000000001;6.4831;7.4301;10.0829;7.6762;12.795;9.9467;11.6476;6.0412;11.6476;0.0;12.795;2.9869;2.7557;5.0866999999999996;9.3113;7.9955;7.4301;23.9513;11.6476;34.3957;15.5443;23.303;16.187;21.835099999999997;22.61;28.6032;7.6762;11.6476;11.6476;38.823800000000006;14.472700000000001;30.909299999999998;18.667;24.4354;24.2039;26.5713;16.6037;33.2382;10.0829;21.1928;20.7449;25.5613;18.9004;19.436;18.9004;22.1125;16.6037;23.0349;32.2583;33.8891;32.0321;49.73;27.3609;27.875799999999998;41.4303;35.789300000000004;43.344300000000004;37.8876;43.9114;48.390800000000006;58.8348;50.718300000000006;21.9915;24.3198;30.6289;30.4132;21.863;33.1706;43.0255;25.3921;19.812;23.6289;17.2682;16.583299999999998;16.5422;18.331400000000002;23.6289;15.639;17.2682;15.5038;22.2057;19.8349;13.975200000000001;15.1125;20.4523;25.8613;13.975200000000001;17.2682;14.5325;16.676;14.7116;16.9632;17.0477;27.3818;11.7389;30.7505;28.4761;10.0829;27.547099999999997;25.6255;22.214599999999997;10.1663;10.5224;13.944;21.8474;7.7207;6.4831;10.0829;10.0829;9.3113;5.0866999999999996;9.223600000000001;9.795;9.9994;10.1663;10.0075;9.223600000000001;7.4301;9.212399999999999;14.110899999999999;5.0866999999999996;6.4883999999999995;3.9553000000000003;9.223600000000001;6.4831;5.0866999999999996;10.0075;2.9869;9.223600000000001;9.9994;3.0544000000000002;18.9004;3.4088000000000003;10.0829;10.0829;21.835099999999997;9.795
Lohkamp 2.;24.645799999999998;24.522;29.0038;27.854400000000002;38.19;32.3771;33.812400000000004;23.5358;27.250700000000002;26.3929;26.474;14.254;25.019;35.525800000000004;24.3703;26.0824;18.1268;25.407;21.2707;19.868299999999998;24.3703;22.422;39.3831;18.1268;23.480900000000002;22.476;37.960800000000006;28.5478;39.497;28.7635;32.2047;48.7412;40.4747;34.959300000000006;38.514900000000004;25.638;45.5199;55.9639;48.552699999999994;40.8047;37.960800000000006;21.2707;13.8596;11.772;21.9745;22.001900000000003;24.7239;19.868299999999998;20.0389;11.772;19.5378;16.8328;23.480900000000002;24.6295;21.7283;39.497;18.1557;22.001900000000003;14.6199;24.4269;25.638;29.952;11.8836;15.863299999999999;15.200899999999999;37.960800000000006;13.8596;28.5478;16.722900000000003;19.675099999999997;11.8836;16.722900000000003;30.523799999999998;21.3927;17.826400000000003;27.908;18.7348;15.576600000000001;13.8596;19.5378;12.5589;20.8168;11.772;11.2147;22.001900000000003;11.989799999999999;16.722900000000003;13.9876;12.5589;17.826400000000003;12.6259;11.8836;12.6259;23.888;14.4528;11.8836;10.756200000000002;8.7188;16.1828;10.771700000000001;9.1139;25.0747;18.5299;10.3422;22.4158;12.5589;12.6259;14.982;9.5384;11.4921;6.1711;13.5628;22.471799999999998;21.7283;7.982399999999999;6.9425;9.412799999999999;23.888;5.5038;4.9701;6.5838;4.9701;3.7488;10.9061;6.5838;6.9425;25.0747;6.4831;0.0;0.0;6.8491;5.3982;2.7146999999999997;5.361800000000001;5.361800000000001;6.8491;7.0385;5.2344;3.7474000000000003;5.3982;2.7146999999999997;6.861;6.8491;0.0;5.9802;8.5038;12.2533;11.903799999999999;6.9858;16.224700000000002;6.0323;16.224700000000002;5.348;11.903799999999999;7.563899999999999;5.6174;6.9517;5.3982;8.3979;5.9802;24.3537;16.224700000000002;33.2205;14.3691;24.7329;16.9945;20.6599;23.012400000000003;27.428;12.2533;16.224700000000002;16.224700000000002;37.6486;11.0564;29.734099999999998;19.0695;25.8495;25.6324;27.985400000000002;14.673200000000001;34.6522;8.5038;22.606900000000003;22.159;26.9754;20.314400000000003;20.8645;20.314400000000003;23.5266;14.673200000000001;21.9599;29.9227;31.5535;29.747700000000002;40.541;25.0765;25.5913;39.4998;33.8588;41.4138;35.9571;41.5758;46.460300000000004;56.904300000000006;48.3827;19.707;21.9842;23.5765;28.077599999999997;17.5237;30.835;30.2634;21.0527;15.472700000000001;19.2896;15.2075;12.244;12.2028;13.9921;19.2896;12.5501;15.2075;11.164399999999999;17.866400000000002;15.4956;9.6359;10.773200000000001;18.1678;18.8089;9.6359;15.2075;12.0877;12.3367;10.3723;12.6238;10.9385;20.3293;5.888199999999999;23.6981;21.423599999999997;8.5038;20.4946;18.5731;15.1622;6.75;4.4131;7.9434;14.7949;2.7146999999999997;0.0;8.5038;8.5038;5.3982;6.9517;6.8491;5.4556000000000004;7.0385;6.75;6.6706;6.8491;5.9802;5.746;11.8494;6.9517;6.8028;7.7092;6.8491;0.0;6.9517;6.6706;7.563899999999999;6.8491;7.0385;5.361800000000001;20.314400000000003;2.7598000000000003;8.5038;8.5038;20.6599;5.4556000000000004
SV Eidelstedt 4.;24.645799999999998;24.522;29.0038;27.854400000000002;38.19;32.3771;33.812400000000004;23.5358;27.250700000000002;26.3929;26.474;14.254;25.019;35.525800000000004;24.3703;26.0824;18.1268;25.407;21.2707;19.868299999999998;24.3703;22.422;39.3831;18.1268;23.480900000000002;22.476;37.960800000000006;28.5478;39.497;28.7635;32.2047;48.7412;40.4747;34.959300000000006;38.514900000000004;25.638;45.5199;55.9639;48.552699999999994;40.8047;37.960800000000006;21.2707;13.8596;11.772;21.9745;22.001900000000003;24.7239;19.868299999999998;20.0389;11.772;19.5378;16.8328;23.480900000000002;24.6295;21.7283;39.497;18.1557;22.001900000000003;14.6199;24.4269;25.638;29.952;11.8836;15.863299999999999;15.200899999999999;37.960800000000006;13.8596;28.5478;16.722900000000003;19.675099999999997;11.8836;16.722900000000003;30.523799999999998;21.3927;17.826400000000003;27.908;18.7348;15.576600000000001;13.8596;19.5378;12.5589;20.8168;11.772;11.2147;22.001900000000003;11.989799999999999;16.722900000000003;13.9876;12.5589;17.826400000000003;12.6259;11.8836;12.6259;23.888;14.4528;11.8836;10.756200000000002;8.7188;16.1828;10.771700000000001;9.1139;25.0747;18.5299;10.3422;22.4158;12.5589;12.6259;14.982;9.5384;11.4921;6.1711;13.5628;22.471799999999998;21.7283;7.982399999999999;6.9425;9.412799999999999;23.888;5.5038;4.9701;6.5838;4.9701;3.7488;10.9061;6.5838;6.9425;25.0747;6.4831;0.0;0.0;6.8491;5.3982;2.7146999999999997;5.361800000000001;5.361800000000001;6.8491;7.0385;5.2344;3.7474000000000003;5.3982;2.7146999999999997;6.861;6.8491;0.0;5.9802;8.5038;12.2533;11.903799999999999;6.9858;16.224700000000002;6.0323;16.224700000000002;5.348;11.903799999999999;7.563899999999999;5.6174;6.9517;5.3982;8.3979;5.9802;24.3537;16.224700000000002;33.2205;14.3691;24.7329;16.9945;20.6599;23.012400000000003;27.428;12.2533;16.224700000000002;16.224700000000002;37.6486;11.0564;29.734099999999998;19.0695;25.8495;25.6324;27.985400000000002;14.673200000000001;34.6522;8.5038;22.606900000000003;22.159;26.9754;20.314400000000003;20.8645;20.314400000000003;23.5266;14.673200000000001;21.9599;29.9227;31.5535;29.747700000000002;40.541;25.0765;25.5913;39.4998;33.8588;41.4138;35.9571;41.5758;46.460300000000004;56.904300000000006;48.3827;19.707;21.9842;23.5765;28.077599999999997;17.5237;30.835;30.2634;21.0527;15.472700000000001;19.2896;15.2075;12.244;12.2028;13.9921;19.2896;12.5501;15.2075;11.164399999999999;17.866400000000002;15.4956;9.6359;10.773200000000001;18.1678;18.8089;9.6359;15.2075;12.0877;12.3367;10.3723;12.6238;10.9385;20.3293;5.888199999999999;23.6981;21.423599999999997;8.5038;20.4946;18.5731;15.1622;6.75;4.4131;7.9434;14.7949;2.7146999999999997;0.0;8.5038;8.5038;5.3982;6.9517;6.8491;5.4556000000000004;7.0385;6.75;6.6706;6.8491;5.9802;5.746;11.8494;6.9517;6.8028;7.7092;6.8491;0.0;6.9517;6.6706;7.563899999999999;6.8491;7.0385;5.361800000000001;20.314400000000003;2.7598000000000003;8.5038;8.5038;20.6599;5.4556000000000004
Sternschanze 4.;30.701700000000002;30.577900000000003;35.0598;33.9104;44.2459;38.433;39.868300000000005;33.6419;33.2299;32.4488;32.529900000000005;20.309900000000003;31.074900000000003;34.436099999999996;19.127599999999997;24.9927;17.0371;19.2905;12.6344;12.1216;19.127599999999997;21.3324;38.2935;17.0371;16.2324;21.3863;31.8702;22.4572;33.406400000000005;22.672900000000002;26.114099999999997;42.6505;34.384;28.8687;32.4243;19.547400000000003;39.429300000000005;49.8733;42.4621;34.7141;31.8702;12.6344;7.7688999999999995;5.6813;20.8848;15.911299999999999;18.607400000000002;12.1216;12.111799999999999;5.6813;13.4472;10.7422;16.2324;18.5389;15.6377;33.406400000000005;12.065100000000001;15.911299999999999;8.5293;18.3362;19.547400000000003;23.8614;6.7119;9.7727;9.110299999999999;31.8702;7.7688999999999995;22.4572;13.6214;13.5844;6.7119;13.6214;24.4332;15.302;15.386899999999999;21.8173;12.644200000000001;10.5229;7.7688999999999995;13.4472;8.561399999999999;14.7261;5.6813;8.6563;15.911299999999999;9.0661;13.6214;11.548;8.561399999999999;15.386899999999999;10.0674;6.7119;10.0674;28.847900000000003;19.4128;6.7119;7.210100000000001;5.5806000000000004;16.1262;9.13;6.5554;21.8549;15.5747;6.2809;19.339299999999998;8.561399999999999;10.0674;11.686;6.4002;17.548;4.8211;13.0221;27.4318;15.6377;14.4907;1.8635;11.0558;28.847900000000003;11.3608;5.2176;5.944100000000001;5.2176;4.13;16.962;5.944100000000001;1.8635;21.8549;9.223600000000001;6.8491;6.8491;0.0;3.5253;5.349399999999999;6.3426;6.3426;0.0;1.3662999999999998;2.0148;4.0727;3.5253;5.349399999999999;1.8896;0.0;6.8568999999999996;2.5023;2.5684;15.564200000000001;17.344099999999997;0.8691;19.5356;14.3162;19.5356;9.201;17.344099999999997;10.8749;10.4409;5.7431;3.5253;14.4137;2.5023;32.889300000000006;19.5356;38.6608;19.8094;30.1732;22.4347;26.1002;33.049800000000005;32.868199999999995;15.564200000000001;19.5356;19.5356;43.0889;16.496599999999997;35.1743;25.0853;19.154799999999998;24.6081;18.5699;8.5565;33.6424;2.5684;21.597099999999998;19.3654;20.1895;19.304599999999997;12.2486;19.304599999999997;22.5168;8.5565;15.843200000000001;23.806;25.436799999999998;23.6309;34.4243;18.9597;19.4746;33.3831;27.742099999999997;35.2971;29.840400000000002;35.4591;40.3435;50.7876;42.266;13.5903;15.8675;20.657;21.960900000000002;14.55;24.7183;34.5732;20.832099999999997;10.838299999999998;17.6651;9.0908;8.9019;8.8608;11.565700000000001;17.6651;7.0775;9.0908;8.7374;15.44;10.8612;6.3187;7.353;12.0511;16.7317;6.3187;9.0908;5.971;8.9946;6.0427;9.981;16.6936;25.3582;7.9886;21.6289;19.3545;2.5684;25.5235;18.9947;16.4719;12.190299999999999;10.8041;13.6985;19.8238;5.349399999999999;6.8568999999999996;2.5684;2.5684;3.5253;5.7431;0.0;4.1635;1.3662999999999998;12.190299999999999;1.538;0.0;2.5023;1.7510999999999999;5.7326999999999995;5.7431;4.2675;9.1722;0.0;6.8568999999999996;5.7431;1.538;10.8749;0.0;1.3662999999999998;6.3426;19.304599999999997;8.9208;2.5684;2.5684;26.1002;4.1635
GW Eimsbüttel 3.;29.250799999999998;29.127;33.6089;32.4595;42.795;36.982099999999996;38.4174;32.191;31.7855;30.9979;31.079;18.859;29.624;36.7859;20.8906;27.3425;19.387;21.0535;14.3974;13.8846;20.8906;23.6822;40.6433;19.387;17.9954;23.736099999999997;33.633199999999995;24.220200000000002;35.1694;24.4359;27.8771;44.413599999999995;36.147;30.631700000000002;34.1873;21.3104;41.1923;51.636300000000006;44.2251;36.4771;33.633199999999995;14.3974;9.532;7.4444;23.2347;17.6743;20.3704;13.8846;13.874799999999999;7.4444;15.2102;12.5052;17.9954;20.3019;17.4007;35.1694;13.828100000000001;17.6743;10.2923;20.0993;21.3104;25.6244;8.559299999999999;11.5357;10.873299999999999;33.633199999999995;9.532;24.220200000000002;13.3017;15.3474;8.559299999999999;13.3017;26.1962;17.065099999999997;14.4052;23.580299999999998;14.407200000000001;12.114799999999999;9.532;15.2102;9.2346;16.4892;7.4444;7.7936000000000005;17.6743;8.5686;13.3017;10.5664;9.2346;14.4052;9.2047;8.559299999999999;9.2047;27.397;17.9619;8.559299999999999;7.4319;5.3945;15.0792;8.083;5.692699999999999;20.9292;14.527700000000001;7.0179;18.4136;9.2346;9.2047;10.639;6.2141;16.0971;3.0605;11.975100000000001;25.980900000000002;17.4007;13.0398;4.1202;9.295200000000001;27.397;9.909799999999999;1.9482000000000002;4.8972;1.9482000000000002;2.3044000000000002;15.5111;4.8972;4.1202;20.9292;9.3113;5.3982;5.3982;3.5253;0.0;3.902;6.7527;6.7527;3.5376999999999996;2.4966999999999997;1.6861;2.2729;0.0;3.902;4.116899999999999;3.5376999999999996;5.7264;3.3201;5.1925;16.5582;16.2136;3.6745;20.5296;13.185799999999999;20.5296;9.653;16.2136;11.8689;9.9224;6.8925;0.0;13.8713;3.3201;31.7588;20.5296;37.530300000000004;18.678900000000002;29.0427;21.3042;24.9697;31.9193;31.7378;16.5582;20.5296;20.5296;41.958400000000005;15.366200000000001;34.0439;24.9693;20.9449;27.602400000000003;20.36;10.3465;36.6223;5.1925;24.576900000000002;24.129099999999998;21.979599999999998;22.2845;14.0387;22.2845;25.496599999999997;10.3465;17.6333;25.5961;27.2269;25.421;36.214400000000005;20.7498;21.264599999999998;35.173199999999994;29.5321;37.087199999999996;31.6304;37.249199999999995;42.1336;52.5777;44.056;15.3803;17.6576;19.663;23.751;14.103299999999999;26.5084;36.3633;17.6324;12.080200000000001;15.869200000000001;10.8809;8.7679;8.726700000000001;10.5717;15.869200000000001;9.1576;10.8809;7.7441;14.446;12.103;6.243399999999999;7.3807;13.8412;15.9293;6.243399999999999;10.8809;7.761100000000001;8.8606;6.9798;9.2035;15.5631;24.227700000000002;6.2264;20.8185;18.544;5.1925;24.393;18.1309;15.6081;11.0598;9.6736;12.568;18.6933;3.902;5.7264;5.1925;5.1925;0.0;6.8925;3.5376999999999996;2.4013;2.4966999999999997;11.0598;2.1111;3.5376999999999996;3.3201;1.9450999999999998;7.5228;6.8925;6.1251999999999995;10.3216;3.5376999999999996;5.7264;6.8925;2.1111;11.8689;3.5376999999999996;2.4966999999999997;6.7527;22.2845;7.0648;5.1925;5.1925;24.9697;2.4013
West-Eimsbüttel 2.;26.298299999999998;26.1745;30.656299999999998;29.5069;39.8425;34.0295;35.464800000000004;29.238400000000002;29.4115;28.0454;28.1264;15.9064;26.671400000000002;35.1954;24.039900000000003;25.752;17.796400000000002;25.0766;17.217599999999997;19.5379;24.039900000000003;22.0916;39.052699999999994;17.796400000000002;20.8156;22.145599999999998;36.104;27.0404;37.989599999999996;27.2561;30.347900000000003;46.8844;38.9672;33.4519;37.0075;24.130599999999998;44.0125;54.4565;47.045300000000005;39.2973;36.104;17.217599999999997;12.3521;10.2645;21.644099999999998;20.4945;24.3935;19.5379;19.7084;10.2645;18.0304;15.3254;20.8156;23.1221;20.2209;37.989599999999996;16.6483;20.4945;13.1125;22.5701;24.130599999999998;28.095200000000002;9.870899999999999;14.3243;13.3511;36.104;12.3521;27.0404;14.7102;17.8182;9.870899999999999;14.7102;28.667;19.5359;15.8137;26.051099999999998;17.227400000000003;13.5639;12.3521;18.0304;10.5462;18.96;10.2645;9.202;20.4945;9.9771;14.7102;11.9749;10.5462;15.8137;10.6132;9.870899999999999;10.6132;25.5152;16.0801;9.870899999999999;8.7435;6.7061;17.81;8.759;7.1011999999999995;21.6052;15.203700000000001;8.3294;19.089599999999997;10.5462;10.6132;11.315;7.5257;13.1445;4.158399999999999;15.19;24.0991;20.2209;9.634799999999998;5.435;11.04;25.5152;8.028;2.9573;4.5711;2.9573;1.9197;12.5586;4.5711;5.435;21.6052;7.7207;2.7146999999999997;2.7146999999999997;5.349399999999999;3.902;0.0;6.785100000000001;6.785100000000001;5.4968;5.2125;3.8821;1.9037;3.7619000000000002;0.0;5.5087;5.4968;2.7146999999999997;4.6278999999999995;7.1515;14.6609;14.389299999999999;5.6336;18.6323;11.3615;18.6323;7.7557;14.389299999999999;9.9716;8.0251;7.718;3.7619000000000002;11.1473;4.6278999999999995;29.9346;18.6323;35.706;16.8547;27.218400000000003;19.48;23.145400000000002;25.7617;29.9135;14.6609;18.6323;18.6323;40.1341;13.5419;32.2196;21.8188;25.5877;25.3706;27.723599999999998;13.3209;34.3904;7.1515;22.345;21.8972;26.7135;20.052599999999998;20.602700000000002;20.052599999999998;23.2648;13.3209;20.607599999999998;28.2091;29.8399;28.395400000000002;39.1887;23.7242;24.239;38.1475;32.5065;40.0615;34.604800000000004;39.862300000000005;45.108;55.552;46.6691;21.695;20.2707;21.105700000000002;26.364099999999997;15.5109;29.1215;26.703599999999998;19.04;13.46;17.2769;13.4939;10.2313;10.190100000000001;11.9794;17.2769;10.5374;13.4939;9.1517;15.8537;13.4828;7.6232;8.7605;16.8155;16.338;7.6232;13.4939;9.8723;10.324;8.3596;10.6111;12.6176;22.4034;3.3286;21.2272;18.9528;7.1515;22.5687;20.6472;17.2363;9.2355;6.0922;9.6225;16.869;0.0;2.7146999999999997;7.1515;7.1515;3.7619000000000002;7.718;5.4968;3.4429000000000003;5.2125;9.2355;4.827;5.4968;4.6278999999999995;4.1243;10.4971;7.718;6.950699999999999;10.087;5.4968;2.7146999999999997;7.718;4.827;9.9716;5.4968;5.2125;6.785100000000001;20.052599999999998;5.1674;7.1515;7.1515;23.145400000000002;3.4429000000000003
Groß Flottbek 2.;30.744799999999998;30.621;35.1028;33.9534;44.289;38.476099999999995;39.9114;24.000700000000002;27.7156;32.4919;32.573;16.3953;31.118;31.7687;20.6132;22.3253;14.3697;21.649900000000002;17.5136;16.1112;20.6132;18.664900000000003;35.626;14.3697;19.7238;18.7189;37.8272;27.8107;47.1364;28.026400000000002;32.0711;48.6076;39.7375;34.222199999999994;37.777800000000006;24.9009;44.7828;55.226800000000004;47.815599999999996;40.0676;37.8272;17.5136;13.1225;11.0349;18.2174;21.2648;20.9668;16.1112;16.2818;11.0349;18.8007;19.765900000000002;19.7238;23.892400000000002;20.9912;47.1364;17.418599999999998;21.2648;13.8828;23.100099999999998;24.9009;29.8184;12.9285;16.0765;14.783;37.8272;13.1225;27.8107;19.0445;19.5415;12.9285;19.0445;30.3903;21.2591;20.1481;27.7744;17.997700000000002;16.7395;13.1225;18.8007;14.778;20.6832;11.0349;13.5364;21.2648;14.311399999999999;19.0445;16.3092;14.778;20.1481;14.9475;12.9285;14.9475;28.891;19.4559;12.9285;13.4268;11.1373;21.1858;14.1358;11.4355;30.0777;23.5329;12.4976;27.4188;14.778;14.9475;19.985;11.9569;17.591099999999997;9.5353;18.5658;27.4749;20.9912;14.533700000000001;5.4912;14.415799999999999;28.891;11.403799999999999;8.107;9.948;8.107;6.7001;17.0051;9.948;5.4912;30.0777;3.0544000000000002;5.361800000000001;5.361800000000001;6.3426;6.7527;6.785100000000001;0.0;0.0;6.3902;7.166;6.0591;6.6993;7.5696;6.759600000000001;5.461399999999999;6.3902;5.5219;4.5967;7.2494;9.4315;14.3073;7.113300000000001;13.402899999999999;7.5535;13.402899999999999;3.0683000000000002;14.3073;4.7421999999999995;4.8638;2.8564000000000003;7.5696;9.5078;4.5967;25.4636;13.402899999999999;39.8324;20.981;31.3448;17.6993;27.2718;24.1222;34.0398;9.4315;13.402899999999999;13.402899999999999;44.260400000000004;17.668200000000002;36.3459;20.179299999999998;22.2052;21.973599999999998;24.341099999999997;13.770299999999999;31.007900000000003;7.2494;18.9626;18.5147;23.3311;16.670099999999998;17.2057;16.670099999999998;19.8823;13.770299999999999;20.804599999999997;29.4249;31.0557;29.198700000000002;47.4997;24.5275;25.0423;38.5969;32.9559;40.5109;35.054199999999994;41.078;45.5574;56.001400000000004;47.8849;19.158;21.4864;29.7769;27.5798;20.1452;30.3372;40.192099999999996;23.6743;16.5664;23.283900000000003;14.4348;14.8098;14.768600000000001;16.613599999999998;23.283900000000003;12.8056;14.4348;13.786;20.4879;16.589299999999998;12.2853;13.4225;17.6189;25.0093;12.2853;14.4348;11.699;14.9025;12.2869;15.2454;17.8652;26.529799999999998;13.0106;29.8985;27.6241;7.2494;26.6951;24.7735;21.362599999999997;13.361799999999999;11.975700000000002;14.8701;20.9954;6.759600000000001;5.5219;7.2494;7.2494;7.5696;2.8564000000000003;6.3902;8.8338;7.166;13.361799999999999;7.1741;6.3902;4.5967;6.379;11.2775;2.8564000000000003;4.258100000000001;3.8007;6.3902;5.5219;2.8564000000000003;7.1741;4.7421999999999995;6.3902;7.166;0.0;16.670099999999998;3.46;7.2494;7.2494;27.2718;8.8338
Groß Flottbek 3.;30.744799999999998;30.621;35.1028;33.9534;44.289;38.476099999999995;39.9114;24.000700000000002;27.7156;32.4919;32.573;16.3953;31.118;31.7687;20.6132;22.3253;14.3697;21.649900000000002;17.5136;16.1112;20.6132;18.664900000000003;35.626;14.3697;19.7238;18.7189;37.8272;27.8107;47.1364;28.026400000000002;32.0711;48.6076;39.7375;34.222199999999994;37.777800000000006;24.9009;44.7828;55.226800000000004;47.815599999999996;40.0676;37.8272;17.5136;13.1225;11.0349;18.2174;21.2648;20.9668;16.1112;16.2818;11.0349;18.8007;19.765900000000002;19.7238;23.892400000000002;20.9912;47.1364;17.418599999999998;21.2648;13.8828;23.100099999999998;24.9009;29.8184;12.9285;16.0765;14.783;37.8272;13.1225;27.8107;19.0445;19.5415;12.9285;19.0445;30.3903;21.2591;20.1481;27.7744;17.997700000000002;16.7395;13.1225;18.8007;14.778;20.6832;11.0349;13.5364;21.2648;14.311399999999999;19.0445;16.3092;14.778;20.1481;14.9475;12.9285;14.9475;28.891;19.4559;12.9285;13.4268;11.1373;21.1858;14.1358;11.4355;30.0777;23.5329;12.4976;27.4188;14.778;14.9475;19.985;11.9569;17.591099999999997;9.5353;18.5658;27.4749;20.9912;14.533700000000001;5.4912;14.415799999999999;28.891;11.403799999999999;8.107;9.948;8.107;6.7001;17.0051;9.948;5.4912;30.0777;3.0544000000000002;5.361800000000001;5.361800000000001;6.3426;6.7527;6.785100000000001;0.0;0.0;6.3902;7.166;6.0591;6.6993;7.5696;6.759600000000001;5.461399999999999;6.3902;5.5219;4.5967;7.2494;9.4315;14.3073;7.113300000000001;13.402899999999999;7.5535;13.402899999999999;3.0683000000000002;14.3073;4.7421999999999995;4.8638;2.8564000000000003;7.5696;9.5078;4.5967;25.4636;13.402899999999999;39.8324;20.981;31.3448;17.6993;27.2718;24.1222;34.0398;9.4315;13.402899999999999;13.402899999999999;44.260400000000004;17.668200000000002;36.3459;20.179299999999998;22.2052;21.973599999999998;24.341099999999997;13.770299999999999;31.007900000000003;7.2494;18.9626;18.5147;23.3311;16.670099999999998;17.2057;16.670099999999998;19.8823;13.770299999999999;20.804599999999997;29.4249;31.0557;29.198700000000002;47.4997;24.5275;25.0423;38.5969;32.9559;40.5109;35.054199999999994;41.078;45.5574;56.001400000000004;47.8849;19.158;21.4864;29.7769;27.5798;20.1452;30.3372;40.192099999999996;23.6743;16.5664;23.283900000000003;14.4348;14.8098;14.768600000000001;16.613599999999998;23.283900000000003;12.8056;14.4348;13.786;20.4879;16.589299999999998;12.2853;13.4225;17.6189;25.0093;12.2853;14.4348;11.699;14.9025;12.2869;15.2454;17.8652;26.529799999999998;13.0106;29.8985;27.6241;7.2494;26.6951;24.7735;21.362599999999997;13.361799999999999;11.975700000000002;14.8701;20.9954;6.759600000000001;5.5219;7.2494;7.2494;7.5696;2.8564000000000003;6.3902;8.8338;7.166;13.361799999999999;7.1741;6.3902;4.5967;6.379;11.2775;2.8564000000000003;4.258100000000001;3.8007;6.3902;5.5219;2.8564000000000003;7.1741;4.7421999999999995;6.3902;7.166;0.0;16.670099999999998;3.46;7.2494;7.2494;27.2718;8.8338
Sternschanze 5.;30.701700000000002;30.577900000000003;35.0598;33.9104;44.2459;38.433;39.868300000000005;33.6419;33.2299;32.4488;32.529900000000005;20.309900000000003;31.074900000000003;34.436099999999996;19.127599999999997;24.9927;17.0371;19.2905;12.6344;12.1216;19.127599999999997;21.3324;38.2935;17.0371;16.2324;21.3863;31.8702;22.4572;33.406400000000005;22.672900000000002;26.114099999999997;42.6505;34.384;28.8687;32.4243;19.547400000000003;39.429300000000005;49.8733;42.4621;34.7141;31.8702;12.6344;7.7688999999999995;5.6813;20.8848;15.911299999999999;18.607400000000002;12.1216;12.111799999999999;5.6813;13.4472;10.7422;16.2324;18.5389;15.6377;33.406400000000005;12.065100000000001;15.911299999999999;8.5293;18.3362;19.547400000000003;23.8614;6.7119;9.7727;9.110299999999999;31.8702;7.7688999999999995;22.4572;13.6214;13.5844;6.7119;13.6214;24.4332;15.302;15.386899999999999;21.8173;12.644200000000001;10.5229;7.7688999999999995;13.4472;8.561399999999999;14.7261;5.6813;8.6563;15.911299999999999;9.0661;13.6214;11.548;8.561399999999999;15.386899999999999;10.0674;6.7119;10.0674;28.847900000000003;19.4128;6.7119;7.210100000000001;5.5806000000000004;16.1262;9.13;6.5554;21.8549;15.5747;6.2809;19.339299999999998;8.561399999999999;10.0674;11.686;6.4002;17.548;4.8211;13.0221;27.4318;15.6377;14.4907;1.8635;11.0558;28.847900000000003;11.3608;5.2176;5.944100000000001;5.2176;4.13;16.962;5.944100000000001;1.8635;21.8549;9.223600000000001;6.8491;6.8491;0.0;3.5376999999999996;5.4968;6.3902;6.3902;0.0;1.3662999999999998;2.0148;4.0727;3.5253;5.349399999999999;1.8896;0.0;6.8568999999999996;2.5023;2.5684;15.564200000000001;17.344099999999997;0.8691;19.5356;14.3162;19.5356;9.201;17.344099999999997;10.8749;10.4409;5.7431;3.5253;14.4137;2.5023;32.889300000000006;19.5356;38.6608;19.8094;30.1732;22.4347;26.1002;33.049800000000005;32.868199999999995;15.564200000000001;19.5356;19.5356;43.0889;16.496599999999997;35.1743;25.0853;19.154799999999998;24.6081;18.5699;8.5565;33.6424;2.5684;21.597099999999998;19.3654;20.1895;19.304599999999997;12.2486;19.304599999999997;22.5168;8.5565;15.843200000000001;23.806;25.436799999999998;23.6309;34.4243;18.9597;19.4746;33.3831;27.742099999999997;35.2971;29.840400000000002;35.4591;40.3435;50.7876;42.266;13.5903;15.8675;20.657;21.960900000000002;14.55;24.7183;34.5732;20.832099999999997;10.838299999999998;17.6651;9.0908;8.9019;8.8608;11.565700000000001;17.6651;7.0775;9.0908;8.7374;15.44;10.8612;6.3187;7.353;12.0511;16.7317;6.3187;9.0908;5.971;8.9946;6.0427;9.981;16.6936;25.3582;7.9886;21.6289;19.3545;2.5684;25.5235;18.9947;16.4719;12.190299999999999;10.8041;13.6985;19.8238;5.349399999999999;6.8568999999999996;2.5684;2.5684;3.5253;5.7431;0.0;4.1635;1.3662999999999998;12.190299999999999;1.538;0.0;2.5023;1.7510999999999999;5.7326999999999995;5.7431;4.2675;9.1722;0.0;6.8568999999999996;5.7431;1.538;10.8749;0.0;1.3662999999999998;6.3426;19.304599999999997;8.9208;2.5684;2.5684;26.1002;4.1635
Alsterbrüder 4.;30.8912;30.767400000000002;35.249199999999995;34.0998;44.4354;38.6225;40.0578;33.831300000000006;33.4194;32.6383;32.7194;20.4994;31.264400000000002;35.2119;18.8645;25.7685;17.813;19.0275;12.3714;11.8585;18.8645;22.1082;39.506800000000005;17.813;15.969299999999999;22.1621;31.6071;22.1941;33.1433;22.4099;25.851;42.3875;34.121;28.6056;32.1612;19.284299999999998;39.166199999999996;49.6102;42.199;34.451;31.6071;12.3714;7.5059;5.4183;21.660700000000002;15.648200000000001;18.3444;11.8585;11.848799999999999;5.4183;13.1841;10.4792;15.969299999999999;18.2759;15.374600000000001;33.1433;11.802;15.648200000000001;8.266200000000001;18.0732;19.284299999999998;23.5983;6.4488;9.5096;8.847299999999999;31.6071;7.5059;22.1941;13.3583;13.321399999999999;6.4488;13.3583;24.1702;15.039;14.1441;21.554299999999998;12.3811;10.259799999999998;7.5059;13.1841;8.2983;14.4631;5.4183;7.5325;15.648200000000001;8.2704;13.3583;10.305299999999999;8.2983;14.1441;8.9436;6.4488;8.9436;18.283099999999997;15.2478;6.4488;6.4238;4.7848999999999995;15.0855;8.0893;5.4316;20.9355;14.534;5.4852;18.419900000000002;8.2983;8.9436;10.645299999999999;5.6045;17.7375;3.7804;11.981399999999999;27.621299999999998;15.374600000000001;13.025;2.843;10.0151;18.283099999999997;9.895100000000001;4.1769;4.9033999999999995;4.1769;3.5993000000000004;17.1515;4.9033999999999995;2.843;20.9355;9.9994;7.0385;7.0385;1.3662999999999998;2.4966999999999997;5.2125;7.166;7.166;1.3662999999999998;0.0;2.5098000000000003;3.3855999999999997;2.3145;5.0148;3.1441;1.6869;6.8392;2.9973;2.8055;16.6995;17.3263;1.4345;20.670900000000003;14.2985;20.670900000000003;10.3363;17.3263;12.010200000000001;11.035200000000001;6.8784;2.3145;14.9841;2.9973;32.8716;20.670900000000003;38.6431;19.791700000000002;30.1555;22.417;26.0825;33.0321;32.8505;16.6995;20.670900000000003;20.670900000000003;43.0711;16.478900000000003;35.1566;26.082099999999997;18.9253;25.862599999999997;18.3405;8.327;34.8969;2.8055;21.281599999999997;19.136;19.960099999999997;20.559099999999997;12.0191;20.559099999999997;23.7713;8.327;15.6138;23.5766;25.2074;23.4015;34.194900000000004;18.7303;19.245099999999997;33.1537;27.5126;35.067699999999995;29.6109;35.229699999999994;40.1141;50.558099999999996;42.0365;13.3608;15.6381;19.2115;21.7315;13.6518;24.4889;34.3438;17.1809;10.6089;17.435599999999997;8.8613;7.6193;7.5781;10.1202;17.435599999999997;6.8481000000000005;8.8613;7.2926;13.9945;10.6318;5.0948;6.2678;11.8217;15.564;5.0948;8.8613;5.7415;7.712;5.2657;8.752;16.675900000000002;25.3405;6.759600000000001;20.453200000000002;18.1787;2.8055;25.5058;17.7656;15.242799999999999;12.1725;8.7256;13.6808;16.0072;5.0148;6.8392;2.8055;2.8055;2.3145;6.8784;1.6869;2.9345;0.0;12.1725;0.7355;1.6869;2.9973;2.2460999999999998;5.5033;6.8784;5.522;10.3075;1.6869;6.8392;6.8784;0.7355;12.010200000000001;1.6869;0.0;7.4779;20.559099999999997;8.1775;2.8055;2.8055;26.0825;2.9345
HEBC 4.;29.087;28.9632;33.445;32.295700000000004;42.6312;36.8183;38.2536;32.0272;31.6152;30.8341;30.915200000000002;18.6952;29.4602;34.105;20.376099999999997;24.6616;16.706;20.539099999999998;13.883;13.3701;20.376099999999997;21.0012;37.962300000000006;16.706;17.480900000000002;21.0552;33.1187;23.7057;34.654900000000005;23.9215;27.362599999999997;43.8991;35.6326;30.1172;33.6728;20.795900000000003;40.677800000000005;51.1218;43.7106;35.9626;33.1187;13.883;9.0175;6.9299;20.5537;17.1598;19.856;13.3701;13.3604;6.9299;14.6957;11.9908;17.480900000000002;19.7875;16.886200000000002;34.654900000000005;13.313600000000001;17.1598;9.7778;19.584799999999998;20.795900000000003;25.109900000000003;7.9604;11.0212;10.3589;33.1187;9.0175;23.7057;13.9779;14.833;7.9604;13.9779;25.6818;16.5506;15.0814;23.065900000000003;13.892700000000001;11.7714;9.0175;14.6957;9.809899999999999;15.9747;6.9299;8.4698;17.1598;9.2448;13.9779;11.2426;9.809899999999999;15.0814;9.8809;7.9604;9.8809;27.2332;17.798099999999998;7.9604;8.108;6.0706999999999995;15.7554;8.7592;6.3689;21.605400000000003;15.203899999999999;7.5295;19.0898;9.809899999999999;9.8809;11.3152;6.8903;15.9333;3.8533000000000004;12.651299999999999;25.8171;16.886200000000002;12.876;2.6096999999999997;12.758;27.2332;9.746;3.1529000000000003;5.573300000000001;3.1529000000000003;2.3048;15.347299999999999;5.573300000000001;2.6096999999999997;21.605400000000003;8.8925;5.2344;5.2344;2.0148;1.6861;3.8821;6.0591;6.0591;2.0148;2.5098000000000003;0.0;2.2335;1.6861;3.7285;2.6064000000000003;2.0272;5.2359;1.8095999999999999;3.682;14.6738;15.7231;2.164;18.6452;12.6953;18.6452;8.3106;15.7231;9.984399999999999;10.2186;5.382;1.6861;13.3134;1.8095999999999999;31.2684;18.6452;37.0399;18.1885;28.5523;20.8138;24.4793;31.428900000000002;31.2473;14.6738;18.6452;18.6452;41.4679;14.8757;33.5534;24.478900000000003;20.4496;24.9129;19.8648;9.851299999999998;33.9471;3.682;21.901799999999998;21.4539;21.4844;19.6094;13.5434;19.6094;22.8215;9.851299999999998;17.138099999999998;25.100900000000003;26.7317;24.9258;35.719199999999994;20.2546;20.7694;34.678;29.036900000000003;36.5919;31.1352;36.754;41.638400000000004;52.0824;43.5608;14.8851;17.1624;20.1847;23.2558;14.6249;26.0132;35.8681;18.154;12.601799999999999;18.9599;10.3856;9.2895;9.2484;11.0933;18.9599;8.372399999999999;10.3856;8.2657;14.967600000000001;12.6247;6.765;7.9023;13.346;16.4509;6.765;10.3856;7.2658000000000005;9.382200000000001;6.882899999999999;9.725100000000001;15.072700000000001;23.7372;6.5811;21.3401;19.0657;3.682;23.9025;18.6526;18.5701;10.5693;9.183200000000001;12.0775;18.202900000000003;3.7285;5.2359;3.682;3.682;1.6861;5.382;2.0272;3.1940999999999997;1.9305999999999999;10.5693;1.9247;2.0272;1.8095999999999999;0.6872;7.0276000000000005;5.382;4.6147;8.8111;2.0272;5.2359;5.382;1.9247;9.984399999999999;2.0272;1.9305999999999999;5.2421999999999995;19.6094;7.361;3.682;3.682;24.4793;3.1940999999999997
Inter Eidelstedt 1.;27.6;27.476200000000002;31.958099999999998;30.8087;41.1442;35.331300000000006;36.7666;30.540200000000002;30.134700000000002;29.347099999999998;29.4282;17.2082;27.973200000000002;35.1351;23.9797;25.6917;17.7362;25.016299999999998;15.4686;19.477700000000002;23.9797;22.0314;38.9925;17.7362;19.066599999999998;22.0853;34.7044;25.291400000000003;36.2406;25.507099999999998;28.9483;45.4847;37.218199999999996;31.702900000000003;35.2585;22.3816;42.2635;52.7075;45.2963;37.548300000000005;34.7044;15.4686;10.6031;8.5155;21.5839;18.7455;24.3332;19.477700000000002;14.946;8.5155;16.281399999999998;13.5764;19.066599999999998;21.373099999999997;18.4719;36.2406;14.899299999999998;18.7455;11.3635;21.1704;22.3816;26.6956;9.5953;12.6069;11.9445;34.7044;10.6031;25.291400000000003;14.4345;16.418599999999998;9.5953;14.4345;27.267400000000002;18.136200000000002;15.5381;24.6515;15.478399999999999;13.2883;10.6031;16.281399999999998;10.2705;17.560299999999998;8.5155;8.9264;18.7455;9.7014;14.4345;11.699200000000001;10.2705;15.5381;10.3375;9.5953;10.3375;25.7462;16.3111;9.5953;8.467799999999999;6.4304;18.0411;8.4833;6.8255;21.3296;14.9281;8.0538;18.8139;10.2705;10.3375;11.039399999999999;7.25;14.446299999999999;3.8827;15.421100000000001;24.330099999999998;18.4719;11.389;4.6676;11.271;25.7462;8.259;2.5064;4.2955;2.5064;0.0;13.860299999999999;4.2955;4.6676;21.3296;7.6605;3.7474000000000003;3.7474000000000003;4.0727;2.2729;1.9037;6.6993;6.6993;4.0727;3.3855999999999997;2.2335;0.0;2.3044000000000002;1.9197;4.7091;4.13;3.7488;3.8312;5.7847;14.575899999999999;14.236;4.2667;18.5473;11.208200000000001;18.5473;7.6707;14.236;9.8866;7.9401;7.972300000000001;2.3044000000000002;11.889;3.8312;29.781200000000002;18.5473;35.552699999999994;16.7013;27.065099999999997;19.3266;22.992099999999997;29.9417;29.7602;14.575899999999999;18.5473;18.5473;39.9808;13.3886;32.0663;22.9917;22.0475;25.6248;21.4627;11.449200000000001;34.6447;5.7847;22.5993;22.1515;26.9678;20.306900000000002;15.1413;20.306900000000002;23.519;11.449200000000001;18.736;26.6988;28.3296;26.5237;37.317099999999996;21.8525;22.3673;36.2759;30.6348;38.189800000000005;32.7331;38.3519;43.2363;53.6803;45.158699999999996;16.483;18.7603;20.9441;24.8537;15.225;27.611099999999997;37.465900000000005;18.754;13.174;16.9909;11.9835;9.9453;9.9041;11.6934;16.9909;10.2515;11.9835;8.8658;15.5677;13.1969;7.3372;8.4745;14.9439;16.1764;7.3372;11.9835;8.863700000000001;10.038;8.0736;10.3252;13.5855;22.2501;5.100899999999999;21.0656;18.7912;5.7847;22.4154;20.4939;17.083;9.0822;7.696;10.590399999999999;16.715700000000002;1.9197;3.7488;5.7847;5.7847;2.3044000000000002;7.972300000000001;4.13;3.1569000000000003;3.5993000000000004;9.0822;3.2138;4.13;3.8312;2.5111;8.6255;7.972300000000001;7.205;10.3412;4.13;3.7488;7.972300000000001;3.2138;9.8866;4.13;3.5993000000000004;6.7001;20.306900000000002;5.0825;5.7847;5.7847;22.992099999999997;3.1569000000000003
GW Eimsbüttel 4.;29.250799999999998;29.127;33.6089;32.4595;42.795;36.982099999999996;38.4174;32.191;31.7855;30.9979;31.079;18.859;29.624;36.7859;20.8906;27.3425;19.387;21.0535;14.3974;13.8846;20.8906;23.6822;40.6433;19.387;17.9954;23.736099999999997;33.633199999999995;24.220200000000002;35.1694;24.4359;27.8771;44.413599999999995;36.147;30.631700000000002;34.1873;21.3104;41.1923;51.636300000000006;44.2251;36.4771;33.633199999999995;14.3974;9.532;7.4444;23.2347;17.6743;20.3704;13.8846;13.874799999999999;7.4444;15.2102;12.5052;17.9954;20.3019;17.4007;35.1694;13.828100000000001;17.6743;10.2923;20.0993;21.3104;25.6244;8.559299999999999;11.5357;10.873299999999999;33.633199999999995;9.532;24.220200000000002;13.3017;15.3474;8.559299999999999;13.3017;26.1962;17.065099999999997;14.4052;23.580299999999998;14.407200000000001;12.114799999999999;9.532;15.2102;9.2346;16.4892;7.4444;7.7936000000000005;17.6743;8.5686;13.3017;10.5664;9.2346;14.4052;9.2047;8.559299999999999;9.2047;27.397;17.9619;8.559299999999999;7.4319;5.3945;15.0792;8.083;5.692699999999999;20.9292;14.527700000000001;7.0179;18.4136;9.2346;9.2047;10.639;6.2141;16.0971;3.0605;11.975100000000001;25.980900000000002;17.4007;13.0398;4.1202;9.295200000000001;27.397;9.909799999999999;1.9482000000000002;4.8972;1.9482000000000002;2.3044000000000002;15.5111;4.8972;4.1202;20.9292;9.3113;5.3982;5.3982;3.5253;0.0;3.7619000000000002;7.5696;7.5696;3.5253;2.3145;1.6861;2.3044000000000002;0.0;3.902;4.116899999999999;3.5376999999999996;5.7264;3.3201;5.1925;16.5582;16.2136;3.6745;20.5296;13.185799999999999;20.5296;9.653;16.2136;11.8689;9.9224;6.8925;0.0;13.8713;3.3201;31.7588;20.5296;37.530300000000004;18.678900000000002;29.0427;21.3042;24.9697;31.9193;31.7378;16.5582;20.5296;20.5296;41.958400000000005;15.366200000000001;34.0439;24.9693;20.9449;27.602400000000003;20.36;10.3465;36.6223;5.1925;24.576900000000002;24.129099999999998;21.979599999999998;22.2845;14.0387;22.2845;25.496599999999997;10.3465;17.6333;25.5961;27.2269;25.421;36.214400000000005;20.7498;21.264599999999998;35.173199999999994;29.5321;37.087199999999996;31.6304;37.249199999999995;42.1336;52.5777;44.056;15.3803;17.6576;19.663;23.751;14.103299999999999;26.5084;36.3633;17.6324;12.080200000000001;15.869200000000001;10.8809;8.7679;8.726700000000001;10.5717;15.869200000000001;9.1576;10.8809;7.7441;14.446;12.103;6.243399999999999;7.3807;13.8412;15.9293;6.243399999999999;10.8809;7.761100000000001;8.8606;6.9798;9.2035;15.5631;24.227700000000002;6.2264;20.8185;18.544;5.1925;24.393;18.1309;15.6081;11.0598;9.6736;12.568;18.6933;3.902;5.7264;5.1925;5.1925;0.0;6.8925;3.5376999999999996;2.4013;2.4966999999999997;11.0598;2.1111;3.5376999999999996;3.3201;1.9450999999999998;7.5228;6.8925;6.1251999999999995;10.3216;3.5376999999999996;5.7264;6.8925;2.1111;11.8689;3.5376999999999996;2.4966999999999997;6.7527;22.2845;7.0648;5.1925;5.1925;24.9697;2.4013
Stellingen 1.;26.298299999999998;26.1745;30.656299999999998;29.5069;39.8425;34.0295;35.464800000000004;29.238400000000002;29.4115;28.0454;28.1264;15.9064;26.671400000000002;35.1954;24.039900000000003;25.752;17.796400000000002;25.0766;17.217599999999997;19.5379;24.039900000000003;22.0916;39.052699999999994;17.796400000000002;20.8156;22.145599999999998;36.104;27.0404;37.989599999999996;27.2561;30.347900000000003;46.8844;38.9672;33.4519;37.0075;24.130599999999998;44.0125;54.4565;47.045300000000005;39.2973;36.104;17.217599999999997;12.3521;10.2645;21.644099999999998;20.4945;24.3935;19.5379;19.7084;10.2645;18.0304;15.3254;20.8156;23.1221;20.2209;37.989599999999996;16.6483;20.4945;13.1125;22.5701;24.130599999999998;28.095200000000002;9.870899999999999;14.3243;13.3511;36.104;12.3521;27.0404;14.7102;17.8182;9.870899999999999;14.7102;28.667;19.5359;15.8137;26.051099999999998;17.227400000000003;13.5639;12.3521;18.0304;10.5462;18.96;10.2645;9.202;20.4945;9.9771;14.7102;11.9749;10.5462;15.8137;10.6132;9.870899999999999;10.6132;25.5152;16.0801;9.870899999999999;8.7435;6.7061;17.81;8.759;7.1011999999999995;21.6052;15.203700000000001;8.3294;19.089599999999997;10.5462;10.6132;11.315;7.5257;13.1445;4.158399999999999;15.19;24.0991;20.2209;9.634799999999998;5.435;11.04;25.5152;8.028;2.9573;4.5711;2.9573;1.9197;12.5586;4.5711;5.435;21.6052;7.7207;2.7146999999999997;2.7146999999999997;5.349399999999999;3.902;0.0;6.759600000000001;6.759600000000001;5.349399999999999;5.0148;3.7285;1.9197;3.902;0.0;5.5087;5.4968;2.7146999999999997;4.6278999999999995;7.1515;14.6609;14.389299999999999;5.6336;18.6323;11.3615;18.6323;7.7557;14.389299999999999;9.9716;8.0251;7.718;3.7619000000000002;11.1473;4.6278999999999995;29.9346;18.6323;35.706;16.8547;27.218400000000003;19.48;23.145400000000002;25.7617;29.9135;14.6609;18.6323;18.6323;40.1341;13.5419;32.2196;21.8188;25.5877;25.3706;27.723599999999998;13.3209;34.3904;7.1515;22.345;21.8972;26.7135;20.052599999999998;20.602700000000002;20.052599999999998;23.2648;13.3209;20.607599999999998;28.2091;29.8399;28.395400000000002;39.1887;23.7242;24.239;38.1475;32.5065;40.0615;34.604800000000004;39.862300000000005;45.108;55.552;46.6691;21.695;20.2707;21.105700000000002;26.364099999999997;15.5109;29.1215;26.703599999999998;19.04;13.46;17.2769;13.4939;10.2313;10.190100000000001;11.9794;17.2769;10.5374;13.4939;9.1517;15.8537;13.4828;7.6232;8.7605;16.8155;16.338;7.6232;13.4939;9.8723;10.324;8.3596;10.6111;12.6176;22.4034;3.3286;21.2272;18.9528;7.1515;22.5687;20.6472;17.2363;9.2355;6.0922;9.6225;16.869;0.0;2.7146999999999997;7.1515;7.1515;3.7619000000000002;7.718;5.4968;3.4429000000000003;5.2125;9.2355;4.827;5.4968;4.6278999999999995;4.1243;10.4971;7.718;6.950699999999999;10.087;5.4968;2.7146999999999997;7.718;4.827;9.9716;5.4968;5.2125;6.785100000000001;20.052599999999998;5.1674;7.1515;7.1515;23.145400000000002;3.4429000000000003
Teutonia 10 2.;30.7136;30.5898;35.0716;33.9223;44.2578;38.444900000000004;39.880199999999995;28.090400000000002;31.8053;32.4607;32.5418;20.3218;31.0868;32.269;19.6599;22.825599999999998;14.87;19.8229;13.166799999999999;12.6539;19.6599;19.165200000000002;36.1263;14.87;16.7647;19.2192;33.006;22.9895;33.9387;23.205299999999998;27.2499;43.7864;34.9164;29.401;32.9566;20.0797;39.9616;50.4056;42.9944;35.2464;33.006;13.166799999999999;8.3013;6.2137;18.7177;16.4436;19.1398;12.6539;12.644200000000001;6.2137;13.9795;11.2745;16.7647;19.0713;16.17;33.9387;12.5974;16.4436;9.0616;18.2789;20.0797;24.9972;8.169;11.2553;9.961799999999998;33.006;8.3013;22.9895;15.0785;14.7203;8.169;15.0785;25.5691;16.437900000000003;16.6133;22.953200000000002;13.1765;11.98;8.3013;13.9795;10.0185;15.862;6.2137;10.0016;16.4436;10.523299999999999;15.0785;12.7744;10.0185;16.6133;11.412700000000001;8.169;11.412700000000001;28.8598;19.4247;8.169;8.6673;7.0378;17.287200000000002;10.291;7.9007;23.1373;16.735799999999998;7.7381;20.621599999999997;10.0185;11.412700000000001;12.847100000000001;7.8573;17.559900000000003;5.573300000000001;14.1831;27.4437;16.17;14.502600000000001;0.0;14.3846;28.8598;11.3726;5.5838;7.1052;5.5838;4.7091;16.9739;7.1052;0.0;23.1373;8.294799999999999;6.861;6.861;1.8896;4.116899999999999;5.5087;5.461399999999999;5.461399999999999;1.8896;3.1441;2.6064000000000003;4.7091;4.116899999999999;5.5087;0.0;1.8635;6.9425;1.4114;3.0091;14.3931;17.4297;2.3458;18.3645;14.4018;18.3645;8.0299;17.4297;9.703700000000001;9.5895;4.571899999999999;4.1202;13.562299999999999;1.4114;32.9749;18.3645;38.7464;19.895;30.2588;22.5203;26.1858;28.1768;32.9538;14.3931;18.3645;18.3645;43.1744;16.5822;35.2599;24.233900000000002;19.5381;22.7442;18.953200000000002;8.9398;31.7785;3.0091;19.7332;19.2853;24.1017;17.4407;12.6319;17.4407;20.652900000000002;8.9398;16.2265;25.355700000000002;26.9865;24.3682;34.8076;19.697;20.2119;33.766400000000004;28.125400000000003;35.6804;30.2237;37.008900000000004;40.7269;51.1709;43.8157;14.3275;17.4173;21.7347;23.5107;16.1749;26.268099999999997;36.1229;19.704;12.315;19.2148;10.3933;10.3786;10.3375;12.6433;19.2148;8.554200000000002;10.3933;9.815700000000001;16.5177;12.3379;7.7954;8.829600000000001;12.7884;18.0009;7.7954;10.3933;7.4477;10.4713;7.519399999999999;11.2751;16.7792;25.4438;8.780700000000001;22.890099999999997;20.6157;3.0091;25.609099999999998;20.202599999999997;20.2766;12.2759;10.889700000000001;13.7841;19.9094;5.435;6.9425;3.0091;3.0091;4.1202;4.571899999999999;1.8635;4.9556000000000004;2.843;12.2759;3.2039;1.8635;1.4114;2.4086999999999996;7.3888;4.571899999999999;2.4036;7.0363999999999995;1.8635;6.9425;4.571899999999999;3.2039;9.703700000000001;1.8635;2.843;5.4912;17.4407;7.514600000000001;3.0091;3.0091;26.1858;4.9556000000000004
Hammonia 4.;30.701700000000002;30.577900000000003;35.0598;33.9104;44.2459;38.433;39.868300000000005;33.6419;33.2299;32.4488;32.529900000000005;20.309900000000003;31.074900000000003;34.436099999999996;19.127599999999997;24.9927;17.0371;19.2905;12.6344;12.1216;19.127599999999997;21.3324;38.2935;17.0371;16.2324;21.3863;31.8702;22.4572;33.406400000000005;22.672900000000002;26.114099999999997;42.6505;34.384;28.8687;32.4243;19.547400000000003;39.429300000000005;49.8733;42.4621;34.7141;31.8702;12.6344;7.7688999999999995;5.6813;20.8848;15.911299999999999;18.607400000000002;12.1216;12.111799999999999;5.6813;13.4472;10.7422;16.2324;18.5389;15.6377;33.406400000000005;12.065100000000001;15.911299999999999;8.5293;18.3362;19.547400000000003;23.8614;6.7119;9.7727;9.110299999999999;31.8702;7.7688999999999995;22.4572;13.6214;13.5844;6.7119;13.6214;24.4332;15.302;15.386899999999999;21.8173;12.644200000000001;10.5229;7.7688999999999995;13.4472;8.561399999999999;14.7261;5.6813;8.6563;15.911299999999999;9.0661;13.6214;11.548;8.561399999999999;15.386899999999999;10.0674;6.7119;10.0674;28.847900000000003;19.4128;6.7119;7.210100000000001;5.5806000000000004;16.1262;9.13;6.5554;21.8549;15.5747;6.2809;19.339299999999998;8.561399999999999;10.0674;11.686;6.4002;17.548;4.8211;13.0221;27.4318;15.6377;14.4907;1.8635;11.0558;28.847900000000003;11.3608;5.2176;5.944100000000001;5.2176;4.13;16.962;5.944100000000001;1.8635;21.8549;9.223600000000001;6.8491;6.8491;0.0;3.5376999999999996;5.4968;6.3902;6.3902;0.0;1.6869;2.0272;4.13;3.5376999999999996;5.4968;1.8635;0.0;6.8568999999999996;2.5023;2.5684;15.564200000000001;17.344099999999997;0.8691;19.5356;14.3162;19.5356;9.201;17.344099999999997;10.8749;10.4409;5.7431;3.5253;14.4137;2.5023;32.889300000000006;19.5356;38.6608;19.8094;30.1732;22.4347;26.1002;33.049800000000005;32.868199999999995;15.564200000000001;19.5356;19.5356;43.0889;16.496599999999997;35.1743;25.0853;19.154799999999998;24.6081;18.5699;8.5565;33.6424;2.5684;21.597099999999998;19.3654;20.1895;19.304599999999997;12.2486;19.304599999999997;22.5168;8.5565;15.843200000000001;23.806;25.436799999999998;23.6309;34.4243;18.9597;19.4746;33.3831;27.742099999999997;35.2971;29.840400000000002;35.4591;40.3435;50.7876;42.266;13.5903;15.8675;20.657;21.960900000000002;14.55;24.7183;34.5732;20.832099999999997;10.838299999999998;17.6651;9.0908;8.9019;8.8608;11.565700000000001;17.6651;7.0775;9.0908;8.7374;15.44;10.8612;6.3187;7.353;12.0511;16.7317;6.3187;9.0908;5.971;8.9946;6.0427;9.981;16.6936;25.3582;7.9886;21.6289;19.3545;2.5684;25.5235;18.9947;16.4719;12.190299999999999;10.8041;13.6985;19.8238;5.349399999999999;6.8568999999999996;2.5684;2.5684;3.5253;5.7431;0.0;4.1635;1.3662999999999998;12.190299999999999;1.538;0.0;2.5023;1.7510999999999999;5.7326999999999995;5.7431;4.2675;9.1722;0.0;6.8568999999999996;5.7431;1.538;10.8749;0.0;1.3662999999999998;6.3426;19.304599999999997;8.9208;2.5684;2.5684;26.1002;4.1635
Lohkamp 3.;24.645799999999998;24.522;29.0038;27.854400000000002;38.19;32.3771;33.812400000000004;23.5358;27.250700000000002;26.3929;26.474;14.254;25.019;35.525800000000004;24.3703;26.0824;18.1268;25.407;21.2707;19.868299999999998;24.3703;22.422;39.3831;18.1268;23.480900000000002;22.476;37.960800000000006;28.5478;39.497;28.7635;32.2047;48.7412;40.4747;34.959300000000006;38.514900000000004;25.638;45.5199;55.9639;48.552699999999994;40.8047;37.960800000000006;21.2707;13.8596;11.772;21.9745;22.001900000000003;24.7239;19.868299999999998;20.0389;11.772;19.5378;16.8328;23.480900000000002;24.6295;21.7283;39.497;18.1557;22.001900000000003;14.6199;24.4269;25.638;29.952;11.8836;15.863299999999999;15.200899999999999;37.960800000000006;13.8596;28.5478;16.722900000000003;19.675099999999997;11.8836;16.722900000000003;30.523799999999998;21.3927;17.826400000000003;27.908;18.7348;15.576600000000001;13.8596;19.5378;12.5589;20.8168;11.772;11.2147;22.001900000000003;11.989799999999999;16.722900000000003;13.9876;12.5589;17.826400000000003;12.6259;11.8836;12.6259;23.888;14.4528;11.8836;10.756200000000002;8.7188;16.1828;10.771700000000001;9.1139;25.0747;18.5299;10.3422;22.4158;12.5589;12.6259;14.982;9.5384;11.4921;6.1711;13.5628;22.471799999999998;21.7283;7.982399999999999;6.9425;9.412799999999999;23.888;5.5038;4.9701;6.5838;4.9701;3.7488;10.9061;6.5838;6.9425;25.0747;6.4831;0.0;0.0;6.8568999999999996;5.7264;2.7146999999999997;5.5219;5.5219;6.8568999999999996;6.8392;5.2359;3.7488;5.7264;2.7146999999999997;6.9425;6.8568999999999996;0.0;5.9802;8.5038;12.2533;11.903799999999999;6.9858;16.224700000000002;6.0323;16.224700000000002;5.348;11.903799999999999;7.563899999999999;5.6174;6.9517;5.3982;8.3979;5.9802;24.3537;16.224700000000002;33.2205;14.3691;24.7329;16.9945;20.6599;23.012400000000003;27.428;12.2533;16.224700000000002;16.224700000000002;37.6486;11.0564;29.734099999999998;19.0695;25.8495;25.6324;27.985400000000002;14.673200000000001;34.6522;8.5038;22.606900000000003;22.159;26.9754;20.314400000000003;20.8645;20.314400000000003;23.5266;14.673200000000001;21.9599;29.9227;31.5535;29.747700000000002;40.541;25.0765;25.5913;39.4998;33.8588;41.4138;35.9571;41.5758;46.460300000000004;56.904300000000006;48.3827;19.707;21.9842;23.5765;28.077599999999997;17.5237;30.835;30.2634;21.0527;15.472700000000001;19.2896;15.2075;12.244;12.2028;13.9921;19.2896;12.5501;15.2075;11.164399999999999;17.866400000000002;15.4956;9.6359;10.773200000000001;18.1678;18.8089;9.6359;15.2075;12.0877;12.3367;10.3723;12.6238;10.9385;20.3293;5.888199999999999;23.6981;21.423599999999997;8.5038;20.4946;18.5731;15.1622;6.75;4.4131;7.9434;14.7949;2.7146999999999997;0.0;8.5038;8.5038;5.3982;6.9517;6.8491;5.4556000000000004;7.0385;6.75;6.6706;6.8491;5.9802;5.746;11.8494;6.9517;6.8028;7.7092;6.8491;0.0;6.9517;6.6706;7.563899999999999;6.8491;7.0385;5.361800000000001;20.314400000000003;2.7598000000000003;8.5038;8.5038;20.6599;5.4556000000000004
Union 03 2.;29.8328;29.709;34.1908;33.0414;43.377;37.564099999999996;38.9994;27.2257;30.9406;31.579900000000002;31.661;19.441;30.206;32.6426;21.487099999999998;23.1992;15.2436;22.523799999999998;13.908100000000001;13.3952;21.487099999999998;19.5389;36.5;15.2436;17.5061;19.5928;33.606199999999994;23.730900000000002;34.680099999999996;23.9466;27.8502;44.3866;35.6577;30.142400000000002;33.698;20.821099999999998;40.703;51.147;43.735800000000005;35.9878;33.606199999999994;13.908100000000001;9.0426;6.955;19.0913;17.185;21.840700000000002;13.3952;13.3855;6.955;14.7209;12.0159;17.5061;19.8126;16.9114;34.680099999999996;13.338799999999999;17.185;9.803;19.0203;20.821099999999998;25.5974;8.448;11.9967;10.7032;33.606199999999994;9.0426;23.730900000000002;15.3574;15.3205;8.448;15.3574;26.1693;17.0381;16.0963;23.5534;13.9179;12.259;9.0426;14.7209;10.2974;16.4622;6.955;9.4846;17.185;10.2596;15.3574;12.2575;10.2974;16.0963;10.8958;8.448;10.8958;27.979;18.5439;8.448;8.946200000000001;7.0855;16.7702;9.774;7.3838;22.6203;16.218799999999998;8.017;20.1047;10.2974;10.8958;12.3301;7.9051;16.6791;5.0563;13.6661;26.562900000000003;16.9114;13.6217;1.4114;13.5038;27.979;10.4918;4.786899999999999;6.5882;4.786899999999999;3.8312;16.0931;6.5882;1.4114;22.6203;7.4301;5.9802;5.9802;2.5023;3.3201;4.6278999999999995;4.5967;4.5967;2.5023;2.9973;1.8095999999999999;3.8312;3.3201;4.6278999999999995;1.4114;2.5023;5.9802;0.0;3.3739;14.4073;16.299799999999998;2.847;18.378700000000002;13.272;18.378700000000002;8.0441;16.299799999999998;9.7179;9.2839;4.5861;2.9904;13.2568;0.0;31.8451;18.378700000000002;37.6165;18.7652;29.1289;21.3905;25.0559;27.8712;31.824;14.4073;18.378700000000002;18.378700000000002;42.044599999999996;15.452399999999999;34.1301;23.9283;20.493;23.9211;19.9082;9.8947;32.955400000000004;3.3739;20.91;20.4621;25.2785;18.6176;13.586799999999998;18.6176;21.8297;9.8947;17.1815;25.783900000000003;27.4147;25.3232;35.7626;20.652;21.1668;34.7214;29.080299999999998;36.6353;31.1786;37.437;41.6818;52.125800000000005;44.2438;15.2825;17.8454;21.438599999999997;23.9388;15.8789;26.6962;36.5511;19.408;12.8162;19.6429;11.068700000000002;10.5435;10.5023;12.347299999999999;19.6429;9.055399999999999;11.068700000000002;9.5197;16.2216;12.8391;8.019;9.1562;13.7433;17.7048;8.019;11.068700000000002;7.9489;10.6362;8.0206;10.9791;15.6494;24.3139;7.8854;22.594;20.319599999999998;3.3739;24.479200000000002;19.9065;19.1468;11.146;9.7599;12.654200000000001;18.7795;4.3052;5.812600000000001;3.3739;3.3739;2.9904;4.5861;2.2561999999999998;4.4983;2.8996999999999997;11.146;2.9078000000000004;2.2561999999999998;0.0;1.9915;7.7106;4.5861;3.5804;8.0152;2.2561999999999998;5.812600000000001;4.5861;2.9078000000000004;9.7179;2.2561999999999998;2.8996999999999997;5.1856;18.6176;7.6283;3.3739;3.3739;25.0559;4.4983
Hansa 11 3.;32.3565;32.2326;36.7145;35.5651;45.9007;40.0877;41.523;29.878400000000003;33.593300000000006;34.1035;34.184599999999996;21.964599999999997;32.7296;34.518800000000006;17.9638;25.075400000000002;17.119799999999998;18.1267;11.470600000000001;10.957799999999999;17.9638;21.415;38.606;17.119799999999998;15.0686;19.2912;31.269;21.293400000000002;32.242599999999996;21.5091;25.512900000000002;42.0493;33.2202;27.704900000000002;31.2605;18.383599999999998;38.2655;48.7095;41.298300000000005;33.5503;31.269;11.470600000000001;6.6052;4.5175;18.3962;14.7475;17.4436;10.957799999999999;10.948;4.5175;12.2834;9.5784;15.0686;17.3751;14.4739;32.242599999999996;10.901299999999999;14.7475;7.3655;16.5828;18.383599999999998;23.2602;6.1499;9.0198;8.2248;31.269;6.6052;21.293400000000002;13.0594;12.9832;6.1499;13.0594;23.832;14.7008;14.8249;21.216099999999997;11.4804;9.960899999999999;6.6052;12.2834;7.9994;14.1249;4.5175;9.1158;14.7475;8.8593;13.0594;10.9861;7.9994;14.8249;11.0224;6.1499;11.0224;30.5027;21.0675;6.1499;6.6482;6.6293;17.1982;10.202;7.6114;21.292900000000003;16.6468;5.9372;18.7773;7.9994;11.0224;12.7581;7.4489;19.2027;5.8932;14.094100000000001;29.0865;14.4739;16.1454;3.0091;12.1279;30.5027;13.0155;6.2897;7.0161999999999995;6.2897;5.7847;18.616799999999998;7.0161999999999995;3.0091;21.292900000000003;10.0829;8.5038;8.5038;2.5684;5.1925;7.1515;7.2494;7.2494;2.5684;2.8055;3.682;5.7847;5.1925;7.1515;3.0091;2.5684;8.5038;3.3739;0.0;16.742900000000002;19.0841;1.7348;20.714299999999998;16.0563;20.714299999999998;10.379700000000001;19.0841;12.053600000000001;11.6196;6.9218;4.8565;15.5924;3.4414000000000002;34.6293;20.714299999999998;40.400800000000004;21.549400000000002;31.9132;24.174799999999998;27.8402;30.2069;34.6083;16.742900000000002;20.714299999999998;20.714299999999998;44.828900000000004;18.2367;36.9144;26.264;17.74;25.155900000000003;17.155099999999997;7.1416;34.1902;0.0;20.0962;17.950599999999998;18.7747;19.852400000000003;10.8338;19.852400000000003;23.0645;7.1416;14.4284;23.0564;24.6872;22.5701;33.0095;17.8989;18.413700000000002;31.9683;26.3272;33.8823;28.4255;34.7096;38.9287;49.372699999999995;41.516400000000004;12.529399999999999;15.118;20.0167;21.2114;13.909600000000001;23.968799999999998;33.8236;20.0825;10.197899999999999;16.9155;8.0664;8.2615;8.2204;10.9253;16.9155;6.4372;8.0664;8.707799999999999;14.7996;10.220799999999999;7.1405;6.7126;10.9903;16.0913;7.1405;8.0664;5.3306000000000004;8.3542;5.898899999999999;10.8799;18.4336;27.098200000000002;9.0688;20.988599999999998;18.7141;0.0;27.2635;20.0748;17.552;13.930299999999999;12.5441;15.4385;21.5638;7.0895;8.5969;0.0;0.0;4.8565;6.9218;2.6281;5.2437;2.783;13.930299999999999;3.0471999999999997;2.6281;3.4414000000000002;3.4911;4.909;6.9218;4.5322;8.8146;2.6281;8.5969;6.9218;3.0471999999999997;12.053600000000001;2.6281;2.783;7.5213;19.852400000000003;9.5447;0.0;0.0;27.8402;5.2437
Rissen 2.;20.1378;30.6415;24.381400000000003;33.9739;44.3095;25.981;39.9319;14.4659;17.8137;32.5124;32.5935;18.1621;31.1385;40.3524;29.196900000000003;30.909;22.953400000000002;30.2336;26.0973;24.6949;29.196900000000003;27.2486;44.2097;22.953400000000002;28.3075;27.302599999999998;47.0488;37.032300000000006;55.720099999999995;37.2481;41.2928;57.8292;48.959199999999996;43.4438;46.9994;34.1225;54.004400000000004;64.4484;57.0372;49.289300000000004;47.0488;26.0973;22.344099999999997;20.2565;26.801099999999998;30.4864;29.5505;24.6949;24.8655;20.2565;28.022299999999998;28.3496;28.3075;33.1141;30.212799999999998;55.720099999999995;26.6402;30.4864;23.104400000000002;32.3217;34.1225;39.040099999999995;22.1502;25.2982;24.0047;47.0488;22.344099999999997;37.032300000000006;27.9629;28.763099999999998;22.1502;27.9629;39.6119;30.480700000000002;29.0664;36.996;27.2193;25.9612;22.344099999999997;28.022299999999998;23.7989;29.904799999999998;20.2565;22.4548;30.4864;23.2298;27.9629;25.2276;23.7989;29.0664;23.8659;22.1502;23.8659;35.5899;26.154799999999998;22.1502;21.9962;19.9588;27.884700000000002;22.0117;20.353900000000003;36.7766;30.2318;21.5822;34.1177;23.7989;23.8659;26.6839;20.7784;19.663400000000003;17.411099999999998;25.2647;34.1738;30.212799999999998;19.171200000000002;14.3931;21.1147;35.5899;17.2057;15.982899999999999;17.8238;15.982899999999999;14.575899999999999;17.025599999999997;17.8238;14.3931;36.7766;7.6762;12.2533;12.2533;15.564200000000001;16.5582;14.6609;9.4315;9.4315;15.564200000000001;16.6995;14.6738;14.575899999999999;16.5582;14.6609;14.3931;15.564200000000001;12.2533;14.4073;16.742900000000002;0.0;14.971200000000001;16.3203;6.546;10.7928;6.546;7.6938;14.971200000000001;6.1552;9.5398;11.4603;16.2133;11.6509;13.803700000000001;15.8829;6.546;39.2626;19.9422;19.912200000000002;16.6451;26.702;14.5416;33.470099999999995;0.0;6.546;6.546;43.6907;19.685;24.1627;11.1731;30.809099999999997;30.5775;32.945;22.9773;39.6118;16.4565;27.5664;27.1185;31.934900000000003;25.274;25.8096;25.274;28.486099999999997;22.9773;29.4085;38.6319;40.262699999999995;38.405800000000006;56.1036;33.7345;34.2494;47.804;42.1629;49.7179;44.261199999999995;50.285;54.7644;65.2084;57.0919;28.365099999999998;30.6935;38.3808;36.7869;28.765;39.5443;49.3991;32.294;26.714;30.530900000000003;23.6418;23.4853;23.4441;25.233400000000003;30.530900000000003;22.0126;23.6418;22.4058;29.1077;26.736900000000002;20.877200000000002;22.0145;26.8259;33.6132;20.877200000000002;23.6418;20.9061;23.578;21.613599999999998;23.865099999999998;23.0469;35.1336;21.6144;38.5024;36.2279;16.4565;35.2989;33.3774;29.9665;15.3786;17.6846;19.156200000000002;29.5992;14.6227;13.385;16.4565;16.4565;16.2133;11.4603;15.5972;16.696900000000003;16.373;15.3786;16.3811;15.5972;13.803700000000001;15.586;20.4845;11.4603;12.862;9.008799999999999;15.5972;13.385;11.4603;16.3811;6.1552;15.5972;16.373;9.4281;25.274;10.310799999999999;16.4565;16.4565;26.702;16.696900000000003
VfL Pinneberg 2.;13.3659;17.2099;21.6918;20.5424;30.8779;21.0972;26.5003;12.7714;16.4864;19.0808;19.161900000000003;5.0231;17.7069;45.9803;34.8249;36.5369;28.581400000000002;35.861599999999996;31.7253;30.3229;34.8249;32.876599999999996;49.8377;28.581400000000002;33.9355;32.9305;48.448;39.035;49.984199999999994;39.250699999999995;42.691900000000004;59.2284;50.961800000000004;45.4465;49.0021;36.1252;56.0071;66.45110000000001;59.0399;51.2919;48.448;31.7253;24.346799999999998;22.2592;32.4291;32.4891;35.1784;30.3229;30.4934;22.2592;30.025;27.32;33.9355;35.116699999999994;32.2155;49.984199999999994;28.6429;32.4891;25.1071;34.9141;36.1252;40.4392;22.7837;26.3505;25.6881;48.448;24.346799999999998;39.035;31.03;30.162200000000002;22.7837;31.03;41.011;31.879900000000003;32.1335;38.3951;29.222;26.4767;24.346799999999998;30.025;23.459;31.304;22.2592;22.1148;32.4891;22.8898;31.03;28.294700000000002;23.459;32.1335;26.933;22.7837;26.933;30.840400000000002;21.4053;22.7837;21.656299999999998;19.6189;23.1353;21.3022;20.014;32.0271;25.4823;21.2422;29.3682;23.459;26.933;21.9344;20.4385;8.2898;17.0712;20.5153;29.4243;32.2155;9.7059;17.4297;16.3652;30.840400000000002;13.353200000000001;15.6429;16.6508;15.6429;14.236;4.4247;16.6508;17.4297;32.0271;12.795;11.903799999999999;11.903799999999999;17.344099999999997;16.2136;14.389299999999999;14.3073;14.3073;17.344099999999997;17.3263;15.7231;14.236;16.2136;14.389299999999999;17.4297;17.344099999999997;11.903799999999999;16.299799999999998;19.0841;14.971200000000001;0.0;17.871;11.8552;7.0658;11.8552;12.798200000000001;0.0;11.8865;10.6765;15.876100000000001;16.2834;4.6087;16.865299999999998;14.0699;11.8552;26.0783;6.793100000000001;13.3597;6.521100000000001;13.517700000000001;12.7286;20.2858;16.0531;11.8552;11.8552;30.506400000000003;8.424100000000001;22.591900000000003;8.7856;36.2945;36.077400000000004;38.4304;25.558400000000002;45.097300000000004;19.389;33.0519;32.604;37.4204;30.7595;31.3095;30.7595;33.971599999999995;25.558400000000002;32.845099999999995;40.807900000000004;42.4387;40.6328;51.426199999999994;35.9616;36.4765;50.385;44.743900000000004;52.299;46.8423;52.461;57.3454;67.7895;59.267900000000004;30.592200000000002;32.8694;31.188599999999997;38.9628;30.8532;41.7202;37.8755;32.1509;26.7841;32.619099999999996;26.0927;23.555400000000002;23.514200000000002;27.3216;32.619099999999996;23.8616;26.0927;22.475900000000003;28.4121;26.807;20.9473;22.0846;29.053;26.421;20.9473;26.0927;22.972900000000003;23.6481;21.6837;25.9533;13.3948;18.1353;13.479;31.310200000000002;29.0358;19.389;17.788400000000003;26.185200000000002;22.7743;8.9197;12.0039;9.504100000000001;22.4071;13.3308;11.6783;19.389;19.389;16.2834;15.876100000000001;17.734299999999998;16.767;17.9237;8.9197;17.555799999999998;17.734299999999998;16.865299999999998;16.6312;22.734599999999997;15.876100000000001;17.6576;15.562700000000001;17.734299999999998;11.6783;15.876100000000001;17.555799999999998;11.8865;17.734299999999998;17.9237;14.286299999999999;30.7595;12.453700000000001;19.389;19.389;13.517700000000001;16.767
FC Hamburger Berg 1.;30.8385;30.7147;35.1965;34.0471;44.3827;38.5698;40.0051;33.7786;33.366699999999994;32.5856;32.6667;20.4467;31.2117;35.1592;18.2291;25.715799999999998;17.7603;18.3921;11.735899999999999;11.2231;18.2291;22.0555;38.871300000000005;17.7603;15.3339;22.1094;30.971700000000002;21.5587;32.5079;21.7744;25.2156;41.7521;33.4856;27.970200000000002;31.5258;18.6489;38.530800000000006;48.9748;41.5636;33.815599999999996;30.971700000000002;11.735899999999999;6.8705;4.7829;21.608;15.012799999999999;17.7089;11.2231;11.2134;4.7829;12.5487;9.8437;15.3339;17.640400000000003;14.7392;32.5079;11.1666;15.012799999999999;7.6308;17.4378;18.6489;22.9629;5.8134;8.8742;8.211799999999998;30.971700000000002;6.8705;21.5587;12.7229;12.686;5.8134;12.7229;23.5347;14.4036;14.4884;20.9189;11.745700000000001;9.6244;6.8705;12.5487;7.6629;13.8277;4.7829;8.4039;15.012799999999999;8.5228;12.7229;10.6496;7.6629;14.4884;9.815100000000001;5.8134;9.815100000000001;28.9847;19.549599999999998;5.8134;6.3117;5.3282;15.8738;8.877600000000001;6.303100000000001;20.956400000000002;15.322299999999998;5.6007;18.4408;7.6629;9.815100000000001;11.4337;6.1478;17.6848;4.5688;12.7697;27.5686;14.7392;14.6274;2.3458;10.8035;28.9847;11.4975;4.965199999999999;5.6918;4.965199999999999;4.2667;17.0988;5.6918;2.3458;20.956400000000002;9.9467;6.9858;6.9858;0.8691;3.6745;5.6336;7.113300000000001;7.113300000000001;0.8691;1.4345;2.164;4.2667;3.6745;5.6336;2.3458;0.8691;6.9858;2.847;1.7348;16.3203;17.871;0.0;20.3081;14.4485;20.3081;9.9735;17.4763;11.6474;11.2134;6.5156;3.6575;15.186200000000001;2.6345;33.0215;20.3081;38.793;19.941599999999998;30.305400000000002;22.567;26.232400000000002;33.182;33.0005;16.3367;20.3081;20.3081;43.2211;16.6289;35.306599999999996;26.232;18.2856;25.0742;17.7008;7.6873000000000005;34.1085;1.6992;20.6419;18.496299999999998;19.320400000000003;19.7707;11.3794;19.7707;22.9828;7.6873000000000005;14.9741;22.9369;24.567700000000002;22.7618;33.5552;18.0906;18.605400000000003;32.514;26.8729;34.4279;28.9712;34.59;39.4744;49.9184;41.396800000000006;12.7211;14.9984;19.7879;21.0918;13.6809;23.8492;33.7041;19.9629;9.9692;16.795900000000003;8.2216;8.0328;7.9916;10.6966;16.795900000000003;6.208399999999999;8.2216;8.479;14.5709;9.9921;6.0007;6.4838000000000005;11.182;15.8626;6.0007;8.2216;5.1018;8.1255;5.6701999999999995;9.663;16.8258;25.4904;7.6706;20.7598;18.485400000000002;1.6992;25.6557;18.676599999999997;16.1538;12.3225;10.9363;13.8307;19.956;5.4817;6.9891000000000005;1.6992;1.6992;3.6575;6.5156;0.8985;3.8455;1.0483;12.3225;1.3124;0.8985;2.6345;1.8833;4.8636;6.5156;4.7335;9.944700000000001;0.8985;6.9891000000000005;6.5156;1.3124;11.6474;0.8985;1.0483;7.1151;19.7707;9.0531;1.6992;1.6992;26.232400000000002;3.8455
Wedel 2.;15.860700000000001;27.1857;20.104400000000002;30.518099999999997;40.853699999999996;21.704;36.476099999999995;10.1889;13.536700000000002;29.0566;29.137700000000002;13.9642;27.6827;44.323800000000006;33.1683;34.8804;26.924799999999998;34.205;30.0687;28.6663;33.1683;31.22;48.1811;26.924799999999998;32.2789;31.274;51.020199999999996;41.003699999999995;59.6915;41.2195;45.264199999999995;61.800599999999996;52.9306;47.4152;50.970800000000004;38.093900000000005;57.9758;68.41980000000001;61.0086;53.2607;51.020199999999996;30.0687;26.3155;24.2279;30.7725;34.457800000000006;33.5219;28.6663;28.8369;24.2279;31.9937;32.321;32.2789;37.0855;34.1842;59.6915;30.6116;34.457800000000006;27.0758;36.293099999999995;38.093900000000005;43.0115;26.121599999999997;29.269599999999997;27.9761;51.020199999999996;26.3155;41.003699999999995;31.9343;32.7345;26.121599999999997;31.9343;43.5833;34.4521;33.037800000000004;40.967400000000005;31.1907;29.932599999999997;26.3155;31.9937;27.7703;33.8762;24.2279;26.4262;34.457800000000006;27.2012;31.9343;29.199;27.7703;33.037800000000004;27.8373;26.121599999999997;27.8373;32.739;33.230599999999995;26.121599999999997;25.967599999999997;23.9302;34.9606;33.1275;24.3253;43.8524;37.3077;25.5536;41.1935;27.7703;27.8373;33.759800000000006;24.7498;21.0557;21.3825;32.3406;32.7655;34.1842;22.1116;18.3645;28.1905;32.739;25.1786;19.9543;21.7952;19.9543;18.5473;17.1906;21.7952;18.3645;43.8524;11.6476;16.224700000000002;16.224700000000002;19.5356;20.5296;18.6323;13.402899999999999;13.402899999999999;19.5356;20.670900000000003;18.6452;18.5473;20.5296;18.6323;18.3645;19.5356;16.224700000000002;18.378700000000002;20.714299999999998;6.546;11.8552;20.3081;0.0;18.478;0.0;11.680299999999999;11.845;10.6296;13.526299999999999;15.4468;20.1998;14.546700000000001;17.790200000000002;11.5187;0.0;36.1013;16.816;15.5479;13.5189;18.1692;10.177299999999999;30.308799999999998;6.4511;0.0;0.0;40.5294;21.0505;19.7985;6.8088999999999995;34.7956;34.564;36.9315;26.9638;43.5983;20.443;31.5529;31.1051;35.9214;29.2605;29.7961;29.2605;32.4726;26.9638;33.395;42.6184;44.249199999999995;42.392300000000006;60.0901;37.7211;38.2359;51.7905;46.1494;53.7044;48.247699999999995;54.2715;58.7509;69.19489999999999;61.0784;32.3516;34.68;43.003800000000005;40.7734;32.7515;43.530800000000006;49.6907;36.2805;30.7005;34.5174;27.6283;27.471799999999998;27.4306;29.219900000000003;34.5174;25.9991;27.6283;26.3923;40.2273;30.7234;24.8637;26.001;30.8124;38.2362;24.8637;27.6283;24.892599999999998;27.5645;25.600099999999998;27.8517;25.3197;28.1583;25.2942;43.1254;40.8509;20.443;27.811400000000003;38.0004;34.5895;20.734900000000003;23.8191;22.1305;34.222199999999994;18.6092;17.3715;20.443;20.443;20.1998;15.4468;19.5837;20.683400000000002;20.359599999999997;20.734900000000003;20.3676;19.5837;17.790200000000002;19.5725;24.471;15.4468;16.8485;13.7449;19.5837;17.3715;15.4468;20.3676;10.6296;19.5837;20.359599999999997;13.4146;29.2605;14.2973;20.443;20.443;18.1692;20.683400000000002
Kickers Halstenbek 1.;20.291400000000003;20.1675;24.6494;23.5;33.8356;28.022599999999997;29.457900000000002;19.404400000000003;23.1193;22.038400000000003;22.1195;9.8995;20.6645;37.9582;26.8027;28.5148;20.5592;27.8394;23.7031;22.3007;26.8027;24.854400000000002;41.8155;20.5592;25.9133;24.9084;45.420199999999994;36.0072;46.9564;36.2229;39.6641;56.2006;47.934;42.418699999999994;45.9743;33.0974;52.9793;63.423300000000005;56.0121;48.2641;45.420199999999994;23.7031;21.319;19.2313;24.4069;29.461299999999998;27.156299999999998;22.3007;22.4712;19.2313;26.9972;24.2922;25.9133;32.0889;29.1877;46.9564;25.615099999999998;29.461299999999998;22.0793;31.886200000000002;33.0974;37.4114;19.7559;23.3227;22.6603;45.420199999999994;21.319;36.0072;28.0021;27.134400000000003;19.7559;28.0021;37.9832;28.8521;29.105700000000002;35.3673;26.194200000000002;23.448900000000002;21.319;26.9972;20.4312;28.2761;19.2313;19.087;29.461299999999998;19.862;28.0021;25.2669;20.4312;29.105700000000002;23.905099999999997;19.7559;23.905099999999997;27.8126;18.3775;19.7559;18.628400000000003;16.591099999999997;20.1075;18.2744;16.9862;28.999299999999998;22.4545;18.2144;26.340400000000002;20.4312;23.905099999999997;18.906599999999997;17.4106;9.8995;14.0434;17.4874;26.3965;29.1877;9.407399999999999;14.4018;13.337399999999999;27.8126;10.3254;12.6151;13.623;12.6151;11.208200000000001;6.551699999999999;13.623;14.4018;28.999299999999998;6.0412;6.0323;6.0323;14.3162;13.185799999999999;11.3615;7.5535;7.5535;14.3162;14.2985;12.6953;11.208200000000001;13.185799999999999;11.3615;14.4018;14.3162;6.0323;13.272;16.0563;10.7928;7.0658;14.4485;18.478;0.0;18.5433;6.0213;7.0331;6.6064;3.8996999999999997;9.099200000000002;13.4602;4.8022;10.7343;20.758;18.5433;28.757;9.9056;20.2694;12.993799999999998;16.1964;19.416700000000002;22.9644;10.773;18.5433;18.5433;33.1851;9.9459;25.2705;15.473799999999999;28.448;28.2164;30.5839;22.7352;37.250699999999995;16.565900000000003;25.2054;24.7575;29.573900000000002;22.9129;23.4485;22.9129;26.1251;22.7352;27.0475;37.9848;39.6156;37.8097;53.7425;33.1385;33.6533;47.5619;41.9208;49.4759;44.0191;49.6379;54.5223;64.9663;56.4447;27.769;30.0463;28.3655;36.1397;28.03;38.8971;35.0524;29.3278;23.961;29.796;23.2695;20.7323;20.6911;24.4984;29.796;21.038400000000003;23.2695;19.6527;25.589;23.9838;18.124200000000002;19.261400000000002;26.2299;23.597900000000003;18.124200000000002;23.2695;20.1497;20.825;18.860599999999998;23.130200000000002;13.307799999999999;25.118299999999998;9.4206;28.487099999999998;26.2126;16.565900000000003;25.2836;23.362099999999998;19.9512;5.6395;7.9455;9.4171;19.5839;10.507700000000002;6.618;16.565900000000003;16.565900000000003;13.4602;9.099200000000002;14.911100000000001;13.9439;15.1006;5.6395;14.7326;14.911100000000001;10.7343;13.808;19.9115;9.099200000000002;10.501;9.405700000000001;14.911100000000001;6.618;9.099200000000002;14.7326;6.6064;14.911100000000001;15.1006;7.509399999999999;22.9129;5.6768;16.565900000000003;16.565900000000003;16.1964;13.9439
Cosmos Wedel 2.;15.860700000000001;27.1857;20.104400000000002;30.518099999999997;40.853699999999996;21.704;36.476099999999995;10.1889;13.536700000000002;29.0566;29.137700000000002;13.9642;27.6827;44.323800000000006;33.1683;34.8804;26.924799999999998;34.205;30.0687;28.6663;33.1683;31.22;48.1811;26.924799999999998;32.2789;31.274;51.020199999999996;41.003699999999995;59.6915;41.2195;45.264199999999995;61.800599999999996;52.9306;47.4152;50.970800000000004;38.093900000000005;57.9758;68.41980000000001;61.0086;53.2607;51.020199999999996;30.0687;26.3155;24.2279;30.7725;34.457800000000006;33.5219;28.6663;28.8369;24.2279;31.9937;32.321;32.2789;37.0855;34.1842;59.6915;30.6116;34.457800000000006;27.0758;36.293099999999995;38.093900000000005;43.0115;26.121599999999997;29.269599999999997;27.9761;51.020199999999996;26.3155;41.003699999999995;31.9343;32.7345;26.121599999999997;31.9343;43.5833;34.4521;33.037800000000004;40.967400000000005;31.1907;29.932599999999997;26.3155;31.9937;27.7703;33.8762;24.2279;26.4262;34.457800000000006;27.2012;31.9343;29.199;27.7703;33.037800000000004;27.8373;26.121599999999997;27.8373;32.739;33.230599999999995;26.121599999999997;25.967599999999997;23.9302;34.9606;33.1275;24.3253;43.8524;37.3077;25.5536;41.1935;27.7703;27.8373;33.759800000000006;24.7498;21.0557;21.3825;32.3406;32.7655;34.1842;22.1116;18.3645;28.1905;32.739;25.1786;19.9543;21.7952;19.9543;18.5473;17.1906;21.7952;18.3645;43.8524;11.6476;16.224700000000002;16.224700000000002;19.5356;20.5296;18.6323;13.402899999999999;13.402899999999999;19.5356;20.670900000000003;18.6452;18.5473;20.5296;18.6323;18.3645;19.5356;16.224700000000002;18.378700000000002;20.714299999999998;6.546;11.8552;20.3081;0.0;18.5433;0.0;11.680299999999999;11.845;10.6296;13.526299999999999;15.4468;20.1998;14.546700000000001;17.790200000000002;11.5187;0.0;36.1013;16.816;15.5479;13.5189;18.1692;10.177299999999999;30.308799999999998;6.4511;0.0;0.0;40.5294;21.0505;19.7985;6.8088999999999995;34.7956;34.564;36.9315;26.9638;43.5983;20.443;31.5529;31.1051;35.9214;29.2605;29.7961;29.2605;32.4726;26.9638;33.395;42.6184;44.249199999999995;42.392300000000006;60.0901;37.7211;38.2359;51.7905;46.1494;53.7044;48.247699999999995;54.2715;58.7509;69.19489999999999;61.0784;32.3516;34.68;43.003800000000005;40.7734;32.7515;43.530800000000006;49.6907;36.2805;30.7005;34.5174;27.6283;27.471799999999998;27.4306;29.219900000000003;34.5174;25.9991;27.6283;26.3923;40.2273;30.7234;24.8637;26.001;30.8124;38.2362;24.8637;27.6283;24.892599999999998;27.5645;25.600099999999998;27.8517;25.3197;28.1583;25.2942;43.1254;40.8509;20.443;27.811400000000003;38.0004;34.5895;20.734900000000003;23.8191;22.1305;34.222199999999994;18.6092;17.3715;20.443;20.443;20.1998;15.4468;19.5837;20.683400000000002;20.359599999999997;20.734900000000003;20.3676;19.5837;17.790200000000002;19.5725;24.471;15.4468;16.8485;13.7449;19.5837;17.3715;15.4468;20.3676;10.6296;19.5837;20.359599999999997;13.4146;29.2605;14.2973;20.443;20.443;18.1692;20.683400000000002
TuS Osdorf 3.;25.8804;25.7566;30.2385;29.0891;39.4246;34.027699999999996;35.047;22.5126;26.2275;27.6275;27.708599999999997;14.9071;26.2536;33.9892;22.8337;24.5458;16.5902;23.8704;19.734099999999998;18.3317;22.8337;20.8854;37.8465;16.5902;21.9443;20.939400000000003;40.6856;30.6691;49.3569;30.884900000000002;34.9296;51.466;42.596;37.0806;40.636199999999995;27.7593;47.6412;58.085300000000004;50.674;42.9261;40.6856;19.734099999999998;15.9809;13.8933;20.437900000000003;24.1232;23.1873;18.3317;18.502299999999998;13.8933;21.6591;21.9864;21.9443;26.7509;23.8496;49.3569;20.277;24.1232;16.7412;25.958599999999997;27.7593;32.6769;15.787;18.935;17.6415;40.6856;15.9809;30.6691;21.0577;22.399900000000002;15.787;21.0577;33.2487;24.1175;22.1612;30.6328;20.856099999999998;19.9114;15.9809;21.6591;16.8937;23.5416;13.8933;15.5496;24.1232;16.3246;21.0577;18.322400000000002;16.8937;22.1612;16.9607;15.787;16.9607;28.6847;19.2495;15.787;15.091;13.053600000000001;20.9795;15.1065;13.4487;29.8714;23.3266;14.677;27.2125;16.8937;16.9607;19.7787;13.8732;14.4595;10.5059;18.3595;27.2685;23.8496;12.7791;8.0299;14.2095;28.6847;10.3005;9.0777;10.9186;9.0777;7.6707;12.1407;10.9186;8.0299;29.8714;0.0;5.348;5.348;9.201;9.653;7.7557;3.0683000000000002;3.0683000000000002;9.201;10.3363;8.3106;7.6707;9.653;7.7557;8.0299;9.201;5.348;8.0441;10.379700000000001;7.6938;12.798200000000001;9.9735;11.680299999999999;6.0213;11.680299999999999;0.0;12.795;2.9869;2.7557;5.0866999999999996;9.3113;7.9955;7.4301;23.9513;11.6476;34.3957;15.5443;23.303;16.187;21.835099999999997;22.61;28.6032;7.6762;11.6476;11.6476;38.823800000000006;14.472700000000001;30.909299999999998;18.667;24.4354;24.2039;26.5713;16.6037;33.2382;10.0829;21.1928;20.7449;25.5613;18.9004;19.436;18.9004;22.1125;16.6037;23.0349;32.2583;33.8891;32.0321;49.73;27.3609;27.875799999999998;41.4303;35.789300000000004;43.344300000000004;37.8876;43.9114;48.390800000000006;58.8348;50.718300000000006;21.9915;24.3198;30.6289;30.4132;21.863;33.1706;43.0255;25.3921;19.812;23.6289;17.2682;16.583299999999998;16.5422;18.331400000000002;23.6289;15.639;17.2682;15.5038;22.2057;19.8349;13.975200000000001;15.1125;20.4523;25.8613;13.975200000000001;17.2682;14.5325;16.676;14.7116;16.9632;17.0477;27.3818;11.7389;30.7505;28.4761;10.0829;27.547099999999997;25.6255;22.214599999999997;10.1663;10.5224;13.944;21.8474;7.7207;6.4831;10.0829;10.0829;9.3113;5.0866999999999996;9.223600000000001;9.795;9.9994;10.1663;10.0075;9.223600000000001;7.4301;9.212399999999999;14.110899999999999;5.0866999999999996;6.4883999999999995;3.9553000000000003;9.223600000000001;6.4831;5.0866999999999996;10.0075;2.9869;9.223600000000001;9.9994;3.0544000000000002;18.9004;3.4088000000000003;10.0829;10.0829;21.835099999999997;9.795
SC Pinneberg 1.;13.3659;17.2099;21.6918;20.5424;30.8779;21.0972;26.5003;12.7714;16.4864;19.0808;19.161900000000003;5.0231;17.7069;45.9803;34.8249;36.5369;28.581400000000002;35.861599999999996;31.7253;30.3229;34.8249;32.876599999999996;49.8377;28.581400000000002;33.9355;32.9305;48.448;39.035;49.984199999999994;39.250699999999995;42.691900000000004;59.2284;50.961800000000004;45.4465;49.0021;36.1252;56.0071;66.45110000000001;59.0399;51.2919;48.448;31.7253;24.346799999999998;22.2592;32.4291;32.4891;35.1784;30.3229;30.4934;22.2592;30.025;27.32;33.9355;35.116699999999994;32.2155;49.984199999999994;28.6429;32.4891;25.1071;34.9141;36.1252;40.4392;22.7837;26.3505;25.6881;48.448;24.346799999999998;39.035;31.03;30.162200000000002;22.7837;31.03;41.011;31.879900000000003;32.1335;38.3951;29.222;26.4767;24.346799999999998;30.025;23.459;31.304;22.2592;22.1148;32.4891;22.8898;31.03;28.294700000000002;23.459;32.1335;26.933;22.7837;26.933;30.840400000000002;21.4053;22.7837;21.656299999999998;19.6189;23.1353;21.3022;20.014;32.0271;25.4823;21.2422;29.3682;23.459;26.933;21.9344;20.4385;8.2898;17.0712;20.5153;29.4243;32.2155;9.7059;17.4297;16.3652;30.840400000000002;13.353200000000001;15.6429;16.6508;15.6429;14.236;4.4247;16.6508;17.4297;32.0271;12.795;11.903799999999999;11.903799999999999;17.344099999999997;16.2136;14.389299999999999;14.3073;14.3073;17.344099999999997;17.3263;15.7231;14.236;16.2136;14.389299999999999;17.4297;17.344099999999997;11.903799999999999;16.299799999999998;19.0841;14.971200000000001;0.0;17.4763;11.845;7.0331;11.845;12.795;0.0;11.8865;10.6765;15.876100000000001;16.2834;4.6087;16.865299999999998;14.0699;11.8552;26.0783;6.793100000000001;13.3597;6.521100000000001;13.517700000000001;12.7286;20.2858;16.0531;11.8552;11.8552;30.506400000000003;8.424100000000001;22.591900000000003;8.7856;36.2945;36.077400000000004;38.4304;25.558400000000002;45.097300000000004;19.389;33.0519;32.604;37.4204;30.7595;31.3095;30.7595;33.971599999999995;25.558400000000002;32.845099999999995;40.807900000000004;42.4387;40.6328;51.426199999999994;35.9616;36.4765;50.385;44.743900000000004;52.299;46.8423;52.461;57.3454;67.7895;59.267900000000004;30.592200000000002;32.8694;31.188599999999997;38.9628;30.8532;41.7202;37.8755;32.1509;26.7841;32.619099999999996;26.0927;23.555400000000002;23.514200000000002;27.3216;32.619099999999996;23.8616;26.0927;22.475900000000003;28.4121;26.807;20.9473;22.0846;29.053;26.421;20.9473;26.0927;22.972900000000003;23.6481;21.6837;25.9533;13.3948;18.1353;13.479;31.310200000000002;29.0358;19.389;17.788400000000003;26.185200000000002;22.7743;8.9197;12.0039;9.504100000000001;22.4071;13.3308;11.6783;19.389;19.389;16.2834;15.876100000000001;17.734299999999998;16.767;17.9237;8.9197;17.555799999999998;17.734299999999998;16.865299999999998;16.6312;22.734599999999997;15.876100000000001;17.6576;15.562700000000001;17.734299999999998;11.6783;15.876100000000001;17.555799999999998;11.8865;17.734299999999998;17.9237;14.286299999999999;30.7595;12.453700000000001;19.389;19.389;13.517700000000001;16.767
Komet Blankenese 1.;22.3383;26.4749;30.9567;29.807299999999998;40.142900000000004;33.116099999999996;35.7653;21.601;25.315900000000003;28.3458;28.4269;13.9955;26.9719;35.663;24.5076;26.2196;18.2641;25.5443;21.408;20.005599999999998;24.5076;22.5593;39.5204;18.2641;23.6182;22.6132;42.3595;32.343;51.030800000000006;32.5587;36.6034;53.139900000000004;44.269800000000004;38.7545;42.3101;29.4332;49.3151;59.7591;52.3479;44.5999;42.3595;21.408;17.654799999999998;15.567200000000001;22.1118;25.797099999999997;24.861099999999997;20.005599999999998;20.176099999999998;15.567200000000001;23.333;23.6603;23.6182;28.4247;25.5235;51.030800000000006;21.9509;25.797099999999997;18.4151;27.6324;29.4332;34.350699999999996;17.4608;20.6088;19.3153;42.3595;17.654799999999998;32.343;23.2736;24.0738;17.4608;23.2736;34.922599999999996;25.791400000000003;24.3771;32.3067;22.53;21.2718;17.654799999999998;23.333;19.109599999999997;25.2155;15.567200000000001;17.765400000000003;25.797099999999997;18.5405;23.2736;20.5383;19.109599999999997;24.3771;19.176599999999997;17.4608;19.176599999999997;30.900599999999997;21.465400000000002;17.4608;17.306900000000002;15.2695;23.195400000000003;17.322400000000002;15.6646;32.0873;25.5425;16.8929;29.4284;19.109599999999997;19.176599999999997;21.9946;16.089100000000002;15.4967;12.7218;20.575400000000002;29.4844;25.5235;15.0046;9.703700000000001;16.4254;30.900599999999997;12.516399999999999;11.2935;13.1345;11.2935;9.8866;12.859;13.1345;9.703700000000001;32.0873;2.9869;7.563899999999999;7.563899999999999;10.8749;11.8689;9.9716;4.7421999999999995;4.7421999999999995;10.8749;12.010200000000001;9.984399999999999;9.8866;11.8689;9.9716;9.703700000000001;10.8749;7.563899999999999;9.7179;12.053600000000001;6.1552;11.8865;11.6474;10.6296;6.6064;10.6296;2.9869;11.8865;0.0;4.8561000000000005;6.7765;11.5295;7.4628000000000005;9.12;23.418599999999998;10.6341;35.074400000000004;16.2231;22.7703;15.6543;22.5138;22.0772;29.2819;6.3486;10.6341;10.6341;39.5025;15.496799999999999;31.588;18.1343;26.1253;25.8937;28.261200000000002;18.2935;34.928;11.7727;22.8827;22.4348;27.2512;20.5902;21.1259;20.5902;23.802400000000002;18.2935;24.7248;33.9482;35.579;33.722;51.4199;29.0508;29.5656;43.1202;37.479099999999995;45.0342;39.577400000000004;45.6013;50.0806;60.524699999999996;52.4081;23.6813;26.009700000000002;33.6971;32.1031;24.0812;34.8605;44.7154;27.6103;22.0302;25.8472;18.958099999999998;18.801599999999997;18.7604;20.549599999999998;25.8472;17.3289;18.958099999999998;17.722;24.424;22.053099999999997;16.1934;17.3307;22.1422;28.9294;16.1934;18.958099999999998;16.2223;18.8942;16.9298;19.1814;18.858700000000002;30.449900000000003;13.9572;33.818599999999996;31.5442;11.7727;30.6152;28.6937;25.282799999999998;11.1904;12.7406;14.9681;24.9155;9.939;8.7013;11.7727;11.7727;11.5295;6.7765;10.9135;12.013200000000001;11.6893;11.1904;11.6974;10.9135;9.12;10.9022;15.800799999999999;6.7765;8.1783;4.1088000000000005;10.9135;8.7013;6.7765;11.6974;0.0;10.9135;11.6893;4.7443;20.5902;5.6271;11.7727;11.7727;22.5138;12.013200000000001
Osdorfer Born 1.;23.7588;23.635;28.1169;26.9675;37.303;31.9061;32.9254;20.391;24.105900000000002;25.5059;25.587;12.7855;24.132;35.784699999999994;24.6292;26.3412;18.3857;25.6659;21.5296;20.127200000000002;24.6292;22.6809;39.642;18.3857;23.7398;22.734900000000003;41.9255;31.909;51.1524;32.124700000000004;36.1694;52.7059;43.835800000000006;38.3205;41.8761;28.999200000000002;48.881099999999996;59.3251;51.9139;44.1659;41.9255;21.5296;17.2208;15.1332;22.233400000000003;25.3631;24.9827;20.127200000000002;20.2977;15.1332;22.899;23.7819;23.7398;27.9907;25.0895;51.1524;21.5169;25.3631;17.981099999999998;27.198400000000003;28.999200000000002;33.9167;16.4879;20.174799999999998;18.8813;41.9255;17.2208;31.909;21.327099999999998;23.6398;16.4879;21.327099999999998;34.4886;25.357400000000002;22.4306;31.872700000000002;22.096;20.180799999999998;17.2208;22.899;17.1631;24.7815;15.1332;15.819;25.3631;16.594;21.327099999999998;18.5918;17.1631;22.4306;17.2301;16.4879;17.2301;30.251;20.815900000000003;16.4879;15.3604;13.323;22.5458;15.3759;13.7181;31.4377;24.8929;14.946399999999999;28.7788;17.1631;17.2301;21.345;14.1426;12.3379;10.7753;19.9258;28.834799999999998;25.0895;11.8457;9.5895;15.775799999999998;30.251;12.7638;9.347100000000001;11.188;9.347100000000001;7.9401;10.0191;11.188;9.5895;31.4377;2.7557;5.6174;5.6174;10.4409;9.9224;8.0251;4.8638;4.8638;10.4409;11.035200000000001;10.2186;7.9401;9.9224;8.0251;9.5895;10.4409;5.6174;9.2839;11.6196;9.5398;10.6765;11.2134;13.526299999999999;3.8996999999999997;13.526299999999999;2.7557;10.6765;4.8561000000000005;0.0;6.8871;9.587;5.8608;8.6968;21.816599999999998;13.4659;32.261;13.4097;21.1683;14.0524;19.700400000000002;20.4753;26.4685;9.4945;13.4659;13.4659;36.689099999999996;12.338;28.7746;16.5323;26.4105;26.178900000000002;28.546400000000002;17.8704;35.2132;11.3496;23.1678;22.72;27.5363;20.875400000000003;21.411;20.875400000000003;24.0875;17.8704;25.009900000000002;34.1051;35.7359;33.2988;51.705;28.627599999999997;29.1425;42.697;37.056;44.611;39.154300000000006;45.758199999999995;49.6575;60.1015;52.5651;23.258200000000002;26.1666;27.937900000000003;32.26;22.1387;35.0174;33.3314;25.6678;20.087799999999998;23.904700000000002;19.3899;16.859099999999998;16.8179;18.6071;23.904700000000002;17.165200000000002;19.3899;15.7795;22.4815;20.110599999999998;14.251;15.388200000000001;21.719;23.1702;14.251;19.3899;16.2701;16.9518;14.9873;17.2389;15.6999;24.6907;10.2495;28.0594;25.785;11.3496;24.856;22.9345;19.5236;8.031600000000001;8.7745;11.809299999999999;19.156299999999998;7.9965;5.4517;11.3496;11.3496;9.587;6.8871;11.0315;10.0707;11.2209;8.031600000000001;10.859399999999999;11.0315;8.6968;9.9284;15.377600000000001;6.8871;8.288799999999998;6.1197;11.0315;5.4517;6.8871;10.859399999999999;4.8052;11.0315;11.2209;4.8549;20.875400000000003;3.6846;11.3496;11.3496;19.700400000000002;10.0707
Altona 93 4.;31.3923;31.2685;35.7503;34.6009;44.9365;39.1235;40.5589;25.5906;29.3055;33.1394;33.2205;21.0005;31.7655;30.531299999999998;19.375799999999998;21.087799999999998;13.132299999999999;20.4125;16.2762;14.8738;19.375799999999998;17.4275;34.3886;13.132299999999999;18.4864;17.4815;37.2277;27.2112;45.899;27.4269;31.4716;48.0081;39.1381;33.622699999999995;37.1783;24.3014;44.1833;54.627300000000005;47.2161;39.4681;37.2277;16.2762;12.523;10.4354;16.98;20.6653;19.7293;14.8738;15.0443;10.4354;18.2012;18.5285;18.4864;23.292900000000003;20.3917;45.899;16.8191;20.6653;13.283299999999999;22.5006;24.3014;29.2189;12.329;15.477;14.1835;37.2277;12.523;27.2112;19.2385;18.942;12.329;19.2385;29.7908;20.659599999999998;19.977400000000003;27.1749;17.3982;16.14;12.523;18.2012;14.1785;20.0837;10.4354;13.3657;20.6653;14.1407;19.2385;16.1385;14.1785;19.977400000000003;14.7768;12.329;14.7768;29.5385;20.1034;12.329;12.8273;10.9666;21.833299999999998;13.655100000000001;11.2648;30.7252;24.180400000000002;11.898100000000001;28.0663;14.1785;14.7768;20.6325;11.786200000000001;18.2385;8.9374;19.2133;28.1223;20.3917;15.1812;4.571899999999999;15.0633;29.5385;12.0513;8.3593;10.469299999999999;8.3593;7.972300000000001;17.6526;10.469299999999999;4.571899999999999;30.7252;5.0866999999999996;6.9517;6.9517;5.7431;6.8925;7.718;2.8564000000000003;2.8564000000000003;5.7431;6.8784;5.382;7.972300000000001;6.8925;7.718;4.571899999999999;5.7431;6.9517;4.5861;6.9218;11.4603;15.876100000000001;6.5156;15.4468;9.099200000000002;15.4468;5.0866999999999996;15.876100000000001;6.7765;6.8871;0.0;8.3277;11.4541;4.1843;27.41;15.8655;38.838800000000006;19.9874;30.351200000000002;19.6457;26.278200000000002;26.0686;33.0463;11.8941;15.8655;15.8655;43.2669;16.6747;35.3524;22.125700000000002;19.7625;19.530900000000003;21.898400000000002;11.8741;28.5652;5.9435;16.5198;16.072;20.8883;14.2274;14.763;14.2274;17.4395;11.8741;18.361900000000002;28.2901;29.920900000000003;27.302599999999998;45.057;22.631400000000003;23.1462;36.7008;31.0597;38.6147;33.158;39.9432;43.661199999999994;54.105199999999996;46.75;17.2619;20.351599999999998;28.7834;26.445;20.8794;29.2024;39.057199999999995;24.4085;15.8144;22.149099999999997;13.3276;15.5997;15.5586;17.3478;22.149099999999997;12.053600000000001;13.3276;14.5202;21.222099999999998;15.837299999999999;12.9916;14.1289;15.722700000000001;24.0158;12.9916;13.3276;10.947;15.6924;11.8745;15.9796;16.871599999999997;25.5362;12.017;28.9049;26.6305;5.9435;25.7015;23.78;20.3691;12.3683;10.9821;13.8765;20.0018;6.737100000000001;7.0675;5.9435;5.9435;8.3277;0.0;5.9779;8.811399999999999;6.7537;12.3683;6.7618;5.9779;4.1843;5.966600000000001;10.3231;0.0;1.7359;3.823;5.9779;7.0675;0.0;6.7618;7.2048000000000005;5.9779;6.7537;3.3104;14.2274;5.4064;5.9435;5.9435;26.278200000000002;8.811399999999999
BLS Hamburg 01 1.;29.250799999999998;29.127;33.6089;32.4595;42.795;36.982099999999996;38.4174;32.191;31.7855;30.9979;31.079;18.859;29.624;36.7859;20.8906;27.3425;19.387;21.0535;14.3974;13.8846;20.8906;23.6822;40.6433;19.387;17.9954;23.736099999999997;33.633199999999995;24.220200000000002;35.1694;24.4359;27.8771;44.413599999999995;36.147;30.631700000000002;34.1873;21.3104;41.1923;51.636300000000006;44.2251;36.4771;33.633199999999995;14.3974;9.532;7.4444;23.2347;17.6743;20.3704;13.8846;13.874799999999999;7.4444;15.2102;12.5052;17.9954;20.3019;17.4007;35.1694;13.828100000000001;17.6743;10.2923;20.0993;21.3104;25.6244;8.559299999999999;11.5357;10.873299999999999;33.633199999999995;9.532;24.220200000000002;13.3017;15.3474;8.559299999999999;13.3017;26.1962;17.065099999999997;14.4052;23.580299999999998;14.407200000000001;12.114799999999999;9.532;15.2102;9.2346;16.4892;7.4444;7.7936000000000005;17.6743;8.5686;13.3017;10.5664;9.2346;14.4052;9.2047;8.559299999999999;9.2047;27.397;17.9619;8.559299999999999;7.4319;5.3945;15.0792;8.083;5.692699999999999;20.9292;14.527700000000001;7.0179;18.4136;9.2346;9.2047;10.639;6.2141;16.0971;3.0605;11.975100000000001;25.980900000000002;17.4007;13.0398;4.1202;9.295200000000001;27.397;9.909799999999999;1.9482000000000002;4.8972;1.9482000000000002;2.3044000000000002;15.5111;4.8972;4.1202;20.9292;9.3113;5.3982;5.3982;3.5253;0.0;3.7619000000000002;7.5696;7.5696;3.5253;2.3145;1.6861;2.3044000000000002;0.0;3.7619000000000002;4.1202;3.5253;5.3982;2.9904;4.8565;16.2133;16.2834;3.6575;20.1998;13.4602;20.1998;9.3113;16.2834;11.5295;9.587;8.3277;0.0;13.8713;3.3201;31.7588;20.5296;37.530300000000004;18.678900000000002;29.0427;21.3042;24.9697;31.9193;31.7378;16.5582;20.5296;20.5296;41.958400000000005;15.366200000000001;34.0439;24.9693;20.9449;27.602400000000003;20.36;10.3465;36.6223;5.1925;24.576900000000002;24.129099999999998;21.979599999999998;22.2845;14.0387;22.2845;25.496599999999997;10.3465;17.6333;25.5961;27.2269;25.421;36.214400000000005;20.7498;21.264599999999998;35.173199999999994;29.5321;37.087199999999996;31.6304;37.249199999999995;42.1336;52.5777;44.056;15.3803;17.6576;19.663;23.751;14.103299999999999;26.5084;36.3633;17.6324;12.080200000000001;15.869200000000001;10.8809;8.7679;8.726700000000001;10.5717;15.869200000000001;9.1576;10.8809;7.7441;14.446;12.103;6.243399999999999;7.3807;13.8412;15.9293;6.243399999999999;10.8809;7.761100000000001;8.8606;6.9798;9.2035;15.5631;24.227700000000002;6.2264;20.8185;18.544;5.1925;24.393;18.1309;15.6081;11.0598;9.6736;12.568;18.6933;3.902;5.7264;5.1925;5.1925;0.0;6.8925;3.5376999999999996;2.4013;2.4966999999999997;11.0598;2.1111;3.5376999999999996;3.3201;1.9450999999999998;7.5228;6.8925;6.1251999999999995;10.3216;3.5376999999999996;5.7264;6.8925;2.1111;11.8689;3.5376999999999996;2.4966999999999997;6.7527;22.2845;7.0648;5.1925;5.1925;24.9697;2.4013
Waldenau 1.;16.2105;21.0892;25.571;24.421599999999998;34.7572;26.9883;30.3796;15.4731;19.1881;22.960099999999997;23.0412;7.8677;21.5862;39.9124;28.7569;30.469;22.5134;29.793599999999998;25.6573;24.254900000000003;28.7569;26.8086;43.7697;22.5134;27.8675;26.862599999999997;45.898300000000006;35.881800000000005;55.2801;36.0976;40.142300000000006;56.6787;47.808699999999995;42.2933;45.8489;32.972;52.8539;63.2979;55.8867;48.1387;45.898300000000006;25.6573;21.1936;19.106;26.361099999999997;29.335900000000002;29.1105;24.254900000000003;24.4255;19.106;26.8718;24.166900000000002;27.8675;31.9636;29.0623;55.2801;25.4897;29.335900000000002;21.9539;31.171200000000002;32.972;37.8895;20.436799999999998;24.147599999999997;22.8541;45.898300000000006;21.1936;35.881800000000005;25.276;27.612599999999997;20.436799999999998;25.276;38.461400000000005;29.3302;26.3795;35.8455;26.0688;24.1297;21.1936;26.8718;21.112;28.7543;19.106;19.7679;29.335900000000002;20.542900000000003;25.276;22.5407;21.112;26.3795;21.179;20.436799999999998;21.179;31.9984;22.563200000000002;20.436799999999998;19.3093;17.271900000000002;24.293200000000002;22.4602;17.667;33.1851;26.6403;18.8953;30.5262;21.112;21.179;23.0924;18.0915;10.385;14.724200000000002;21.6732;30.5822;29.0623;12.8795;13.562299999999999;17.5232;31.9984;14.5112;13.296;15.136899999999999;13.296;11.889;6.5199;15.136899999999999;13.562299999999999;33.1851;7.9955;8.3979;8.3979;14.4137;13.8713;11.1473;9.5078;9.5078;14.4137;14.9841;13.3134;11.889;13.8713;11.1473;13.562299999999999;14.4137;8.3979;13.2568;15.5924;11.6509;4.6087;15.186200000000001;14.546700000000001;4.8022;14.546700000000001;7.9955;4.6087;7.4628000000000005;5.8608;11.4541;13.8713;0.0;13.1507;16.9073;14.6926;30.0072;10.722;16.259;9.1431;13.4139;15.566;24.2147;11.6926;14.6926;14.6926;34.435300000000005;10.5084;20.727700000000002;11.6231;30.8644;30.6328;33.0003;22.3243;39.6671;15.8035;27.6217;27.1739;31.9902;25.3293;25.864900000000002;25.3293;28.541400000000003;22.3243;29.4638;38.5137;40.1445;37.7527;56.1589;33.0815;33.5964;47.1509;41.5099;49.0649;43.6082;50.1668;54.1114;64.5554;56.9736;27.7121;30.575200000000002;31.729400000000002;36.6686;31.393900000000002;39.426;38.4163;32.6917;24.496299999999998;33.159800000000004;23.7985;21.267599999999998;21.2265;27.862299999999998;33.159800000000004;21.5738;23.7985;20.1881;28.952900000000003;24.5192;18.6595;19.796799999999998;26.172900000000002;26.9617;18.6595;23.7985;20.6786;21.3603;19.3959;26.4941;15.583;22.0642;14.0197;31.850900000000003;29.5765;15.8035;21.717299999999998;26.726;23.315099999999997;10.5101;12.5447;11.6924;22.9478;11.6216;9.460799999999999;15.8035;15.8035;13.9956;11.515600000000001;15.44;14.479299999999999;15.6295;10.5101;15.268;15.44;13.1507;14.337;19.8315;11.515600000000001;12.9173;11.2021;15.44;9.460799999999999;11.515600000000001;15.268;7.526;15.44;15.6295;9.925799999999999;25.3293;8.0932;15.8035;15.8035;13.4139;14.479299999999999
Union 03 3.;29.8328;29.709;34.1908;33.0414;43.377;37.564099999999996;38.9994;27.2257;30.9406;31.579900000000002;31.661;19.441;30.206;32.6426;21.487099999999998;23.1992;15.2436;22.523799999999998;13.908100000000001;13.3952;21.487099999999998;19.5389;36.5;15.2436;17.5061;19.5928;33.606199999999994;23.730900000000002;34.680099999999996;23.9466;27.8502;44.3866;35.6577;30.142400000000002;33.698;20.821099999999998;40.703;51.147;43.735800000000005;35.9878;33.606199999999994;13.908100000000001;9.0426;6.955;19.0913;17.185;21.840700000000002;13.3952;13.3855;6.955;14.7209;12.0159;17.5061;19.8126;16.9114;34.680099999999996;13.338799999999999;17.185;9.803;19.0203;20.821099999999998;25.5974;8.448;11.9967;10.7032;33.606199999999994;9.0426;23.730900000000002;15.3574;15.3205;8.448;15.3574;26.1693;17.0381;16.0963;23.5534;13.9179;12.259;9.0426;14.7209;10.2974;16.4622;6.955;9.4846;17.185;10.2596;15.3574;12.2575;10.2974;16.0963;10.8958;8.448;10.8958;27.979;18.5439;8.448;8.946200000000001;7.0855;16.7702;9.774;7.3838;22.6203;16.218799999999998;8.017;20.1047;10.2974;10.8958;12.3301;7.9051;16.6791;5.0563;13.6661;26.562900000000003;16.9114;13.6217;1.4114;13.5038;27.979;10.4918;4.786899999999999;6.5882;4.786899999999999;3.8312;16.0931;6.5882;1.4114;22.6203;7.4301;5.9802;5.9802;2.5023;3.3201;4.6278999999999995;4.5967;4.5967;2.5023;2.9973;1.8095999999999999;3.8312;3.3201;4.6278999999999995;1.4114;2.5023;5.9802;0.0;3.4414000000000002;13.803700000000001;16.865299999999998;2.6345;17.790200000000002;10.7343;17.790200000000002;7.4301;16.865299999999998;9.12;8.6968;4.1843;3.3201;13.1507;0.0;31.8451;18.378700000000002;37.6165;18.7652;29.1289;21.3905;25.0559;27.8712;31.824;14.4073;18.378700000000002;18.378700000000002;42.044599999999996;15.452399999999999;34.1301;23.9283;20.493;23.9211;19.9082;9.8947;32.955400000000004;3.3739;20.91;20.4621;25.2785;18.6176;13.586799999999998;18.6176;21.8297;9.8947;17.1815;25.783900000000003;27.4147;25.3232;35.7626;20.652;21.1668;34.7214;29.080299999999998;36.6353;31.1786;37.437;41.6818;52.125800000000005;44.2438;15.2825;17.8454;21.438599999999997;23.9388;15.8789;26.6962;36.5511;19.408;12.8162;19.6429;11.068700000000002;10.5435;10.5023;12.347299999999999;19.6429;9.055399999999999;11.068700000000002;9.5197;16.2216;12.8391;8.019;9.1562;13.7433;17.7048;8.019;11.068700000000002;7.9489;10.6362;8.0206;10.9791;15.6494;24.3139;7.8854;22.594;20.319599999999998;3.3739;24.479200000000002;19.9065;19.1468;11.146;9.7599;12.654200000000001;18.7795;4.3052;5.812600000000001;3.3739;3.3739;2.9904;4.5861;2.2561999999999998;4.4983;2.8996999999999997;11.146;2.9078000000000004;2.2561999999999998;0.0;1.9915;7.7106;4.5861;3.5804;8.0152;2.2561999999999998;5.812600000000001;4.5861;2.9078000000000004;9.7179;2.2561999999999998;2.8996999999999997;5.1856;18.6176;7.6283;3.3739;3.3739;25.0559;4.4983
Moorrege 1.;5.5114;13.378200000000001;9.7551;19.2225;29.9219;13.678700000000001;25.5443;1.3413;8.260399999999999;14.190299999999999;17.842;10.8339;13.709200000000001;55.868199999999995;44.7127;46.424800000000005;38.469300000000004;45.7494;41.613099999999996;40.210699999999996;44.7127;42.7645;59.7256;38.469300000000004;43.8233;42.818400000000004;63.993199999999995;54.5803;65.5295;54.796;58.237199999999994;74.7736;66.50710000000001;60.991800000000005;64.5474;51.6705;71.5523;81.9964;74.58510000000001;66.8372;63.993199999999995;41.613099999999996;39.892;37.8044;42.316900000000004;48.0344;45.066300000000005;40.210699999999996;40.3813;37.8044;45.5703;42.865300000000005;43.8233;50.662;47.7607;65.5295;44.188199999999995;48.0344;40.6524;50.459300000000006;51.6705;55.9845;38.329;41.8958;41.2334;63.993199999999995;39.892;54.5803;46.575199999999995;45.7075;38.329;46.575199999999995;56.5563;47.4251;47.6788;53.940400000000004;44.767300000000006;42.022;39.892;45.5703;39.0042;46.849199999999996;37.8044;37.6601;48.0344;38.4351;46.575199999999995;43.8399;39.0042;47.6788;42.478199999999994;38.329;42.478199999999994;29.608700000000002;36.9506;38.329;37.2015;35.1641;38.6805;36.8475;35.5592;47.5724;41.0276;36.7875;44.9135;39.0042;42.478199999999994;37.479699999999994;35.9837;23.063200000000002;32.6164;36.0605;29.6352;47.7607;24.1191;32.9749;31.9105;29.608700000000002;28.8985;31.188200000000002;32.1961;31.188200000000002;29.781200000000002;19.1981;32.1961;32.9749;47.5724;23.9513;24.3537;24.3537;32.889300000000006;31.7588;29.9346;25.4636;25.4636;32.889300000000006;32.8716;31.2684;29.781200000000002;31.7588;29.9346;32.9749;32.889300000000006;24.3537;31.8451;34.6293;15.8829;14.0699;33.0215;11.5187;20.758;11.5187;23.9513;14.0699;23.418599999999998;21.816599999999998;27.41;31.7588;16.9073;31.8451;0.0;11.5302;25.4277;17.0902;5.210100000000001;7.0036000000000005;7.8313999999999995;1.3413;19.298599999999997;15.8072;11.5302;11.5302;29.855700000000002;23.562;9.460700000000001;6.4886;46.280699999999996;46.049099999999996;48.416599999999995;41.3055;55.083400000000005;35.1361;43.038;42.590199999999996;47.4065;40.745599999999996;41.2812;40.745599999999996;43.957699999999996;41.3055;48.5923;56.555;58.1858;56.38;67.1734;51.708800000000004;52.2236;66.1322;60.491099999999996;68.04610000000001;62.589400000000005;68.20819999999999;73.0926;83.5366;75.015;46.3393;48.6166;46.9358;54.71;46.600300000000004;57.467400000000005;53.622699999999995;47.8981;42.5312;48.3663;41.839800000000004;39.3026;39.2614;43.0687;48.3663;39.6087;41.839800000000004;38.223;44.1593;42.5541;36.6944;37.8317;44.8002;42.168099999999995;36.6944;41.839800000000004;38.72;39.395199999999996;37.430800000000005;41.7005;25.5939;27.644;29.2261;47.057300000000005;44.7829;35.1361;26.7488;41.9324;38.5215;24.666900000000002;27.751099999999997;24.642;38.154199999999996;29.078;27.4255;35.1361;35.1361;32.0305;26.931900000000002;33.4814;32.5142;33.6709;24.666900000000002;33.3029;33.4814;32.6125;32.378299999999996;38.4818;26.931900000000002;28.333599999999997;26.6184;33.4814;27.4255;26.931900000000002;33.3029;22.9423;33.4814;33.6709;25.3421;40.745599999999996;23.509400000000003;35.1361;35.1361;7.8313999999999995;32.5142
Wedel 1.;15.860700000000001;27.1857;20.104400000000002;30.518099999999997;40.853699999999996;21.704;36.476099999999995;10.1889;13.536700000000002;29.0566;29.137700000000002;13.9642;27.6827;44.323800000000006;33.1683;34.8804;26.924799999999998;34.205;30.0687;28.6663;33.1683;31.22;48.1811;26.924799999999998;32.2789;31.274;51.020199999999996;41.003699999999995;59.6915;41.2195;45.264199999999995;61.800599999999996;52.9306;47.4152;50.970800000000004;38.093900000000005;57.9758;68.41980000000001;61.0086;53.2607;51.020199999999996;30.0687;26.3155;24.2279;30.7725;34.457800000000006;33.5219;28.6663;28.8369;24.2279;31.9937;32.321;32.2789;37.0855;34.1842;59.6915;30.6116;34.457800000000006;27.0758;36.293099999999995;38.093900000000005;43.0115;26.121599999999997;29.269599999999997;27.9761;51.020199999999996;26.3155;41.003699999999995;31.9343;32.7345;26.121599999999997;31.9343;43.5833;34.4521;33.037800000000004;40.967400000000005;31.1907;29.932599999999997;26.3155;31.9937;27.7703;33.8762;24.2279;26.4262;34.457800000000006;27.2012;31.9343;29.199;27.7703;33.037800000000004;27.8373;26.121599999999997;27.8373;32.739;33.230599999999995;26.121599999999997;25.967599999999997;23.9302;34.9606;33.1275;24.3253;43.8524;37.3077;25.5536;41.1935;27.7703;27.8373;33.759800000000006;24.7498;21.0557;21.3825;32.3406;32.7655;34.1842;22.1116;18.3645;28.1905;32.739;25.1786;19.9543;21.7952;19.9543;18.5473;17.1906;21.7952;18.3645;43.8524;11.6476;16.224700000000002;16.224700000000002;19.5356;20.5296;18.6323;13.402899999999999;13.402899999999999;19.5356;20.670900000000003;18.6452;18.5473;20.5296;18.6323;18.3645;19.5356;16.224700000000002;18.378700000000002;20.714299999999998;6.546;11.8552;20.3081;0.0;18.5433;0.0;11.6476;11.8552;10.6341;13.4659;15.8655;20.5296;14.6926;18.378700000000002;11.5302;0.0;36.1013;16.816;15.5479;13.5189;18.1692;10.177299999999999;30.308799999999998;6.4511;0.0;0.0;40.5294;21.0505;19.7985;6.8088999999999995;34.7956;34.564;36.9315;26.9638;43.5983;20.443;31.5529;31.1051;35.9214;29.2605;29.7961;29.2605;32.4726;26.9638;33.395;42.6184;44.249199999999995;42.392300000000006;60.0901;37.7211;38.2359;51.7905;46.1494;53.7044;48.247699999999995;54.2715;58.7509;69.19489999999999;61.0784;32.3516;34.68;43.003800000000005;40.7734;32.7515;43.530800000000006;49.6907;36.2805;30.7005;34.5174;27.6283;27.471799999999998;27.4306;29.219900000000003;34.5174;25.9991;27.6283;26.3923;40.2273;30.7234;24.8637;26.001;30.8124;38.2362;24.8637;27.6283;24.892599999999998;27.5645;25.600099999999998;27.8517;25.3197;28.1583;25.2942;43.1254;40.8509;20.443;27.811400000000003;38.0004;34.5895;20.734900000000003;23.8191;22.1305;34.222199999999994;18.6092;17.3715;20.443;20.443;20.1998;15.4468;19.5837;20.683400000000002;20.359599999999997;20.734900000000003;20.3676;19.5837;17.790200000000002;19.5725;24.471;15.4468;16.8485;13.7449;19.5837;17.3715;15.4468;20.3676;10.6296;19.5837;20.359599999999997;13.4146;29.2605;14.2973;20.443;20.443;18.1692;20.683400000000002
Sparrieshoop 1.;22.648;7.29;9.8895;9.0551;8.9886;17.1821;0.0;25.588099999999997;32.5072;4.6401;15.360299999999999;22.7963;5.42;67.2971;56.1416;57.853699999999996;49.8981;57.1783;53.042;51.6396;56.1416;54.1933;71.1544;49.8981;55.252199999999995;54.2473;69.76469999999999;60.351699999999994;71.3009;60.5675;64.0086;80.5451;72.27860000000001;66.7632;70.3188;57.441900000000004;77.3238;87.76780000000001;80.3566;72.60860000000001;69.76469999999999;53.042;45.6635;43.575900000000004;53.7458;53.805800000000005;56.4952;51.6396;51.8101;43.575900000000004;51.341699999999996;48.6367;55.252199999999995;56.4334;53.532199999999996;71.3009;49.9596;53.805800000000005;46.4238;56.2308;57.441900000000004;61.755900000000004;44.1004;47.667199999999994;47.0049;69.76469999999999;45.6635;60.351699999999994;52.3467;51.479;44.1004;52.3467;62.3278;53.1966;53.450199999999995;59.7119;50.5387;47.7934;45.6635;51.341699999999996;44.7757;52.6207;43.575900000000004;43.4315;53.805800000000005;44.2066;52.3467;49.6114;44.7757;53.450199999999995;48.2497;44.1004;48.2497;29.1681;42.722;44.1004;42.973;40.9356;44.452;42.618900000000004;41.3307;53.343900000000005;46.799099999999996;42.559;50.685;44.7757;48.2497;43.2512;41.755199999999995;28.8347;38.3879;41.832;30.0076;53.532199999999996;29.8906;38.7464;37.6819;29.1681;34.67;36.9597;37.9675;36.9597;35.552699999999994;24.9696;37.9675;38.7464;53.343900000000005;34.3957;33.2205;33.2205;38.6608;37.530300000000004;35.706;39.8324;39.8324;38.6608;38.6431;37.0399;35.552699999999994;37.530300000000004;35.706;38.7464;38.6608;33.2205;37.6165;40.400800000000004;39.2626;26.0783;38.793;36.1013;28.757;36.1013;34.3957;26.0783;35.074400000000004;32.261;38.838800000000006;37.530300000000004;30.0072;37.6165;25.4277;36.1013;0.0;23.4771;22.8281;27.699099999999998;18.7551;25.7047;9.0551;39.9319;36.476099999999995;36.476099999999995;9.039;29.9488;9.8625;33.4065;58.428599999999996;58.2115;60.5645;47.6924;67.2313;41.523;55.185900000000004;54.738099999999996;59.5544;52.8935;53.443599999999996;52.8935;56.1057;47.6924;54.9792;62.941900000000004;64.5727;62.7669;73.5602;58.095699999999994;58.6105;72.51910000000001;66.878;74.433;68.97630000000001;74.5951;79.4795;89.9235;81.4019;52.7262;55.0035;53.3227;61.0969;52.987199999999994;63.8543;60.0096;54.285;48.918099999999995;54.753099999999996;48.226699999999994;45.6894;45.648300000000006;49.4556;54.753099999999996;45.995599999999996;48.226699999999994;44.6099;50.5462;48.941;43.081300000000006;44.218599999999995;51.187;48.555;43.081300000000006;48.226699999999994;45.1069;45.7821;43.817699999999995;48.0874;31.9808;22.2821;35.613;53.444199999999995;51.1698;41.523;24.208599999999997;48.319300000000005;44.9084;31.0538;34.138;31.0289;44.5411;35.464800000000004;33.812400000000004;41.523;41.523;38.4174;40.5589;39.868300000000005;38.9011;40.0578;31.0538;39.689800000000005;39.868300000000005;38.9994;38.7652;44.8687;40.5589;39.791599999999995;42.9279;39.868300000000005;33.812400000000004;40.5589;39.689800000000005;35.7653;39.868300000000005;40.0578;39.9114;52.8935;36.0208;41.523;41.523;18.7551;38.9011
Borstel 1.;14.3105;14.1867;18.668599999999998;17.5192;27.8548;22.0418;23.4771;13.4908;21.4573;16.0576;16.1387;3.5111;14.6837;48.445699999999995;37.2902;39.002300000000005;31.0467;38.3269;34.190599999999996;32.788199999999996;37.2902;35.342;52.3031;31.0467;36.400800000000004;35.395900000000005;50.9133;41.5003;52.4495;41.7161;45.157300000000006;61.6937;53.4272;47.9119;51.467400000000005;38.5905;58.4724;68.9165;61.505199999999995;53.7573;50.9133;34.190599999999996;26.812099999999997;24.7245;34.894400000000005;34.9545;37.643800000000006;32.788199999999996;32.958800000000004;24.7245;32.4904;29.785400000000003;36.400800000000004;37.5821;34.680800000000005;52.4495;31.1082;34.9545;27.5725;37.379400000000004;38.5905;42.9045;25.2491;28.815900000000003;28.1535;50.9133;26.812099999999997;41.5003;33.4953;32.6276;25.2491;33.4953;43.4764;34.3452;34.598800000000004;40.8605;31.6874;28.9421;26.812099999999997;32.4904;25.9243;33.7693;24.7245;24.5802;34.9545;25.3552;33.4953;30.76;25.9243;34.598800000000004;29.3983;25.2491;29.3983;16.0356;14.9779;25.2491;24.121599999999997;22.0842;17.6354;23.7675;22.4793;30.9705;27.9477;23.7076;31.833599999999997;25.9243;29.3983;24.3998;22.9038;5.699;19.5365;22.9806;16.0621;34.680800000000005;11.039200000000001;19.895;18.830599999999997;16.0356;15.8186;18.1083;19.1162;18.1083;16.7013;6.1182;19.1162;19.895;30.9705;15.5443;14.3691;14.3691;19.8094;18.678900000000002;16.8547;20.981;20.981;19.8094;19.791700000000002;18.1885;16.7013;18.678900000000002;16.8547;19.895;19.8094;14.3691;18.7652;21.549400000000002;19.9422;6.793100000000001;19.941599999999998;16.816;9.9056;16.816;15.5443;6.793100000000001;16.2231;13.4097;19.9874;18.678900000000002;10.722;18.7652;17.0902;16.816;23.4771;0.0;14.0276;8.0008;9.954600000000001;13.4558;16.7227;20.9757;16.7778;16.7778;26.9433;5.699;19.0288;13.708200000000001;39.1695;38.9523;41.3054;28.4333;47.972199999999994;22.263900000000003;35.9268;35.479;40.295300000000005;33.6344;34.1845;33.6344;36.8465;28.4333;35.72;43.6828;45.3136;43.5078;54.3011;38.8366;39.3514;53.2599;47.618900000000004;55.1739;49.7172;55.3359;60.2204;70.6644;62.1428;33.4671;35.7444;34.0635;41.8378;33.7281;44.5952;40.7504;35.025800000000004;29.659;35.494;28.967599999999997;26.4303;26.389200000000002;30.1965;35.494;26.7365;28.967599999999997;25.3508;31.287;29.681900000000002;23.822200000000002;24.9595;31.9279;29.295900000000003;23.822200000000002;28.967599999999997;25.8478;26.523;24.5586;28.8283;8.578;11.4167;16.3539;34.1851;31.910700000000002;22.263900000000003;11.069700000000001;21.0121;17.601200000000002;11.7947;14.8789;11.7697;17.510099999999998;16.2057;14.5533;22.263900000000003;22.263900000000003;19.1583;21.2997;20.6092;19.642;20.7987;11.7947;20.4307;20.6092;19.740299999999998;19.5061;25.609599999999997;21.2997;20.5325;23.6687;20.6092;14.5533;21.2997;20.4307;16.809099999999997;20.6092;20.7987;20.6523;33.6344;16.7617;22.263900000000003;22.263900000000003;9.954600000000001;19.642
Heidgraben 2.;0.0;9.4119;5.7886999999999995;16.5063;27.2058;9.0125;22.8281;5.3706000000000005;12.2896;10.224;15.1259;9.494;9.742799999999999;58.8095;47.654;49.366099999999996;41.4105;48.6907;44.5544;43.152;47.654;45.7057;62.6668;41.4105;46.7646;45.759699999999995;61.2771;51.8641;62.813300000000005;52.0799;55.521;72.0575;63.791;58.2756;61.831199999999995;48.9543;68.83619999999999;79.2802;71.869;64.121;61.2771;44.5544;37.1759;35.088300000000004;45.258199999999995;45.3182;48.0076;43.152;43.3225;35.088300000000004;42.854099999999995;40.1492;46.7646;47.9459;45.044599999999996;62.813300000000005;41.472;45.3182;37.9362;47.743199999999995;48.9543;53.2683;35.6129;39.1796;38.517300000000006;61.2771;37.1759;51.8641;43.8591;42.9914;35.6129;43.8591;53.840199999999996;44.709;44.9626;51.2243;42.0511;39.305800000000005;37.1759;42.854099999999995;36.2881;44.1331;35.088300000000004;34.944;45.3182;35.719;43.8591;41.1238;36.2881;44.9626;39.7621;35.6129;39.7621;29.988799999999998;34.2344;35.6129;34.4854;32.448;35.964400000000005;34.1313;32.8431;44.856300000000005;38.3115;34.071400000000004;42.1974;36.2881;39.7621;34.7636;33.2676;20.347099999999998;29.900299999999998;33.3444;30.015400000000003;45.044599999999996;21.403;30.2588;29.1943;29.988799999999998;26.1824;28.472099999999998;29.4799;28.472099999999998;27.065099999999997;16.482;29.4799;30.2588;44.856300000000005;23.303;24.7329;24.7329;30.1732;29.0427;27.218400000000003;31.3448;31.3448;30.1732;30.1555;28.5523;27.065099999999997;29.0427;27.218400000000003;30.2588;30.1732;24.7329;29.1289;31.9132;19.912200000000002;13.3597;30.305400000000002;15.5479;20.2694;15.5479;23.303;13.3597;22.7703;21.1683;30.351200000000002;29.0427;16.259;29.1289;5.210100000000001;15.5479;22.8281;14.0276;0.0;9.1909;5.051699999999999;5.6719;16.519;20.1378;15.860700000000001;15.860700000000001;27.0761;20.7823;6.056;10.8192;49.262;49.0449;51.3979;38.525800000000004;58.064699999999995;32.3565;46.019400000000005;45.5715;50.3879;43.7269;44.277;43.7269;46.939099999999996;38.525800000000004;45.812599999999996;53.775400000000005;55.4062;53.600300000000004;64.3937;48.9291;49.4439;63.3525;57.711400000000005;65.2664;59.8097;65.4285;70.3129;80.75689999999999;72.23530000000001;43.559599999999996;45.8369;44.156099999999995;51.9303;43.8206;54.6877;50.843;45.1184;39.751599999999996;45.5866;39.0601;36.5229;36.4817;40.289;45.5866;36.829;39.0601;35.4433;41.379599999999996;39.7744;33.9148;35.052;42.0205;39.3885;33.9148;39.0601;35.9403;36.6156;34.6511;38.9208;22.8142;24.8643;26.4464;44.2776;42.0032;32.3565;23.969099999999997;39.152699999999996;35.741800000000005;21.8872;24.971400000000003;21.862299999999998;35.3745;26.298299999999998;24.645799999999998;32.3565;32.3565;29.250799999999998;31.3923;30.701700000000002;29.7345;30.8912;21.8872;30.5232;30.701700000000002;29.8328;29.598599999999998;35.7021;31.3923;30.625;33.761300000000006;30.701700000000002;24.645799999999998;31.3923;30.5232;22.3383;30.701700000000002;30.8912;30.744799999999998;43.7269;26.8543;32.3565;32.3565;5.051699999999999;29.7345
Appen 1.;9.1909;18.4087;13.4346;21.7412;32.0767;16.6584;27.699099999999998;6.8119;13.731;20.2796;20.3607;5.1872;18.9057;48.104;36.9485;38.6605;30.705;37.9852;33.8489;32.4465;36.9485;35.0002;51.9613;30.705;36.0591;35.054199999999994;53.538599999999995;44.125699999999995;55.0749;44.3414;47.782599999999995;64.319;56.0525;50.5372;54.092800000000004;41.215900000000005;61.0978;71.54180000000001;64.1306;56.3826;53.538599999999995;33.8489;29.4374;27.3498;34.552699999999994;37.579800000000006;37.302;32.4465;32.617;27.3498;35.1157;32.4107;36.0591;40.2074;37.3062;55.0749;33.733599999999996;37.579800000000006;30.1978;40.0047;41.215900000000005;45.529900000000005;27.8744;31.441200000000002;30.7788;53.538599999999995;29.4374;44.125699999999995;36.120599999999996;35.252900000000004;27.8744;36.120599999999996;46.101699999999994;36.9705;37.224199999999996;43.485800000000005;34.3127;31.567400000000003;29.4374;35.1157;28.5497;36.3946;27.3498;27.2055;37.579800000000006;27.9805;36.120599999999996;33.3853;28.5497;37.224199999999996;32.0236;27.8744;32.0236;23.962;26.496;27.8744;26.7469;24.7095;28.225900000000003;26.3929;25.104599999999998;37.1178;30.573;26.332900000000002;34.4589;28.5497;32.0236;27.0251;25.5291;12.2998;22.161900000000003;25.605900000000002;23.9885;37.3062;13.3557;22.5203;21.4559;23.962;18.443900000000003;20.7336;21.7415;20.7336;19.3266;8.434700000000001;21.7415;22.5203;37.1178;16.187;16.9945;16.9945;22.4347;21.3042;19.48;17.6993;17.6993;22.4347;22.417;20.8138;19.3266;21.3042;19.48;22.5203;22.4347;16.9945;21.3905;24.174799999999998;16.6451;6.521100000000001;22.567;13.5189;12.993799999999998;13.5189;16.187;6.521100000000001;15.6543;14.0524;19.6457;21.3042;9.1431;21.3905;7.0036000000000005;13.5189;27.699099999999998;8.0008;9.1909;0.0;11.5109;6.8119;21.5285;15.2639;13.5444;13.5444;31.7491;12.2896;13.1402;10.4748;43.3949;38.3157;45.530800000000006;32.6587;52.1976;26.4894;40.152300000000004;39.7044;44.5208;37.8599;33.5479;37.8599;41.072;32.6587;39.9455;47.908300000000004;49.5391;47.7332;58.5266;43.062;43.576800000000006;57.4854;51.844300000000004;59.3994;53.9426;59.5614;64.4458;74.88980000000001;66.3682;37.6925;39.969800000000006;38.289;46.063199999999995;37.9535;48.8206;44.9759;39.2513;33.8845;39.7195;33.1931;30.6558;30.6146;34.4219;39.7195;30.9619;33.1931;29.5762;35.5125;33.907300000000006;28.0477;29.185;36.153400000000005;33.5214;28.0477;33.1931;30.0733;30.7485;28.7841;33.0537;16.5394;19.3781;20.5794;38.410599999999995;36.1361;26.4894;19.0311;33.285599999999995;29.8747;16.0201;19.1043;13.3696;29.5074;20.4312;18.7787;26.4894;26.4894;23.3837;19.1985;24.8347;23.8674;25.024099999999997;16.0201;24.656200000000002;24.8347;23.965700000000002;23.7316;29.835;19.1985;20.6003;18.885099999999998;24.8347;18.7787;19.1985;24.656200000000002;15.209;24.8347;25.024099999999997;17.608700000000002;37.8599;15.7761;26.4894;26.4894;11.5109;23.8674
Union Tornesch 3.;5.051699999999999;9.464799999999999;9.5591;12.4333;23.1328;12.7829;18.7551;7.9918000000000005;14.9109;11.335700000000001;11.0529;10.235700000000001;9.961799999999998;54.7365;43.581;45.293099999999995;37.3375;44.6177;40.4814;39.079;43.581;41.6327;58.5938;37.3375;42.6916;41.686699999999995;57.2041;47.7911;58.740300000000005;48.0069;51.448;67.9845;59.718;54.2026;57.758199999999995;44.8813;64.7632;75.2072;67.796;60.048;57.2041;40.4814;33.1029;31.0153;41.185199999999995;41.2452;43.934599999999996;39.079;39.2495;31.0153;38.781099999999995;36.0762;42.6916;43.8729;40.971599999999995;58.740300000000005;37.399;41.2452;33.8632;43.670199999999994;44.8813;49.1953;31.539900000000003;35.1066;34.444300000000005;57.2041;33.1029;47.7911;39.7861;38.9184;31.539900000000003;39.7861;49.767199999999995;40.636;40.8896;47.151300000000006;37.9781;35.232800000000005;33.1029;38.781099999999995;32.2151;40.0601;31.0153;30.871;41.2452;31.646;39.7861;37.0508;32.2151;40.8896;35.689099999999996;31.539900000000003;35.689099999999996;25.9158;30.1614;31.539900000000003;30.4124;28.375;31.8914;30.0583;28.7701;40.783300000000004;34.2385;29.9984;38.1244;32.2151;35.689099999999996;30.6906;29.194599999999998;16.2741;25.8273;29.2714;25.942400000000003;40.971599999999995;17.33;26.1858;25.121299999999998;25.9158;22.1094;24.399099999999997;25.4069;24.399099999999997;22.992099999999997;12.409;25.4069;26.1858;40.783300000000004;21.835099999999997;20.6599;20.6599;26.1002;24.9697;23.145400000000002;27.2718;27.2718;26.1002;26.0825;24.4793;22.992099999999997;24.9697;23.145400000000002;26.1858;26.1002;20.6599;25.0559;27.8402;26.702;13.517700000000001;26.232400000000002;18.1692;16.1964;18.1692;21.835099999999997;13.517700000000001;22.5138;19.700400000000002;26.278200000000002;24.9697;13.4139;25.0559;7.8313999999999995;18.1692;18.7551;9.954600000000001;5.051699999999999;11.5109;0.0;7.988300000000001;12.3992;26.645599999999998;18.1772;18.1772;22.9563;16.6625;9.5804;13.1356;45.142300000000006;44.9251;47.2782;34.406099999999995;53.945;28.2367;41.8996;41.451699999999995;46.2681;39.6072;40.157300000000006;39.6072;42.819300000000005;34.406099999999995;41.692800000000005;49.6556;51.2864;49.480599999999995;60.273900000000005;44.809400000000004;45.3242;59.232699999999994;53.591699999999996;61.146699999999996;55.69;61.308699999999995;66.19319999999999;76.63719999999999;68.1156;39.4399;41.7172;40.036300000000004;47.8106;39.700900000000004;50.568;46.7232;40.998599999999996;35.631800000000005;41.466800000000006;34.940400000000004;32.4031;32.362;36.1693;41.466800000000006;32.7093;34.940400000000004;31.3236;37.259800000000006;35.6547;29.795;30.932299999999998;37.9007;35.268699999999995;29.795;34.940400000000004;31.8206;32.4958;30.5314;34.8011;18.6944;20.7445;22.326700000000002;40.1579;37.8835;28.2367;19.8493;35.0329;31.622;17.7675;20.851599999999998;17.7425;31.2548;22.1785;20.5261;28.2367;28.2367;25.1311;27.2725;26.582;25.6148;26.7715;17.7675;26.4035;26.582;25.713099999999997;25.478900000000003;31.5823;27.2725;26.5053;29.6415;26.582;20.5261;27.2725;26.4035;22.478900000000003;26.582;26.7715;26.6251;39.6072;22.7345;28.2367;28.2367;0.0;25.6148
Heist 1.;5.6719;13.5387;9.9155;19.382900000000003;30.0824;12.337399999999999;25.7047;0.0;6.919;14.3508;18.0025;10.6422;13.8696;54.526900000000005;43.3714;45.0835;37.127900000000004;44.4081;40.271800000000006;38.8694;43.3714;41.4231;58.3842;37.127900000000004;42.482;41.4771;64.1537;50.496300000000005;69.89460000000001;50.7121;58.3976;74.9341;62.423199999999994;56.9078;60.4634;47.5865;67.46839999999999;77.91239999999999;70.5012;62.7532;64.1537;40.271800000000006;35.808099999999996;33.7205;40.9756;43.9504;43.725;38.8694;39.0399;33.7205;41.4863;38.7813;42.482;46.5781;43.6768;69.89460000000001;40.1042;43.9504;36.568400000000004;45.7857;47.5865;56.1449;38.4894;38.7621;37.468599999999995;64.1537;35.808099999999996;50.496300000000005;46.735699999999994;45.868;38.4894;46.735699999999994;56.716800000000006;47.5856;47.8392;54.1009;40.6833;42.1824;35.808099999999996;41.4863;39.164699999999996;47.009699999999995;33.7205;37.8205;43.9504;38.5956;46.735699999999994;44.0004;39.164699999999996;47.8392;42.6387;38.4894;42.6387;29.417;37.111;38.4894;37.362;35.3246;38.841;37.0079;35.719699999999996;47.7329;41.1881;36.948;45.074;39.164699999999996;42.6387;37.6402;36.1442;17.7548;32.776900000000005;36.221;29.4435;43.6768;18.8107;28.1768;32.0709;29.417;29.059;31.3487;32.3565;31.3487;29.9417;13.889700000000001;32.3565;28.1768;47.7329;22.61;23.012400000000003;23.012400000000003;33.049800000000005;31.9193;25.7617;24.1222;24.1222;33.049800000000005;33.0321;31.428900000000002;29.9417;31.9193;25.7617;28.1768;33.049800000000005;23.012400000000003;27.8712;30.2069;14.5416;12.7286;33.182;10.177299999999999;19.416700000000002;10.177299999999999;22.61;12.7286;22.0772;20.4753;26.0686;31.9193;15.566;27.8712;1.3413;10.177299999999999;25.7047;13.4558;5.6719;6.8119;7.988300000000001;0.0;19.4591;14.4659;10.1889;10.1889;30.0162;17.7446;9.6211;5.1473;44.9393;44.707800000000006;47.075199999999995;36.3992;53.7421;29.878400000000003;41.6967;41.2488;46.0652;39.404300000000006;39.9399;39.404300000000006;42.6164;36.3992;43.5388;56.7155;58.3463;51.8277;70.23389999999999;47.1565;47.6713;61.2259;55.5848;63.139900000000004;57.683099999999996;68.3686;68.1863;78.6304;75.1755;41.787;48.7771;47.096199999999996;54.8705;46.7608;57.627900000000004;53.7831;48.0585;42.6917;48.5267;42.0003;39.463;39.4219;43.2292;48.5267;39.7692;42.0003;38.3835;44.3197;42.7146;36.8549;37.9922;40.2479;42.3286;36.8549;42.0003;38.8805;39.555699999999995;37.591300000000004;41.861;21.994400000000002;27.8044;29.386599999999998;47.217800000000004;44.943400000000004;29.878400000000003;26.909200000000002;42.092800000000004;38.6819;24.8274;27.9115;18.8246;38.314699999999995;29.238400000000002;23.5358;29.878400000000003;29.878400000000003;32.191;25.5906;33.6419;32.6747;33.831300000000006;24.8274;33.4634;33.6419;27.2257;32.5388;33.9065;25.5906;26.9923;25.277099999999997;33.6419;23.5358;25.5906;33.4634;21.601;33.6419;33.831300000000006;24.000700000000002;39.404300000000006;22.1681;29.878400000000003;29.878400000000003;7.9918000000000005;32.6747
Rantzau 2.;16.519;10.328700000000001;12.9283;0.0;8.3497;20.2208;9.0551;19.4591;26.3781;7.6789;7.415;17.0038;8.4587;61.5045;50.3491;52.061099999999996;44.105599999999995;51.3857;47.2495;45.8471;50.3491;48.400800000000004;65.3619;44.105599999999995;49.4597;48.454699999999995;63.972199999999994;54.5592;65.5084;54.7749;58.2161;74.7526;66.486;60.970699999999994;64.5263;51.6494;71.5313;81.9753;74.56410000000001;66.8161;63.972199999999994;47.2495;39.871;37.783300000000004;47.953300000000006;48.0133;50.7026;45.8471;46.0176;37.783300000000004;45.5492;42.844199999999994;49.4597;50.6409;47.7397;65.5084;44.1671;48.0133;40.6313;50.438199999999995;51.6494;55.9634;38.307900000000004;41.8747;41.212300000000006;63.972199999999994;39.871;54.5592;46.5541;45.6864;38.307900000000004;46.5541;56.535199999999996;47.4041;47.6577;53.9193;44.746199999999995;42.0009;39.871;45.5492;38.9832;46.8281;37.783300000000004;37.639;48.0133;38.414;46.5541;43.8189;38.9832;47.6577;42.4572;38.307900000000004;42.4572;21.2228;23.3765;38.307900000000004;37.1804;35.1431;26.220299999999998;36.8264;35.538199999999996;35.5734;29.4659;36.766400000000004;38.2449;38.9832;42.4572;37.4586;35.9626;23.042099999999998;32.5954;36.0394;22.0623;47.7397;24.098;32.9538;31.889400000000002;21.2228;28.8774;31.167099999999998;32.175;31.167099999999998;29.7602;19.177;32.175;32.9538;35.5734;28.6032;27.428;27.428;32.868199999999995;31.7378;29.9135;34.0398;34.0398;32.868199999999995;32.8505;31.2473;29.7602;31.7378;29.9135;32.9538;32.868199999999995;27.428;31.824;34.6083;33.470099999999995;20.2858;33.0005;30.308799999999998;22.9644;30.308799999999998;28.6032;20.2858;29.2819;26.4685;33.0463;31.7378;24.2147;31.824;19.298599999999997;30.308799999999998;9.0551;16.7227;16.519;21.5285;12.3992;19.4591;0.0;33.9739;30.518099999999997;30.518099999999997;8.4002;23.9909;12.9118;27.4486;52.4706;52.2535;54.6065;41.7345;61.2734;35.5651;49.228;48.7801;53.5965;46.9356;47.485699999999994;46.9356;50.1477;41.7345;49.0212;56.984;58.6148;56.809;67.6023;52.137699999999995;52.6526;66.56110000000001;60.9201;68.47510000000001;63.0184;68.6371;73.5215;83.96560000000001;75.444;46.7683;49.0455;37.4298;55.1389;47.029300000000006;57.896300000000004;44.6945;38.3921;42.9602;48.795199999999994;42.268800000000006;39.7315;39.6903;43.497699999999995;48.795199999999994;40.037699999999994;42.268800000000006;38.652;34.6533;42.9831;37.123400000000004;38.2607;45.229099999999995;32.6622;37.123400000000004;42.268800000000006;39.149;39.8242;37.8598;42.129400000000004;18.5793;14.3785;29.655099999999997;39.0306;34.4702;35.5651;16.305;29.7517;26.340799999999998;25.0959;28.18;25.0709;22.7453;29.5069;27.854400000000002;35.5651;35.5651;32.4595;34.6009;33.9104;32.9431;34.0998;25.0959;33.7319;33.9104;33.0414;32.807300000000005;38.9107;34.6009;33.8337;36.9699;33.9104;27.854400000000002;34.6009;33.7319;29.807299999999998;33.9104;34.0998;33.9534;46.9356;30.062900000000003;35.5651;35.5651;12.4333;32.9431
Rissen 1.;20.1378;30.6415;24.381400000000003;33.9739;44.3095;25.981;39.9319;14.4659;17.8137;32.5124;32.5935;18.1621;31.1385;40.3524;29.196900000000003;30.909;22.953400000000002;30.2336;26.0973;24.6949;29.196900000000003;27.2486;44.2097;22.953400000000002;28.3075;27.302599999999998;47.0488;37.032300000000006;55.720099999999995;37.2481;41.2928;57.8292;48.959199999999996;43.4438;46.9994;34.1225;54.004400000000004;64.4484;57.0372;49.289300000000004;47.0488;26.0973;22.344099999999997;20.2565;26.801099999999998;30.4864;29.5505;24.6949;24.8655;20.2565;28.022299999999998;28.3496;28.3075;33.1141;30.212799999999998;55.720099999999995;26.6402;30.4864;23.104400000000002;32.3217;34.1225;39.040099999999995;22.1502;25.2982;24.0047;47.0488;22.344099999999997;37.032300000000006;27.9629;28.763099999999998;22.1502;27.9629;39.6119;30.480700000000002;29.0664;36.996;27.2193;25.9612;22.344099999999997;28.022299999999998;23.7989;29.904799999999998;20.2565;22.4548;30.4864;23.2298;27.9629;25.2276;23.7989;29.0664;23.8659;22.1502;23.8659;35.5899;26.154799999999998;22.1502;21.9962;19.9588;27.884700000000002;22.0117;20.353900000000003;36.7766;30.2318;21.5822;34.1177;23.7989;23.8659;26.6839;20.7784;19.663400000000003;17.411099999999998;25.2647;34.1738;30.212799999999998;19.171200000000002;14.3931;21.1147;35.5899;17.2057;15.982899999999999;17.8238;15.982899999999999;14.575899999999999;17.025599999999997;17.8238;14.3931;36.7766;7.6762;12.2533;12.2533;15.564200000000001;16.5582;14.6609;9.4315;9.4315;15.564200000000001;16.6995;14.6738;14.575899999999999;16.5582;14.6609;14.3931;15.564200000000001;12.2533;14.4073;16.742900000000002;0.0;16.0531;16.3367;6.4511;10.773;6.4511;7.6762;16.0531;6.3486;9.4945;11.8941;16.5582;11.6926;14.4073;15.8072;6.4511;39.9319;20.9757;20.1378;15.2639;26.645599999999998;14.4659;33.9739;0.0;6.546;6.546;43.6907;19.685;24.1627;11.1731;30.809099999999997;30.5775;32.945;22.9773;39.6118;16.4565;27.5664;27.1185;31.934900000000003;25.274;25.8096;25.274;28.486099999999997;22.9773;29.4085;38.6319;40.262699999999995;38.405800000000006;56.1036;33.7345;34.2494;47.804;42.1629;49.7179;44.261199999999995;50.285;54.7644;65.2084;57.0919;28.365099999999998;30.6935;38.3808;36.7869;28.765;39.5443;49.3991;32.294;26.714;30.530900000000003;23.6418;23.4853;23.4441;25.233400000000003;30.530900000000003;22.0126;23.6418;22.4058;29.1077;26.736900000000002;20.877200000000002;22.0145;26.8259;33.6132;20.877200000000002;23.6418;20.9061;23.578;21.613599999999998;23.865099999999998;23.0469;35.1336;21.6144;38.5024;36.2279;16.4565;35.2989;33.3774;29.9665;15.3786;17.6846;19.156200000000002;29.5992;14.6227;13.385;16.4565;16.4565;16.2133;11.4603;15.5972;16.696900000000003;16.373;15.3786;16.3811;15.5972;13.803700000000001;15.586;20.4845;11.4603;12.862;9.008799999999999;15.5972;13.385;11.4603;16.3811;6.1552;15.5972;16.373;9.4281;25.274;10.310799999999999;16.4565;16.4565;26.702;16.696900000000003
Cosmos Wedel 1.;15.860700000000001;27.1857;20.104400000000002;30.518099999999997;40.853699999999996;21.704;36.476099999999995;10.1889;13.536700000000002;29.0566;29.137700000000002;13.9642;27.6827;44.323800000000006;33.1683;34.8804;26.924799999999998;34.205;30.0687;28.6663;33.1683;31.22;48.1811;26.924799999999998;32.2789;31.274;51.020199999999996;41.003699999999995;59.6915;41.2195;45.264199999999995;61.800599999999996;52.9306;47.4152;50.970800000000004;38.093900000000005;57.9758;68.41980000000001;61.0086;53.2607;51.020199999999996;30.0687;26.3155;24.2279;30.7725;34.457800000000006;33.5219;28.6663;28.8369;24.2279;31.9937;32.321;32.2789;37.0855;34.1842;59.6915;30.6116;34.457800000000006;27.0758;36.293099999999995;38.093900000000005;43.0115;26.121599999999997;29.269599999999997;27.9761;51.020199999999996;26.3155;41.003699999999995;31.9343;32.7345;26.121599999999997;31.9343;43.5833;34.4521;33.037800000000004;40.967400000000005;31.1907;29.932599999999997;26.3155;31.9937;27.7703;33.8762;24.2279;26.4262;34.457800000000006;27.2012;31.9343;29.199;27.7703;33.037800000000004;27.8373;26.121599999999997;27.8373;32.739;33.230599999999995;26.121599999999997;25.967599999999997;23.9302;34.9606;33.1275;24.3253;43.8524;37.3077;25.5536;41.1935;27.7703;27.8373;33.759800000000006;24.7498;21.0557;21.3825;32.3406;32.7655;34.1842;22.1116;18.3645;28.1905;32.739;25.1786;19.9543;21.7952;19.9543;18.5473;17.1906;21.7952;18.3645;43.8524;11.6476;16.224700000000002;16.224700000000002;19.5356;20.5296;18.6323;13.402899999999999;13.402899999999999;19.5356;20.670900000000003;18.6452;18.5473;20.5296;18.6323;18.3645;19.5356;16.224700000000002;18.378700000000002;20.714299999999998;6.546;11.8552;20.3081;0.0;18.5433;0.0;11.6476;11.8552;10.6341;13.4659;15.8655;20.5296;14.6926;18.378700000000002;11.5302;0.0;36.476099999999995;16.7778;15.860700000000001;13.5444;18.1772;10.1889;30.518099999999997;6.546;0.0;0.0;40.5294;21.0505;19.7985;6.8088999999999995;34.7956;34.564;36.9315;26.9638;43.5983;20.443;31.5529;31.1051;35.9214;29.2605;29.7961;29.2605;32.4726;26.9638;33.395;42.6184;44.249199999999995;42.392300000000006;60.0901;37.7211;38.2359;51.7905;46.1494;53.7044;48.247699999999995;54.2715;58.7509;69.19489999999999;61.0784;32.3516;34.68;43.003800000000005;40.7734;32.7515;43.530800000000006;49.6907;36.2805;30.7005;34.5174;27.6283;27.471799999999998;27.4306;29.219900000000003;34.5174;25.9991;27.6283;26.3923;40.2273;30.7234;24.8637;26.001;30.8124;38.2362;24.8637;27.6283;24.892599999999998;27.5645;25.600099999999998;27.8517;25.3197;28.1583;25.2942;43.1254;40.8509;20.443;27.811400000000003;38.0004;34.5895;20.734900000000003;23.8191;22.1305;34.222199999999994;18.6092;17.3715;20.443;20.443;20.1998;15.4468;19.5837;20.683400000000002;20.359599999999997;20.734900000000003;20.3676;19.5837;17.790200000000002;19.5725;24.471;15.4468;16.8485;13.7449;19.5837;17.3715;15.4468;20.3676;10.6296;19.5837;20.359599999999997;13.4146;29.2605;14.2973;20.443;20.443;18.1692;20.683400000000002
Roland Wedel 1.;15.860700000000001;27.1857;20.104400000000002;30.518099999999997;40.853699999999996;21.704;36.476099999999995;10.1889;13.536700000000002;29.0566;29.137700000000002;13.9642;27.6827;44.323800000000006;33.1683;34.8804;26.924799999999998;34.205;30.0687;28.6663;33.1683;31.22;48.1811;26.924799999999998;32.2789;31.274;51.020199999999996;41.003699999999995;59.6915;41.2195;45.264199999999995;61.800599999999996;52.9306;47.4152;50.970800000000004;38.093900000000005;57.9758;68.41980000000001;61.0086;53.2607;51.020199999999996;30.0687;26.3155;24.2279;30.7725;34.457800000000006;33.5219;28.6663;28.8369;24.2279;31.9937;32.321;32.2789;37.0855;34.1842;59.6915;30.6116;34.457800000000006;27.0758;36.293099999999995;38.093900000000005;43.0115;26.121599999999997;29.269599999999997;27.9761;51.020199999999996;26.3155;41.003699999999995;31.9343;32.7345;26.121599999999997;31.9343;43.5833;34.4521;33.037800000000004;40.967400000000005;31.1907;29.932599999999997;26.3155;31.9937;27.7703;33.8762;24.2279;26.4262;34.457800000000006;27.2012;31.9343;29.199;27.7703;33.037800000000004;27.8373;26.121599999999997;27.8373;32.739;33.230599999999995;26.121599999999997;25.967599999999997;23.9302;34.9606;33.1275;24.3253;43.8524;37.3077;25.5536;41.1935;27.7703;27.8373;33.759800000000006;24.7498;21.0557;21.3825;32.3406;32.7655;34.1842;22.1116;18.3645;28.1905;32.739;25.1786;19.9543;21.7952;19.9543;18.5473;17.1906;21.7952;18.3645;43.8524;11.6476;16.224700000000002;16.224700000000002;19.5356;20.5296;18.6323;13.402899999999999;13.402899999999999;19.5356;20.670900000000003;18.6452;18.5473;20.5296;18.6323;18.3645;19.5356;16.224700000000002;18.378700000000002;20.714299999999998;6.546;11.8552;20.3081;0.0;18.5433;0.0;11.6476;11.8552;10.6341;13.4659;15.8655;20.5296;14.6926;18.378700000000002;11.5302;0.0;36.476099999999995;16.7778;15.860700000000001;13.5444;18.1772;10.1889;30.518099999999997;6.546;0.0;0.0;40.5294;21.0505;19.7985;6.8088999999999995;34.7956;34.564;36.9315;26.9638;43.5983;20.443;31.5529;31.1051;35.9214;29.2605;29.7961;29.2605;32.4726;26.9638;33.395;42.6184;44.249199999999995;42.392300000000006;60.0901;37.7211;38.2359;51.7905;46.1494;53.7044;48.247699999999995;54.2715;58.7509;69.19489999999999;61.0784;32.3516;34.68;43.003800000000005;40.7734;32.7515;43.530800000000006;49.6907;36.2805;30.7005;34.5174;27.6283;27.471799999999998;27.4306;29.219900000000003;34.5174;25.9991;27.6283;26.3923;40.2273;30.7234;24.8637;26.001;30.8124;38.2362;24.8637;27.6283;24.892599999999998;27.5645;25.600099999999998;27.8517;25.3197;28.1583;25.2942;43.1254;40.8509;20.443;27.811400000000003;38.0004;34.5895;20.734900000000003;23.8191;22.1305;34.222199999999994;18.6092;17.3715;20.443;20.443;20.1998;15.4468;19.5837;20.683400000000002;20.359599999999997;20.734900000000003;20.3676;19.5837;17.790200000000002;19.5725;24.471;15.4468;16.8485;13.7449;19.5837;17.3715;15.4468;20.3676;10.6296;19.5837;20.359599999999997;13.4146;29.2605;14.2973;20.443;20.443;18.1692;20.683400000000002
Hörnerkirchen 1.;27.0761;18.541700000000002;23.0236;8.4002;0.0;30.3161;9.039;30.0162;36.935199999999995;13.344700000000001;14.7054;27.224400000000003;14.1245;71.72510000000001;60.5697;62.281699999999994;54.3262;61.606300000000005;57.470099999999995;56.067699999999995;60.5697;58.6214;75.5825;54.3262;59.6803;58.6753;74.1928;64.77980000000001;75.729;64.9955;68.4367;84.97319999999999;76.70660000000001;71.1913;74.7469;61.87;81.75189999999999;92.1959;84.7847;77.0367;74.1928;57.470099999999995;50.0916;48.0039;58.1739;58.2339;60.923199999999994;56.067699999999995;56.2382;48.0039;55.769800000000004;53.064800000000005;59.6803;60.8615;57.960300000000004;75.729;54.387699999999995;58.2339;50.8519;60.6588;61.87;66.184;48.5285;52.0953;51.432900000000004;74.1928;50.0916;64.77980000000001;56.774699999999996;55.907;48.5285;56.774699999999996;66.75580000000001;57.6247;57.8783;64.1399;54.966800000000006;52.2215;50.0916;55.769800000000004;49.2038;57.0487;48.0039;47.8596;58.2339;48.6346;56.774699999999996;54.0395;49.2038;57.8783;52.677800000000005;48.5285;52.677800000000005;28.513099999999998;30.666900000000002;48.5285;47.401;45.363699999999994;48.8801;47.047;45.7588;42.863800000000005;51.2271;46.987;55.113;49.2038;52.677800000000005;47.679199999999994;46.1833;33.262699999999995;42.816;46.26;29.3526;57.960300000000004;34.3187;43.1744;42.11;28.513099999999998;39.098;41.387699999999995;42.3956;41.387699999999995;39.9808;29.3977;42.3956;43.1744;42.863800000000005;38.823800000000006;37.6486;37.6486;43.0889;41.958400000000005;40.1341;44.260400000000004;44.260400000000004;43.0889;43.0711;41.4679;39.9808;41.958400000000005;40.1341;43.1744;43.0889;37.6486;42.044599999999996;44.828900000000004;43.6907;30.506400000000003;43.2211;40.5294;33.1851;40.5294;38.823800000000006;30.506400000000003;39.5025;36.689099999999996;43.2669;41.958400000000005;34.435300000000005;42.044599999999996;29.855700000000002;40.5294;9.039;26.9433;27.0761;31.7491;22.9563;30.0162;8.4002;43.6907;40.5294;40.5294;0.0;34.3265;23.5757;37.7842;62.8062;62.5891;64.9421;52.07;71.60889999999999;45.9007;59.5636;59.1157;63.9321;57.2712;57.8212;57.2712;60.4833;52.07;59.3568;67.31960000000001;68.95039999999999;67.1445;77.9379;62.4733;62.988099999999996;76.8967;71.2556;78.8107;73.3539;78.9727;83.8571;94.3011;85.7795;57.1038;59.381099999999996;57.700300000000006;65.4745;57.3648;68.2319;64.38719999999999;58.6626;53.2958;59.1308;52.6044;50.067099999999996;50.0259;53.8332;59.1308;50.3732;52.6044;48.9875;54.9238;53.318599999999996;47.459;48.596199999999996;55.564699999999995;52.9327;47.459;52.6044;49.4846;50.159800000000004;48.1954;52.465;25.7775;21.576700000000002;39.9907;57.8219;55.5474;45.9007;23.5032;52.6969;49.286;35.431400000000004;38.5156;35.4065;29.9436;39.8425;38.19;45.9007;45.9007;42.795;44.9365;44.2459;43.2787;44.4354;35.431400000000004;44.0675;44.2459;43.377;43.142900000000004;49.246300000000005;44.9365;44.1692;47.3055;44.2459;38.19;44.9365;44.0675;40.142900000000004;44.2459;44.4354;44.289;57.2712;40.3985;45.9007;45.9007;23.1328;43.2787
Tangstedt 1.;20.7823;20.6585;25.1403;23.9909;34.3265;28.5135;29.9488;17.7446;25.6918;22.529400000000003;13.5606;10.3905;21.1555;45.1329;33.9775;35.6895;27.734;35.0141;30.8779;29.4755;33.9775;32.0292;48.990300000000005;27.734;33.088;32.0831;47.6006;38.187599999999996;49.1368;38.4033;41.8445;58.381;50.1144;44.5991;48.1547;35.277800000000006;55.159699999999994;65.6037;58.1925;50.4445;47.6006;30.8779;23.4994;21.4117;31.581599999999998;31.6417;34.331;29.4755;29.646;21.4117;29.177599999999998;26.4726;33.088;34.2693;31.3681;49.1368;27.7955;31.6417;24.259700000000002;34.0666;35.277800000000006;39.591800000000006;21.9363;25.5031;24.840700000000002;47.6006;23.4994;38.187599999999996;26.416900000000002;29.314799999999998;21.9363;26.416900000000002;40.163599999999995;31.032400000000003;27.5205;37.5477;28.374599999999997;22.9984;23.4994;29.177599999999998;22.6116;30.4565;21.4117;21.5597;31.6417;22.1726;26.416900000000002;23.6816;22.6116;27.5205;22.3199;21.9363;22.3199;15.5412;13.0635;21.9363;20.808799999999998;18.7715;15.6836;16.945;16.5356;24.5755;18.9292;20.3948;23.8131;22.6116;22.3199;17.5772;19.591;0.0;16.2238;14.2741;15.5678;31.3681;5.0531999999999995;16.5822;11.6991;15.5412;8.6929;14.7955;13.8154;14.7955;13.3886;3.8564000000000003;13.8154;16.5822;24.5755;14.472700000000001;11.0564;11.0564;16.496599999999997;15.366200000000001;13.5419;17.668200000000002;17.668200000000002;16.496599999999997;16.478900000000003;14.8757;13.3886;15.366200000000001;13.5419;16.5822;16.496599999999997;11.0564;15.452399999999999;18.2367;19.685;8.424100000000001;16.6289;21.0505;9.9459;21.0505;14.472700000000001;8.424100000000001;15.496799999999999;12.338;16.6747;15.366200000000001;10.5084;15.452399999999999;23.562;21.0505;29.9488;5.699;20.7823;12.2896;16.6625;17.7446;23.9909;19.685;21.0505;21.0505;34.3265;0.0;25.348200000000002;17.986099999999997;36.1083;35.8911;38.2442;25.3721;44.911;19.2027;32.8656;32.4178;37.2341;30.5732;31.1233;30.5732;33.7853;25.3721;32.6588;40.6216;42.2524;40.4466;51.2399;35.775400000000005;36.2902;50.198699999999995;44.5577;52.1127;46.656;52.274699999999996;57.1592;67.6032;59.0816;30.405900000000003;32.6832;26.7208;38.7766;26.5221;34.4399;33.528800000000004;27.6831;22.8633;28.2881;25.9064;19.5669;19.5258;22.990599999999997;28.2881;20.8085;25.9064;21.4734;23.9443;22.8861;17.8942;19.0315;28.8667;21.953200000000002;17.8942;25.9064;22.7866;19.659599999999998;18.630599999999998;21.6223;6.663600000000001;11.084700000000002;10.1597;26.035700000000002;23.761200000000002;19.2027;10.6078;19.0427;15.6318;5.103;7.7715;5.0531999999999995;15.2645;13.1445;11.4921;19.2027;19.2027;16.0971;18.2385;17.548;13.6417;17.7375;5.103;17.3695;17.548;16.6791;16.4449;22.548299999999998;18.2385;17.4713;20.6075;17.548;11.4921;18.2385;17.3695;15.4967;17.548;17.7375;17.591099999999997;30.5732;13.7005;19.2027;19.2027;16.2741;13.6417
Lieth 2.;6.056;4.8359;0.0;12.9118;23.5757;8.5052;9.8625;9.6211;15.135;5.648;17.4712;13.9626;5.1668;63.8106;52.655199999999994;54.3672;46.411699999999996;53.6918;49.5556;48.1532;52.655199999999994;50.706900000000005;67.668;46.411699999999996;51.765699999999995;50.7608;66.2783;56.865300000000005;67.8145;57.081;60.5222;77.05860000000001;68.7921;63.2768;66.83239999999999;53.9555;73.83739999999999;84.28139999999999;76.8702;69.12219999999999;66.2783;49.5556;42.177;40.089400000000005;50.2593;50.3194;53.0087;48.1532;48.323699999999995;40.089400000000005;47.8553;45.1503;51.765699999999995;52.947;50.0458;67.8145;46.4732;50.3194;42.937400000000004;52.7443;53.9555;58.2695;40.614;44.180800000000005;43.5184;66.2783;42.177;56.865300000000005;48.8602;47.9925;40.614;48.8602;58.841300000000004;49.7101;49.963800000000006;56.2254;47.0523;44.307;42.177;47.8553;41.289300000000004;49.1342;40.089400000000005;39.9451;50.3194;40.720099999999995;48.8602;46.124900000000004;41.289300000000004;49.963800000000006;44.7632;40.614;44.7632;34.99;39.2356;40.614;39.4865;37.4492;40.9655;39.1325;37.844199999999994;49.8574;43.312599999999996;39.0725;47.1985;41.289300000000004;44.7632;39.7647;38.268699999999995;25.348200000000002;34.9015;38.3455;35.0165;50.0458;26.4041;35.2599;34.1955;34.99;31.1835;33.4732;34.4811;33.4732;32.0663;21.4831;34.4811;35.2599;49.8574;30.909299999999998;29.734099999999998;29.734099999999998;35.1743;34.0439;32.2196;36.3459;36.3459;35.1743;35.1566;33.5534;32.0663;34.0439;32.2196;35.2599;35.1743;29.734099999999998;34.1301;36.9144;24.1627;22.591900000000003;35.306599999999996;19.7985;25.2705;19.7985;30.909299999999998;22.591900000000003;31.588;28.7746;35.3524;34.0439;20.727700000000002;34.1301;9.460700000000001;19.7985;9.8625;19.0288;6.056;13.1402;9.5804;9.6211;12.9118;24.1627;19.7985;19.7985;23.5757;25.348200000000002;0.0;15.0628;53.62;53.4029;55.755900000000004;42.883900000000004;62.4228;36.7145;50.3774;49.9295;54.7459;48.085;48.635;48.085;51.2971;42.883900000000004;50.1706;58.1334;59.764199999999995;57.9583;68.7517;53.287099999999995;53.802;67.7105;62.0694;69.6245;64.1678;69.7865;74.67089999999999;85.115;76.59339999999999;47.917699999999996;50.194900000000004;48.5141;56.2883;48.1787;59.0457;55.201;49.4764;44.1096;49.9446;43.4182;40.880900000000004;40.8397;44.6471;49.9446;41.1871;43.4182;39.801300000000005;45.7376;44.1325;38.272800000000004;39.4101;46.3785;43.7465;38.272800000000004;43.4182;40.2984;40.9736;39.0092;43.278800000000004;27.1722;28.7194;30.8045;48.6357;46.3613;36.7145;29.6639;43.5107;40.0998;26.2452;29.3294;26.220299999999998;39.7326;30.656299999999998;29.0038;36.7145;36.7145;33.6089;35.7503;35.0598;34.0925;35.249199999999995;26.2452;34.8813;35.0598;34.1908;33.9567;40.0601;35.7503;34.983;38.1193;35.0598;29.0038;35.7503;34.8813;30.9567;35.0598;35.249199999999995;35.1028;48.085;31.2123;36.7145;36.7145;9.5591;34.0925
Holm 1.;10.8192;24.1161;15.0628;27.4486;37.7842;16.6624;33.4065;5.1473;8.862200000000001;25.987;26.068099999999998;10.8946;24.6131;50.584;39.4285;41.1405;33.185;40.465199999999996;36.328900000000004;34.9265;39.4285;37.480199999999996;54.441300000000005;33.185;38.5391;37.5342;56.569900000000004;46.5534;65.9517;46.7691;50.8138;67.3503;58.480199999999996;52.9649;56.5205;43.6436;63.5255;73.9695;66.5583;58.810300000000005;56.569900000000004;36.328900000000004;31.8652;29.7776;37.0327;40.0075;39.782;34.9265;35.097;29.7776;37.5434;34.8384;38.5391;42.6351;39.7339;65.9517;36.161300000000004;40.0075;32.6255;41.842800000000004;43.6436;48.561099999999996;31.5395;34.819199999999995;33.5257;56.569900000000004;31.8652;46.5534;39.7857;38.2842;31.5395;39.7857;49.133;40.0018;40.889300000000006;46.5171;36.7404;35.2325;31.8652;37.5434;32.2147;39.4259;29.7776;30.8706;40.0075;31.645599999999998;39.7857;37.0504;32.2147;40.889300000000006;35.6887;31.5395;35.6887;29.669400000000003;30.161099999999998;31.5395;30.412;28.374599999999997;31.891;30.058;28.7697;40.7829;34.238099999999996;29.998;38.124;32.2147;35.6887;30.6902;29.194200000000002;17.986099999999997;25.826900000000002;29.271;29.696;39.7339;19.042;24.233900000000002;25.121;29.669400000000003;22.109;24.3987;25.406599999999997;24.3987;22.9917;14.121;25.406599999999997;24.233900000000002;40.7829;18.667;19.0695;19.0695;25.0853;24.9693;21.8188;20.179299999999998;20.179299999999998;25.0853;26.082099999999997;24.478900000000003;22.9917;24.9693;21.8188;24.233900000000002;25.0853;19.0695;23.9283;26.264;11.1731;8.7856;26.232;6.8088999999999995;15.473799999999999;6.8088999999999995;18.667;8.7856;18.1343;16.5323;22.125700000000002;24.9693;11.6231;23.9283;6.4886;6.8088999999999995;33.4065;13.708200000000001;10.8192;10.4748;13.1356;5.1473;27.4486;11.1731;6.8088999999999995;6.8088999999999995;37.7842;17.986099999999997;15.0628;0.0;40.9964;40.7648;43.1323;32.4563;49.799099999999996;25.9355;37.753800000000005;37.3059;42.1223;35.461400000000005;35.997;35.461400000000005;38.6735;32.4563;39.5959;48.6457;50.2765;47.884800000000006;66.291;43.2136;43.7284;57.283;51.6419;59.197;53.740199999999994;60.2988;64.24340000000001;74.6874;67.1057;37.8441;40.707300000000004;39.987300000000005;46.8007;39.6518;49.558099999999996;46.6742;40.9496;34.6284;41.4178;33.9305;31.3997;31.3585;36.1202;41.4178;31.7058;33.9305;30.3201;37.210800000000006;34.651300000000006;28.7916;29.928900000000002;36.3049;35.2196;28.7916;33.9305;30.8107;31.4924;29.528;34.752;22.303099999999997;25.1418;22.2776;40.1088;37.8344;25.9355;24.7948;34.9839;31.573;17.718400000000003;20.802599999999998;19.114;31.2057;21.7536;19.5928;25.9355;25.9355;24.1277;21.647599999999997;25.5721;24.6113;25.761599999999998;17.718400000000003;25.4001;25.5721;23.282700000000002;24.469;29.9635;21.647599999999997;23.049400000000002;21.3342;25.5721;19.5928;21.647599999999997;25.4001;17.658099999999997;25.5721;25.761599999999998;20.0578;35.461400000000005;18.2252;25.9355;25.9355;13.139100000000001;24.6113
FSV Harburg-Rönneburg 1.;49.262;49.1382;53.62;52.4706;62.8062;56.993300000000005;58.428599999999996;44.9393;48.654300000000006;51.0091;51.090199999999996;38.8702;49.6352;33.4448;1.8431;4.5973999999999995;17.7105;0.0;8.808;8.7676;1.8431;5.8419;20.8128;17.7105;7.4062;4.5328;39.2766;22.9173;18.417900000000003;26.608;26.6554;50.057;34.844199999999994;29.328799999999998;32.8844;24.271;39.8894;50.333400000000005;42.9222;35.1742;39.2766;8.808;14.5835;14.607;3.8033;20.275;1.5458;8.7676;10.5747;14.607;20.9872;10.9668;7.4062;18.9991;20.0014;18.417900000000003;21.4719;20.275;15.6402;22.0472;24.271;26.01;17.0103;18.4511;17.671400000000002;39.2766;14.5835;22.9173;29.6322;26.0955;17.0103;29.6322;31.8508;27.8131;32.4947;29.2238;22.4902;21.2955;14.5835;20.9872;19.613400000000002;27.2372;14.607;20.9118;20.275;20.6553;29.6322;22.7821;19.613400000000002;32.4947;22.8184;17.0103;22.8184;36.7005;33.6652;17.0103;18.444200000000002;19.2732;30.694;24.6832;20.3323;33.089;30.0329;17.7377;30.5733;19.613400000000002;22.8184;26.2538;19.0973;36.1083;22.013099999999998;28.5753;45.9921;20.0014;33.0509;19.5381;32.933;36.7005;29.921;22.4095;22.58;22.4095;22.0475;35.5223;22.58;19.5381;33.089;24.4354;25.8495;25.8495;19.154799999999998;20.9449;25.5877;22.2052;22.2052;19.154799999999998;18.9253;20.4496;22.0475;20.9449;25.5877;19.5381;19.154799999999998;25.8495;20.493;17.74;30.809099999999997;36.2945;18.2856;34.7956;28.448;34.7956;24.4354;36.2945;26.1253;26.4105;19.7625;20.9449;30.8644;20.493;46.280699999999996;34.7956;58.428599999999996;39.1695;49.262;43.3949;45.142300000000006;44.9393;52.4706;30.809099999999997;34.7956;34.7956;62.8062;36.1083;53.62;40.9964;0.0;25.909599999999998;1.8558;10.6313;29.5393;18.1267;5.800800000000001;3.6551;3.4827;9.5306;9.1071;9.5306;13.1511;10.6313;7.1508;30.4449;25.869400000000002;27.1992;18.4404;22.5087;23.0235;32.195;26.553900000000002;34.109;28.6522;39.5227;39.1554;49.5995;48.904900000000005;20.277099999999997;27.0567;35.5869;28.5999;29.7476;31.388;41.2428;32.0212;27.627200000000002;28.854200000000002;17.3375;20.1621;20.121;22.8259;28.854200000000002;17.5705;17.3375;20.608400000000003;26.700200000000002;27.2085;19.0619;18.6131;20.9417;27.9919;19.0619;17.3375;17.2312;20.2548;17.8203;22.7805;35.2111;43.875699999999995;30.3565;32.8891;30.6147;18.1267;44.041;32.1693;31.5798;30.7077;29.3216;32.216;38.341300000000004;25.0766;25.407;18.1267;18.1267;21.0535;20.4125;19.2905;21.4407;19.0275;30.7077;19.268900000000002;19.2905;22.523799999999998;20.2754;15.347700000000001;20.4125;20.192400000000003;22.1573;19.2905;25.407;20.4125;19.268900000000002;25.5443;19.2905;19.0275;21.649900000000002;9.5306;23.745900000000002;18.1267;18.1267;44.6177;21.4407
Este 06/​70 1.;49.0449;48.921099999999996;53.4029;52.2535;62.5891;56.7761;58.2115;44.707800000000006;48.4227;50.792;50.8731;38.6531;49.418099999999995;12.0731;24.873;26.585;10.022200000000002;25.909599999999998;21.6174;20.215;24.873;22.9247;39.8858;10.022200000000002;23.827599999999997;22.9786;53.4066;37.0473;51.3961;40.738;40.7854;64.187;48.974199999999996;43.458800000000004;47.0144;38.401;54.019400000000005;64.46340000000001;57.0522;49.304300000000005;53.4066;21.6174;25.9636;25.987;22.4771;34.405;25.2265;20.215;20.3855;25.987;35.1172;23.8696;23.827599999999997;33.1291;34.1314;51.3961;31.173299999999998;34.405;27.0203;36.1772;38.401;40.14;28.3903;29.8312;29.0515;53.4066;25.9636;37.0473;37.8738;34.3371;28.3903;37.8738;45.9808;36.0548;40.1154;43.3538;31.7524;32.675599999999996;25.9636;35.1172;30.9934;35.4789;25.987;33.503699999999995;34.405;34.2787;37.8738;36.2765;30.9934;40.1154;34.9148;28.3903;34.9148;47.1911;37.755900000000004;28.3903;29.8243;31.0077;39.4859;33.0606;31.4028;48.3778;41.833;29.1177;45.718900000000005;30.9934;34.9148;38.2851;31.8273;35.8911;28.460099999999997;36.8659;45.7749;34.1314;32.833800000000004;22.7442;32.715900000000005;47.1911;29.7039;27.0318;28.872799999999998;27.0318;25.6248;35.3052;28.872799999999998;22.7442;48.3778;24.2039;25.6324;25.6324;24.6081;27.602400000000003;25.3706;21.973599999999998;21.973599999999998;24.6081;25.862599999999997;24.9129;25.6248;27.602400000000003;25.3706;22.7442;24.6081;25.6324;23.9211;25.155900000000003;30.5775;36.077400000000004;25.0742;34.564;28.2164;34.564;24.2039;36.077400000000004;25.8937;26.178900000000002;19.530900000000003;27.602400000000003;30.6328;23.9211;46.049099999999996;34.564;58.2115;38.9523;49.0449;38.3157;44.9251;44.707800000000006;52.2535;30.5775;34.564;34.564;62.5891;35.8911;53.4029;40.7648;25.909599999999998;0.0;27.8532;22.5876;12.1008;25.1266;22.474700000000002;22.026799999999998;26.8432;20.182299999999998;20.5325;20.182299999999998;17.7333;22.5876;24.131400000000003;51.124199999999995;46.5487;47.8786;51.011900000000004;43.188;43.7029;52.874300000000005;47.2333;54.7883;49.3316;60.202;59.8347;70.2788;69.5842;33.0784;37.0417;47.8495;49.279199999999996;39.9455;52.0673;61.9221;42.0063;33.138;38.8392;29.1442;34.665800000000004;34.6247;36.4139;38.8392;29.377200000000002;29.1442;33.5863;40.288199999999996;33.1609;32.057700000000004;30.4198;31.5393;43.081900000000005;32.057700000000004;29.1442;29.0378;34.7585;29.627;35.0457;35.9377;44.6023;31.083099999999998;47.9711;45.6966;25.1266;44.7676;42.8461;39.435199999999995;31.4344;30.048299999999998;32.9426;39.0679;25.8032;26.133599999999998;25.1266;25.1266;27.3938;21.1391;25.044;27.8775;25.8198;31.4344;25.827900000000003;25.044;23.2505;25.032700000000002;27.1543;21.1391;20.919;22.884;25.044;26.133599999999998;21.1391;25.827900000000003;26.2709;25.044;25.8198;22.3765;20.182299999999998;24.4725;25.1266;25.1266;45.344300000000004;27.8775
Viktoria Harburg 1.;51.3979;51.2741;55.755900000000004;54.6065;64.9421;59.1292;60.5645;47.075199999999995;50.7902;53.145;53.226099999999995;41.006099999999996;51.7711;29.0635;0.0;4.8471;19.846400000000003;1.8558;8.2231;8.1828;0.0;4.862;21.265400000000003;19.846400000000003;6.8213;3.553;38.6917;22.3325;33.281699999999994;26.0232;26.0706;49.4721;34.2593;28.744;32.2996;23.6861;39.3046;49.748599999999996;42.3374;34.589400000000005;38.6917;8.2231;13.998700000000001;14.0221;3.2185;19.6902;0.7797000000000001;8.1828;9.9899;14.0221;20.4023;10.382;6.8213;18.4142;19.4165;33.281699999999994;20.8871;19.6902;15.055299999999999;21.4623;23.6861;25.4252;16.4254;17.8663;17.086599999999997;38.6917;13.998700000000001;22.3325;29.047400000000003;25.5107;16.4254;29.047400000000003;31.265900000000002;27.2283;31.9098;28.638900000000003;21.9054;20.7107;13.998700000000001;20.4023;19.0285;26.6524;14.0221;20.327;19.6902;20.0705;29.047400000000003;22.1973;19.0285;31.9098;22.2336;16.4254;22.2336;49.5441;33.0803;16.4254;17.8594;18.688299999999998;30.109099999999998;24.0983;19.7475;32.5041;29.448;17.1528;29.9885;19.0285;22.2336;25.669;18.512400000000003;38.2442;21.4282;27.9904;48.128;19.4165;35.186800000000005;18.953200000000002;35.0689;49.5441;32.0569;21.8247;21.9952;21.8247;21.4627;37.658199999999994;21.9952;18.953200000000002;32.5041;26.5713;27.985400000000002;27.985400000000002;18.5699;20.36;27.723599999999998;24.341099999999997;24.341099999999997;18.5699;18.3405;19.8648;21.4627;20.36;27.723599999999998;18.953200000000002;18.5699;27.985400000000002;19.9082;17.155099999999997;32.945;38.4304;17.7008;36.9315;30.5839;36.9315;26.5713;38.4304;28.261200000000002;28.546400000000002;21.898400000000002;20.36;33.0003;19.9082;48.416599999999995;36.9315;60.5645;41.3054;51.3979;45.530800000000006;47.2782;47.075199999999995;54.6065;32.945;36.9315;36.9315;64.9421;38.2442;55.755900000000004;43.1323;1.8558;27.8532;0.0;10.4683;28.2915;17.9638;4.9384;2.6184000000000003;2.2349;8.4939;8.9442;8.4939;12.1144;10.4683;6.9879;30.282;25.7065;27.0363;33.0733;22.3458;22.860599999999998;32.0321;26.391;33.946;28.4893;39.3598;38.9925;49.4365;48.742;20.114099999999997;26.8938;35.424;28.4369;29.5846;31.225;41.0799;31.8583;27.464299999999998;28.6913;17.174599999999998;19.999200000000002;19.958;22.663;28.6913;17.4076;17.174599999999998;20.445400000000003;26.5373;27.0455;18.8989;18.450200000000002;20.7788;27.829;18.8989;17.174599999999998;17.0682;20.091900000000003;17.657400000000003;22.6175;34.1744;42.839;29.3198;32.7262;30.4518;17.9638;43.0043;32.0064;31.4168;29.6711;28.2849;31.179299999999998;37.3046;24.039900000000003;24.3703;17.9638;17.9638;20.8906;19.375799999999998;19.127599999999997;21.2778;18.8645;29.6711;19.105900000000002;19.127599999999997;21.487099999999998;20.1124;15.184700000000001;19.375799999999998;19.1557;21.1207;19.127599999999997;24.3703;19.375799999999998;19.105900000000002;24.5076;19.127599999999997;18.8645;20.6132;8.4939;22.7092;17.9638;17.9638;43.581;21.2778
Kosova 2.;38.525800000000004;38.402;42.883900000000004;41.7345;52.07;46.2571;47.6924;36.3992;40.1142;40.2729;40.354;28.134;38.899;48.441199999999995;10.4683;14.1767;14.5808;10.6313;3.9751;3.6264000000000003;10.4683;13.1048;32.749900000000004;14.5808;6.5249;11.7958;31.784;15.424700000000001;26.373900000000003;19.1154;19.1628;42.5644;27.351599999999998;21.836299999999998;25.3918;16.7784;32.3968;42.840900000000005;35.4296;27.6817;31.784;3.9751;3.9852;4.0085999999999995;10.9007;12.782399999999999;9.9481;3.6264000000000003;3.6167;4.0085999999999995;13.4946;2.2471;6.5249;11.5065;12.508799999999999;26.373900000000003;9.1949;12.782399999999999;5.0419;14.5546;16.7784;18.517400000000002;6.411899999999999;7.8528;7.0731;31.784;3.9852;15.424700000000001;15.8955;12.358799999999999;6.411899999999999;15.8955;24.3582;14.0764;16.0226;21.7312;9.774;10.6972;3.9852;13.4946;9.015;13.5005;4.0085999999999995;10.3135;12.782399999999999;10.057;15.8955;12.1838;9.015;16.0226;12.2201;6.411899999999999;12.2201;26.1022;23.0669;6.411899999999999;7.845899999999999;8.6748;20.095599999999997;14.0848;9.734;22.490599999999997;19.4345;7.1393;19.975;9.015;12.2201;15.6555;8.498899999999999;25.3721;11.4148;17.9769;27.2729;12.508799999999999;20.6594;8.9398;19.3985;26.1022;17.5295;11.811200000000001;11.9817;11.811200000000001;11.449200000000001;24.786099999999998;11.9817;8.9398;22.490599999999997;16.6037;14.673200000000001;14.673200000000001;8.5565;10.3465;13.3209;13.770299999999999;13.770299999999999;8.5565;8.327;9.851299999999998;11.449200000000001;10.3465;13.3209;8.9398;8.5565;14.673200000000001;9.8947;7.1416;22.9773;25.558400000000002;7.6873000000000005;26.9638;22.7352;26.9638;16.6037;25.558400000000002;18.2935;17.8704;11.8741;10.3465;22.3243;9.8947;41.3055;26.9638;47.6924;28.4333;38.525800000000004;32.6587;34.406099999999995;36.3992;41.7345;22.9773;26.9638;26.9638;52.07;25.3721;42.883900000000004;32.4563;10.6313;22.5876;10.4683;0.0;47.5078;7.1646;12.7535;10.607899999999999;11.432;16.1162;3.5254000000000003;16.1162;19.7367;0.0;6.2033000000000005;22.2114;20.2404;21.5702;27.6071;16.8797;17.3945;26.566;20.9249;28.4799;23.0232;33.893699999999995;33.5264;43.9704;40.6714;10.3096;14.2729;22.8032;20.3663;14.22;23.1237;32.9786;19.2375;10.369200000000001;16.0705;6.3754;9.2;9.1588;11.8638;16.0705;6.6084;6.3754;9.6462;15.738100000000001;10.392100000000001;8.0997;7.651;8.7705;17.029799999999998;8.0997;6.3754;6.269;9.2927;6.8582;11.818299999999999;25.102400000000003;32.920300000000005;14.303700000000001;21.927;19.6526;7.1646;33.0856;21.2072;20.6177;19.7524;16.2697;21.2606;21.902900000000002;12.9116;14.419;7.1646;7.1646;10.0914;13.0824;8.3284;10.4786;8.0654;19.7524;8.306700000000001;8.3284;9.6021;9.3132;4.3856;13.0824;10.6127;14.895100000000001;8.3284;14.419;13.0824;8.306700000000001;18.2142;8.3284;8.0654;13.681899999999999;16.1162;16.483;7.1646;7.1646;33.6624;10.4786
Buxtehude 1.;58.064699999999995;57.9409;62.4228;61.2734;71.60889999999999;65.796;67.2313;53.7421;57.457;59.811800000000005;59.892900000000004;47.6729;58.4379;0.0;28.2915;26.1335;20.0192;29.5393;35.8994;28.1591;28.2915;28.0961;27.2242;20.0192;43.4266;27.465400000000002;73.31519999999999;56.9559;51.243300000000005;60.6466;60.694;84.0956;68.8828;63.3674;66.923;58.309599999999996;73.928;82.4743;78.1154;69.21289999999999;73.31519999999999;35.8994;49.753699999999995;49.7771;20.8442;54.3136;28.4633;28.1591;28.3296;49.7771;55.025800000000004;48.077400000000004;43.4266;53.037699999999994;54.04;51.243300000000005;55.5105;54.3136;50.8104;56.085800000000006;58.309599999999996;60.0486;52.1804;55.9672;52.8416;73.31519999999999;49.753699999999995;56.9559;63.6708;60.1341;52.1804;63.6708;65.8894;61.851800000000004;66.5333;63.2624;56.5289;61.975699999999996;49.753699999999995;55.025800000000004;54.7835;61.275800000000004;49.7771;56.082;54.3136;55.8255;63.6708;57.9523;54.7835;66.5333;57.9886;52.1804;57.9886;56.2109;46.775800000000004;52.1804;53.6144;54.4433;48.5058;42.0805;40.4227;82.5012;50.8528;52.9078;65.7435;54.7835;57.9886;47.3049;54.2674;44.911;37.4799;45.8857;54.7948;54.04;41.853699999999996;31.7785;41.735699999999994;56.2109;38.723699999999994;36.0516;37.8926;36.0516;34.6447;44.325;37.8926;31.7785;82.5012;33.2382;34.6522;34.6522;33.6424;36.6223;34.3904;31.007900000000003;31.007900000000003;33.6424;34.8969;33.9471;34.6447;36.6223;34.3904;31.7785;33.6424;34.6522;32.955400000000004;34.1902;39.6118;45.097300000000004;34.1085;43.5983;37.250699999999995;43.5983;33.2382;45.097300000000004;34.928;35.2132;28.5652;36.6223;39.6671;32.955400000000004;55.083400000000005;43.5983;67.2313;47.972199999999994;58.064699999999995;52.1976;53.945;53.7421;61.2734;39.6118;43.5983;43.5983;71.60889999999999;44.911;62.4228;49.799099999999996;29.5393;12.1008;28.2915;47.5078;0.0;34.518800000000006;21.8048;21.356900000000003;28.0535;15.5142;28.7125;15.5142;12.8524;48.441199999999995;35.0565;65.61019999999999;61.034699999999994;62.3645;51.9765;57.674;58.1888;67.36030000000001;61.719199999999994;69.2742;63.8175;74.688;74.3207;84.76469999999999;84.0702;55.4423;62.222;70.7522;63.7651;64.9128;66.5532;76.4081;67.1865;62.7925;64.0195;53.5081;56.332699999999996;56.291599999999995;58.9965;64.0195;53.741099999999996;53.5081;56.779;62.8708;62.3737;55.2325;54.783699999999996;56.107;64.1625;55.2325;53.5081;53.4018;56.4254;53.9909;58.9511;45.3299;53.9945;40.475300000000004;69.05969999999999;66.7853;34.518800000000006;54.159800000000004;52.2382;48.8273;40.8265;39.440400000000004;42.3348;48.4601;35.1954;35.525800000000004;34.518800000000006;34.518800000000006;36.7859;30.531299999999998;34.436099999999996;37.2696;35.2119;40.8265;35.22;34.436099999999996;32.6426;34.4249;51.5183;30.531299999999998;30.3112;32.2761;34.436099999999996;35.525800000000004;30.531299999999998;35.22;35.663;34.436099999999996;35.2119;31.7687;15.5142;33.8647;34.518800000000006;34.518800000000006;54.7365;37.2696
St. Pauli VII;32.3565;32.2326;36.7145;35.5651;45.9007;40.0877;41.523;29.878400000000003;33.593300000000006;34.1035;34.184599999999996;21.964599999999997;32.7296;34.518800000000006;17.9638;25.075400000000002;17.119799999999998;18.1267;11.470600000000001;10.957799999999999;17.9638;21.415;38.606;17.119799999999998;15.0686;19.2912;31.269;21.293400000000002;32.242599999999996;21.5091;25.512900000000002;42.0493;33.2202;27.704900000000002;31.2605;18.383599999999998;38.2655;48.7095;41.298300000000005;33.5503;31.269;11.470600000000001;6.6052;4.5175;18.3962;14.7475;17.4436;10.957799999999999;10.948;4.5175;12.2834;9.5784;15.0686;17.3751;14.4739;32.242599999999996;10.901299999999999;14.7475;7.3655;16.5828;18.383599999999998;23.2602;6.1499;9.0198;8.2248;31.269;6.6052;21.293400000000002;13.0594;12.9832;6.1499;13.0594;23.832;14.7008;14.8249;21.216099999999997;11.4804;9.960899999999999;6.6052;12.2834;7.9994;14.1249;4.5175;9.1158;14.7475;8.8593;13.0594;10.9861;7.9994;14.8249;11.0224;6.1499;11.0224;30.5027;21.0675;6.1499;6.6482;6.6293;17.1982;10.202;7.6114;21.292900000000003;16.6468;5.9372;18.7773;7.9994;11.0224;12.7581;7.4489;19.2027;5.8932;14.094100000000001;29.0865;14.4739;16.1454;3.0091;12.1279;30.5027;13.0155;6.2897;7.0161999999999995;6.2897;5.7847;18.616799999999998;7.0161999999999995;3.0091;21.292900000000003;10.0829;8.5038;8.5038;2.5684;5.1925;7.1515;7.2494;7.2494;2.5684;2.8055;3.682;5.7847;5.1925;7.1515;3.0091;2.5684;8.5038;3.3739;0.0;16.4565;19.389;1.6992;20.443;16.565900000000003;20.443;10.0829;19.389;11.7727;11.3496;5.9435;5.1925;15.8035;3.3739;35.1361;20.443;41.523;22.263900000000003;32.3565;26.4894;28.2367;29.878400000000003;35.5651;16.4565;20.443;20.443;45.9007;19.2027;36.7145;25.9355;18.1267;25.1266;17.9638;7.1646;34.518800000000006;0.0;20.0962;17.950599999999998;18.7747;19.852400000000003;10.8338;19.852400000000003;23.0645;7.1416;14.4284;23.0564;24.6872;22.5701;33.0095;17.8989;18.413700000000002;31.9683;26.3272;33.8823;28.4255;34.7096;38.9287;49.372699999999995;41.516400000000004;12.529399999999999;15.118;20.0167;21.2114;13.909600000000001;23.968799999999998;33.8236;20.0825;10.197899999999999;16.9155;8.0664;8.2615;8.2204;10.9253;16.9155;6.4372;8.0664;8.707799999999999;14.7996;10.220799999999999;7.1405;6.7126;10.9903;16.0913;7.1405;8.0664;5.3306000000000004;8.3542;5.898899999999999;10.8799;18.4336;27.098200000000002;9.0688;20.988599999999998;18.7141;0.0;27.2635;20.0748;17.552;13.930299999999999;12.5441;15.4385;21.5638;7.0895;8.5969;0.0;0.0;4.8565;6.9218;2.6281;5.2437;2.783;13.930299999999999;3.0471999999999997;2.6281;3.4414000000000002;3.4911;4.909;6.9218;4.5322;8.8146;2.6281;8.5969;6.9218;3.0471999999999997;12.053600000000001;2.6281;2.783;7.5213;19.852400000000003;9.5447;0.0;0.0;27.8402;5.2437
Harburger TB 2.;46.019400000000005;45.8956;50.3774;49.228;59.5636;53.7506;55.185900000000004;41.6967;45.4116;47.7665;47.8475;35.6276;46.3926;21.8048;4.9384;7.0775;14.4679;5.800800000000001;11.164200000000001;10.2871;4.9384;0.0;21.043;14.4679;9.7625;1.3091;41.509800000000006;25.1505;32.9414;28.8412;28.8886;52.290099999999995;37.0773;31.562;35.117599999999996;26.504099999999998;42.1226;52.5666;45.1554;37.4074;41.509800000000006;11.164200000000001;16.939799999999998;16.9633;2.4844;22.508200000000002;5.1176;10.2871;12.5701;16.9633;23.220299999999998;13.3231;9.7625;21.232200000000002;22.234599999999997;32.9414;23.705099999999998;22.508200000000002;17.9965;24.2804;26.504099999999998;28.2432;19.3666;20.8074;20.0277;41.509800000000006;16.939799999999998;25.1505;31.8654;28.3287;19.3666;31.8654;34.0839;30.0463;34.7278;31.4569;24.7234;23.651799999999998;16.939799999999998;23.220299999999998;21.9697;29.4704;16.9633;23.268099999999997;22.508200000000002;23.011599999999998;31.8654;25.1384;21.9697;34.7278;25.1747;19.3666;25.1747;44.1656;34.7304;19.3666;20.8005;21.6295;36.4604;30.0351;22.688599999999997;35.4453;38.8075;20.094;32.9296;21.9697;25.1747;35.2596;21.453599999999998;32.8656;25.4345;33.8404;42.7494;22.234599999999997;29.8083;19.7332;29.6904;44.1656;26.6784;24.0063;25.8472;24.0063;22.5993;32.2797;25.8472;19.7332;35.4453;21.1928;22.606900000000003;22.606900000000003;21.597099999999998;24.576900000000002;22.345;18.9626;18.9626;21.597099999999998;21.281599999999997;21.901799999999998;22.5993;24.576900000000002;22.345;19.7332;21.597099999999998;22.606900000000003;20.91;20.0962;27.5664;33.0519;20.6419;31.5529;25.2054;31.5529;21.1928;33.0519;22.8827;23.1678;16.5198;24.576900000000002;27.6217;20.91;43.038;31.5529;55.185900000000004;35.9268;46.019400000000005;40.152300000000004;41.8996;41.6967;49.228;27.5664;31.5529;31.5529;59.5636;32.8656;50.3774;37.753800000000005;5.800800000000001;22.474700000000002;4.9384;12.7535;21.8048;20.0962;0.0;2.4844;4.651;6.5456;10.305200000000001;6.5456;10.1661;13.1048;9.6244;32.9685;28.393;29.7228;32.9777;25.0323;25.547099999999997;34.718599999999995;29.0775;36.6325;31.1758;42.0463;41.679;52.123;51.4284;22.8006;29.5802;38.1105;31.1234;32.2711;33.9115;43.766400000000004;34.5448;30.1508;31.3777;19.811;22.6357;22.5945;25.299400000000002;31.3777;20.0441;19.811;23.0819;29.1738;29.732;21.535400000000003;21.0867;23.4653;30.4655;21.535400000000003;19.811;19.7047;22.7284;20.2938;25.254;32.226099999999995;40.890699999999995;27.3715;35.3627;33.088300000000004;21.415;41.056;39.1345;35.7236;27.7228;26.336599999999997;29.231;35.356300000000005;22.0916;22.422;21.415;21.415;23.6822;17.4275;21.3324;24.1659;22.1082;27.7228;22.1163;21.3324;19.5389;21.321099999999998;17.8212;17.4275;17.2074;19.172400000000003;21.3324;22.422;17.4275;22.1163;22.5593;21.3324;22.1082;18.664900000000003;6.5456;20.760900000000003;21.415;21.415;41.6327;24.1659
Bostelbek 1.;45.5715;45.4477;49.9295;48.7801;59.1157;53.302800000000005;54.738099999999996;41.2488;44.963800000000006;47.318599999999996;47.399699999999996;35.1797;45.9447;21.356900000000003;2.6184000000000003;5.6442;14.02;3.6551;9.018600000000001;8.0909;2.6184000000000003;2.4844;24.2683;14.02;7.6168000000000005;1.743;39.3641;23.0048;33.954;26.6955;26.742900000000002;50.1445;34.9317;29.4163;32.9719;24.3585;39.9769;50.4209;43.009699999999995;35.2618;39.3641;9.018600000000001;14.7942;14.8176;0.0;20.3625;2.972;8.0909;10.7853;14.8176;21.0747;11.1775;7.6168000000000005;19.086599999999997;20.088900000000002;33.954;21.5594;20.3625;15.8508;22.134700000000002;24.3585;26.0975;17.2209;18.6618;17.882;39.3641;14.7942;23.0048;29.7197;26.183;17.2209;29.7197;31.938299999999998;27.900599999999997;32.5822;29.3113;22.5778;21.5061;14.7942;21.0747;19.824;27.3247;14.8176;21.1225;20.3625;20.866;29.7197;22.9927;19.824;32.5822;23.0291;17.2209;23.0291;43.717699999999994;34.282599999999995;17.2209;18.6549;19.4838;36.0125;24.8938;20.542900000000003;33.2996;30.2435;17.9483;30.784;19.824;23.0291;26.4645;19.3079;32.4178;24.9867;33.3925;42.3016;20.088900000000002;29.360400000000002;19.2853;29.2425;43.717699999999994;26.2305;23.558400000000002;25.3994;23.558400000000002;22.1515;31.831799999999998;25.3994;19.2853;33.2996;20.7449;22.159;22.159;19.3654;24.129099999999998;21.8972;18.5147;18.5147;19.3654;19.136;21.4539;22.1515;24.129099999999998;21.8972;19.2853;19.3654;22.159;20.4621;17.950599999999998;27.1185;32.604;18.496299999999998;31.1051;24.7575;31.1051;20.7449;32.604;22.4348;22.72;16.072;24.129099999999998;27.1739;20.4621;42.590199999999996;31.1051;54.738099999999996;35.479;45.5715;39.7044;41.451699999999995;41.2488;48.7801;27.1185;31.1051;31.1051;59.1157;32.4178;49.9295;37.3059;3.6551;22.026799999999998;2.6184000000000003;10.607899999999999;21.356900000000003;17.950599999999998;2.4844;0.0;3.5197;6.0981000000000005;8.1011;6.0981000000000005;9.7186;10.9007;7.4201999999999995;30.764400000000002;26.1888;27.5187;33.5556;22.828200000000002;23.343;32.5144;26.8734;34.4284;28.971700000000002;39.8421;39.4749;49.9189;49.2243;20.5965;27.376099999999997;35.9063;28.9193;30.067;31.7074;41.5622;32.3406;27.9467;29.173599999999997;17.606900000000003;20.4315;20.390400000000003;23.095299999999998;29.173599999999997;17.84;17.606900000000003;20.8778;26.9696;27.527900000000002;19.3313;18.8826;21.2611;28.2613;19.3313;17.606900000000003;17.5006;20.5242;18.0897;23.0499;31.778599999999997;40.4432;26.924;33.1586;30.8841;18.3962;40.6085;38.687;35.276;27.275299999999998;25.8891;28.7835;34.9088;21.644099999999998;21.9745;18.3962;18.3962;23.2347;16.98;20.8848;23.7183;21.660700000000002;27.275299999999998;21.6687;20.8848;19.0913;20.8736;15.6171;16.98;16.759900000000002;18.7249;20.8848;21.9745;16.98;21.6687;22.1118;20.8848;21.660700000000002;18.2174;6.0981000000000005;20.3134;18.3962;18.3962;41.185199999999995;23.7183
Harburger SC 2.;50.3879;50.2641;54.7459;53.5965;63.9321;58.119099999999996;59.5544;46.0652;49.7801;52.135;52.216;39.9961;50.7611;28.0535;2.2349;2.4756;18.8364;3.4827;9.8427;9.8024;2.2349;4.651;20.2554;18.8364;8.4409;3.342;40.3113;23.952099999999998;28.2333;27.642799999999998;27.6902;51.091699999999996;35.8789;30.363599999999998;33.9192;25.3057;40.9242;51.368199999999995;43.957;36.209;40.3113;9.8427;15.6183;15.6417;3.5197;21.3098;2.4067;9.8024;11.6095;15.6417;22.021900000000002;12.0016;8.4409;20.0338;21.0362;28.2333;22.506700000000002;21.3098;16.6749;23.0819;25.3057;27.0448;18.045;19.4859;18.7062;40.3113;15.6183;23.952099999999998;30.667;27.1303;18.045;30.667;32.8855;28.847900000000003;33.5294;30.2585;23.525;22.330299999999998;15.6183;22.021900000000002;20.6481;28.272;15.6417;21.9466;21.3098;21.690099999999997;30.667;23.8169;20.6481;33.5294;23.8532;18.045;23.8532;48.534099999999995;39.0989;18.045;19.479;20.3079;31.7287;25.7179;21.367099999999997;34.1237;31.0676;18.7724;31.6081;20.6481;23.8532;27.2886;20.132;37.2341;23.0478;38.2089;47.1179;21.0362;34.1768;24.1017;34.0589;48.534099999999995;31.0469;28.3748;23.6148;28.3748;26.9678;36.648199999999996;23.6148;24.1017;34.1237;25.5613;26.9754;26.9754;20.1895;21.979599999999998;26.7135;23.3311;23.3311;20.1895;19.960099999999997;21.4844;26.9678;21.979599999999998;26.7135;24.1017;20.1895;26.9754;25.2785;18.7747;31.934900000000003;37.4204;19.320400000000003;35.9214;29.573900000000002;35.9214;25.5613;37.4204;27.2512;27.5363;20.8883;21.979599999999998;31.9902;25.2785;47.4065;35.9214;59.5544;40.295300000000005;50.3879;44.5208;46.2681;46.0652;53.5965;31.934900000000003;35.9214;35.9214;63.9321;37.2341;54.7459;42.1223;3.4827;26.8432;2.2349;11.432;28.0535;18.7747;4.651;3.5197;0.0;11.5009;10.681700000000001;11.5009;15.1214;12.2058;8.7254;32.0195;27.444;28.773799999999998;34.8108;24.083299999999998;24.5981;33.7696;28.1285;35.6835;30.2268;41.097300000000004;40.73;51.174;50.4795;21.851599999999998;28.6312;37.1615;30.174400000000002;31.3221;32.9625;42.8174;33.595800000000004;29.2018;30.4288;18.9121;21.7367;21.6955;24.4005;30.4288;19.1451;18.9121;22.1829;28.2748;28.783;20.636400000000002;20.1877;22.516299999999998;29.5665;20.636400000000002;18.9121;18.8057;21.8294;19.3949;24.355;36.417199999999994;45.0817;31.5625;34.463699999999996;32.189299999999996;19.7013;45.247;33.743900000000004;39.9146;31.9138;30.5277;33.422;39.5473;26.2826;26.6131;19.7013;19.7013;27.8732;21.6185;20.865099999999998;28.356900000000003;20.602;31.9138;20.843400000000003;20.865099999999998;23.7299;25.5121;16.9222;21.6185;21.398400000000002;23.363400000000002;20.865099999999998;26.6131;21.6185;20.843400000000003;26.7503;20.865099999999998;20.602;22.856;11.5009;24.951900000000002;19.7013;19.7013;45.823699999999995;28.356900000000003
Altenwerder 1.;43.7269;43.6031;48.085;46.9356;57.2712;51.4582;52.8935;39.404300000000006;43.1192;45.474;45.555099999999996;33.3351;44.1001;15.5142;8.4939;10.9702;12.1755;9.5306;14.5269;13.4152;8.4939;6.5456;24.271;12.1755;13.1251;6.5995;44.896699999999996;28.5374;35.7813;32.2281;32.2755;55.677099999999996;40.4643;34.9489;38.5045;29.891099999999998;45.5095;67.0123;48.542300000000004;40.7943;44.896699999999996;14.5269;20.302400000000002;20.3259;6.0981000000000005;25.8951;8.8474;13.4152;13.585700000000001;20.3259;26.6073;16.6857;13.1251;24.6192;25.6215;35.7813;27.092;25.8951;21.359099999999998;27.6673;29.891099999999998;31.6301;22.729200000000002;24.17;23.3903;44.896699999999996;20.302400000000002;28.5374;35.252300000000005;31.7156;22.729200000000002;35.252300000000005;37.4709;33.4332;38.1148;34.843900000000005;28.1103;27.014400000000002;20.302400000000002;26.6073;25.3323;32.8573;20.3259;28.1857;25.8951;26.374200000000002;35.252300000000005;28.501;25.3323;38.1148;29.5969;22.729200000000002;29.5969;41.8731;32.438;22.729200000000002;24.1631;25.689799999999998;34.168;27.7427;26.0849;43.0598;36.515;23.456599999999998;40.4009;25.3323;29.5969;32.9671;26.509400000000003;30.5732;23.1421;31.548;40.457;25.6215;27.515900000000002;17.4407;27.3979;41.8731;24.386;21.7138;23.5548;21.7138;20.306900000000002;29.9872;23.5548;17.4407;43.0598;18.9004;20.314400000000003;20.314400000000003;19.304599999999997;22.2845;20.052599999999998;16.670099999999998;16.670099999999998;19.304599999999997;20.559099999999997;19.6094;20.306900000000002;22.2845;20.052599999999998;17.4407;19.304599999999997;20.314400000000003;18.6176;19.852400000000003;25.274;30.7595;19.7707;29.2605;22.9129;29.2605;18.9004;30.7595;20.5902;20.875400000000003;14.2274;22.2845;25.3293;18.6176;40.745599999999996;29.2605;52.8935;33.6344;43.7269;37.8599;39.6072;39.404300000000006;46.9356;25.274;29.2605;29.2605;57.2712;30.5732;48.085;35.461400000000005;9.5306;20.182299999999998;8.4939;16.1162;15.5142;19.852400000000003;6.5456;6.0981000000000005;11.5009;0.0;13.4577;0.0;3.8799;16.7351;13.2546;36.598699999999994;32.0232;33.3531;36.539699999999996;28.6625;29.177400000000002;38.348800000000004;32.7078;40.262800000000006;34.8061;45.6765;45.3092;55.7533;55.058699999999995;26.4309;33.2105;41.7407;34.753699999999995;35.9014;37.5418;47.3966;38.175;33.781;35.008;23.4413;26.265900000000002;26.2248;28.9297;35.008;23.674400000000002;23.4413;29.3703;32.804;33.362300000000005;27.8417;24.717;27.0955;38.8659;27.8417;23.4413;23.335;26.3586;23.9241;30.8297;31.721799999999998;40.386300000000006;26.867099999999997;43.7551;41.4807;20.9106;40.5516;38.6301;35.219199999999994;27.218400000000003;25.8323;28.726599999999998;34.8519;21.5873;21.9177;20.9106;20.9106;23.177799999999998;16.923099999999998;20.828;23.6615;21.6038;27.218400000000003;21.611900000000002;20.828;19.0345;20.8168;21.4515;16.923099999999998;16.703;18.668;20.828;21.9177;16.923099999999998;21.611900000000002;22.0549;20.828;21.6038;18.1606;0.0;20.2565;20.9106;20.9106;41.1284;23.6615
RW Wilhelmsburg 1.;44.277;44.1532;48.635;47.485699999999994;57.8212;52.008300000000006;53.443599999999996;39.9399;43.6548;46.0241;46.105199999999996;33.8852;44.6502;28.7125;8.9442;12.6526;12.5257;9.1071;1.6320999999999999;0.0;8.9442;10.305200000000001;32.1645;12.5257;3.8421999999999996;8.9962;34.2661;17.9068;28.856099999999998;21.5975;21.6449;45.0465;29.8337;24.3184;27.873900000000003;19.2605;34.8789;45.323;37.911699999999996;30.1638;34.2661;1.6320999999999999;7.6773;7.7008;8.1011;15.2645;8.424;0.0;1.8557000000000001;7.7008;15.976700000000001;4.7292;3.8421999999999996;13.9886;14.9909;28.856099999999998;16.4615;15.2645;8.734;17.0367;19.2605;20.9995;10.1041;11.5449;10.7652;34.2661;7.6773;17.9068;24.6217;21.085;10.1041;24.6217;26.8403;22.8027;19.7147;24.2133;17.4798;14.389299999999999;7.6773;15.976700000000001;12.7072;22.2268;7.7008;14.005600000000001;15.2645;13.7491;24.6217;15.8759;12.7072;19.7147;15.9122;10.1041;15.9122;29.7943;26.759;10.1041;11.538;12.367;23.7878;17.777;13.4261;26.1828;23.1267;10.8315;23.667099999999998;12.7072;15.9122;19.3476;12.1911;31.1233;15.1069;21.6691;41.0071;14.9909;28.065900000000003;12.6319;23.090700000000002;29.7943;24.936;15.5033;15.6738;15.5033;15.1413;30.5373;15.6738;12.6319;26.1828;19.436;20.8645;20.8645;12.2486;14.0387;20.602700000000002;17.2057;17.2057;12.2486;12.0191;13.5434;15.1413;14.0387;20.602700000000002;12.6319;12.2486;20.8645;13.586799999999998;10.8338;25.8096;31.3095;11.3794;29.7961;23.4485;29.7961;19.436;31.3095;21.1259;21.411;14.763;14.0387;25.864900000000002;13.586799999999998;41.2812;29.7961;53.443599999999996;34.1845;44.277;33.5479;40.157300000000006;39.9399;47.485699999999994;25.8096;29.7961;29.7961;57.8212;31.1233;48.635;35.997;9.1071;20.5325;8.9442;3.5254000000000003;28.7125;10.8338;10.305200000000001;8.1011;10.681700000000001;13.4577;0.0;13.4152;17.0335;3.6264000000000003;3.8567;27.2423;22.6668;23.996599999999997;30.0336;19.306099999999997;19.8209;28.9924;23.3513;30.9064;25.4496;36.3201;35.9528;46.3969;45.7023;17.0745;18.0661;26.5963;25.397299999999998;18.013099999999998;28.1854;38.0402;23.0306;14.1624;19.863599999999998;10.1685;12.9931;12.952;15.6569;19.863599999999998;10.4016;10.1685;13.4394;19.531200000000002;14.1852;11.8929;11.4442;12.563600000000001;20.8229;11.8929;10.1685;10.0622;13.085799999999999;10.651299999999999;15.6115;29.672400000000003;38.337;18.096799999999998;25.720200000000002;23.445700000000002;10.957799999999999;38.502300000000005;25.0003;24.4108;25.1691;23.7829;26.6773;25.696;19.5379;19.868299999999998;10.957799999999999;10.957799999999999;13.8846;14.8738;12.1216;14.271700000000001;11.8585;25.1691;12.0999;12.1216;13.3952;13.106399999999999;8.1787;14.8738;14.6537;16.6187;12.1216;19.868299999999998;14.8738;12.0999;20.005599999999998;12.1216;11.8585;16.1112;13.4152;18.2072;10.957799999999999;10.957799999999999;39.079;14.271700000000001
Hellas United 1.;43.7269;43.6031;48.085;46.9356;57.2712;51.4582;52.8935;39.404300000000006;43.1192;45.474;45.555099999999996;33.3351;44.1001;15.5142;8.4939;10.9702;12.1755;9.5306;14.5269;13.4152;8.4939;6.5456;24.271;12.1755;13.1251;6.5995;44.896699999999996;28.5374;35.7813;32.2281;32.2755;55.677099999999996;40.4643;34.9489;38.5045;29.891099999999998;45.5095;67.0123;48.542300000000004;40.7943;44.896699999999996;14.5269;20.302400000000002;20.3259;6.0981000000000005;25.8951;8.8474;13.4152;13.585700000000001;20.3259;26.6073;16.6857;13.1251;24.6192;25.6215;35.7813;27.092;25.8951;21.359099999999998;27.6673;29.891099999999998;31.6301;22.729200000000002;24.17;23.3903;44.896699999999996;20.302400000000002;28.5374;35.252300000000005;31.7156;22.729200000000002;35.252300000000005;37.4709;33.4332;38.1148;34.843900000000005;28.1103;27.014400000000002;20.302400000000002;26.6073;25.3323;32.8573;20.3259;28.1857;25.8951;26.374200000000002;35.252300000000005;28.501;25.3323;38.1148;29.5969;22.729200000000002;29.5969;41.8731;32.438;22.729200000000002;24.1631;25.689799999999998;34.168;27.7427;26.0849;43.0598;36.515;23.456599999999998;40.4009;25.3323;29.5969;32.9671;26.509400000000003;30.5732;23.1421;31.548;40.457;25.6215;27.515900000000002;17.4407;27.3979;41.8731;24.386;21.7138;23.5548;21.7138;20.306900000000002;29.9872;23.5548;17.4407;43.0598;18.9004;20.314400000000003;20.314400000000003;19.304599999999997;22.2845;20.052599999999998;16.670099999999998;16.670099999999998;19.304599999999997;20.559099999999997;19.6094;20.306900000000002;22.2845;20.052599999999998;17.4407;19.304599999999997;20.314400000000003;18.6176;19.852400000000003;25.274;30.7595;19.7707;29.2605;22.9129;29.2605;18.9004;30.7595;20.5902;20.875400000000003;14.2274;22.2845;25.3293;18.6176;40.745599999999996;29.2605;52.8935;33.6344;43.7269;37.8599;39.6072;39.404300000000006;46.9356;25.274;29.2605;29.2605;57.2712;30.5732;48.085;35.461400000000005;9.5306;20.182299999999998;8.4939;16.1162;15.5142;19.852400000000003;6.5456;6.0981000000000005;11.5009;0.0;13.4152;0.0;3.8799;16.7351;13.2546;36.598699999999994;32.0232;33.3531;36.539699999999996;28.6625;29.177400000000002;38.348800000000004;32.7078;40.262800000000006;34.8061;45.6765;45.3092;55.7533;55.058699999999995;26.4309;33.2105;41.7407;34.753699999999995;35.9014;37.5418;47.3966;38.175;33.781;35.008;23.4413;26.265900000000002;26.2248;28.9297;35.008;23.674400000000002;23.4413;29.3703;32.804;33.362300000000005;27.8417;24.717;27.0955;38.8659;27.8417;23.4413;23.335;26.3586;23.9241;30.8297;31.721799999999998;40.386300000000006;26.867099999999997;43.7551;41.4807;20.9106;40.5516;38.6301;35.219199999999994;27.218400000000003;25.8323;28.726599999999998;34.8519;21.5873;21.9177;20.9106;20.9106;23.177799999999998;16.923099999999998;20.828;23.6615;21.6038;27.218400000000003;21.611900000000002;20.828;19.0345;20.8168;21.4515;16.923099999999998;16.703;18.668;20.828;21.9177;16.923099999999998;21.611900000000002;22.0549;20.828;21.6038;18.1606;0.0;20.2565;20.9106;20.9106;41.1284;23.6615
Süderelbe 3.;46.939099999999996;46.8153;51.2971;50.1477;60.4833;54.670300000000005;56.1057;42.6164;46.331300000000006;48.6862;48.767300000000006;36.5473;47.3123;12.8524;12.1144;14.5907;15.3876;13.1511;18.1474;17.0335;12.1144;10.1661;27.8915;15.3876;16.7456;10.2201;48.517199999999995;32.1579;39.4018;35.8486;35.896;59.297599999999996;44.0848;38.5694;42.125;33.5116;49.13;70.6328;52.162800000000004;44.4149;48.517199999999995;18.1474;23.923;23.9464;9.7186;29.5156;12.468;17.0335;17.204;23.9464;30.2278;20.3063;16.7456;28.2397;29.242;39.4018;30.7125;29.5156;24.979599999999998;31.2878;33.5116;35.2506;26.349700000000002;27.790599999999998;27.0108;48.517199999999995;23.923;32.1579;38.872800000000005;35.3361;26.349700000000002;38.872800000000005;41.0914;37.0538;41.7353;38.464400000000005;31.730900000000002;30.634900000000002;23.923;30.2278;28.9528;36.4778;23.9464;31.3979;29.5156;29.994799999999998;38.872800000000005;32.1215;28.9528;41.7353;32.809;26.349700000000002;32.809;45.085300000000004;35.6501;26.349700000000002;27.7837;28.9019;37.3801;30.9548;29.297;46.272;39.727199999999996;27.077099999999998;43.613099999999996;28.9528;32.809;36.179300000000005;29.7215;33.7853;26.354200000000002;34.7601;43.6691;29.242;30.728;20.652900000000002;30.6101;45.085300000000004;27.5981;24.926;26.767;24.926;23.519;33.199400000000004;26.767;20.652900000000002;46.272;22.1125;23.5266;23.5266;22.5168;25.496599999999997;23.2648;19.8823;19.8823;22.5168;23.7713;22.8215;23.519;25.496599999999997;23.2648;20.652900000000002;22.5168;23.5266;21.8297;23.0645;28.486099999999997;33.971599999999995;22.9828;32.4726;26.1251;32.4726;22.1125;33.971599999999995;23.802400000000002;24.0875;17.4395;25.496599999999997;28.541400000000003;21.8297;43.957699999999996;32.4726;56.1057;36.8465;46.939099999999996;41.072;42.819300000000005;42.6164;50.1477;28.486099999999997;32.4726;32.4726;60.4833;33.7853;51.2971;38.6735;13.1511;17.7333;12.1144;19.7367;12.8524;23.0645;10.1661;9.7186;15.1214;3.8799;17.0335;3.8799;0.0;20.331;16.8506;40.1947;35.6192;36.949;40.1357;32.2585;32.773300000000006;41.9448;36.3037;43.8587;38.402;49.2725;48.905199999999994;59.349199999999996;58.6547;30.026799999999998;36.8065;45.3367;38.349599999999995;39.4973;41.137699999999995;50.992599999999996;41.771;37.377;38.604;27.0373;29.861900000000002;29.820700000000002;32.5257;38.604;27.2703;27.0373;31.319599999999998;36.4;36.9582;29.791;28.312900000000003;30.6915;40.8151;29.791;27.0373;26.9309;29.9546;27.5201;32.779;33.671;42.3356;28.8164;45.7043;43.4299;22.859900000000003;42.5009;40.5794;37.1685;29.1677;27.7815;30.675900000000002;36.801199999999994;23.5365;23.8669;22.859900000000003;22.859900000000003;25.1271;18.872400000000003;22.7772;25.610799999999998;23.553099999999997;29.1677;23.5612;22.7772;20.983700000000002;22.766;25.047400000000003;18.872400000000003;18.6523;20.6173;22.7772;23.8669;18.872400000000003;23.5612;24.0042;22.7772;23.553099999999997;20.1098;3.8554;22.2058;22.859900000000003;22.859900000000003;43.0776;25.610799999999998
FC Veddel United 1.;38.525800000000004;38.402;42.883900000000004;41.7345;52.07;46.2571;47.6924;36.3992;40.1142;40.2729;40.354;28.134;38.899;48.441199999999995;10.4683;14.1767;14.5808;10.6313;3.9751;3.6264000000000003;10.4683;13.1048;32.749900000000004;14.5808;6.5249;11.7958;31.784;15.424700000000001;26.373900000000003;19.1154;19.1628;42.5644;27.351599999999998;21.836299999999998;25.3918;16.7784;32.3968;42.840900000000005;35.4296;27.6817;31.784;3.9751;3.9852;4.0085999999999995;10.9007;12.782399999999999;9.9481;3.6264000000000003;3.6167;4.0085999999999995;13.4946;2.2471;6.5249;11.5065;12.508799999999999;26.373900000000003;9.1949;12.782399999999999;5.0419;14.5546;16.7784;18.517400000000002;6.411899999999999;7.8528;7.0731;31.784;3.9852;15.424700000000001;15.8955;12.358799999999999;6.411899999999999;15.8955;24.3582;14.0764;16.0226;21.7312;9.774;10.6972;3.9852;13.4946;9.015;13.5005;4.0085999999999995;10.3135;12.782399999999999;10.057;15.8955;12.1838;9.015;16.0226;12.2201;6.411899999999999;12.2201;26.1022;23.0669;6.411899999999999;7.845899999999999;8.6748;20.095599999999997;14.0848;9.734;22.490599999999997;19.4345;7.1393;19.975;9.015;12.2201;15.6555;8.498899999999999;25.3721;11.4148;17.9769;27.2729;12.508799999999999;20.6594;8.9398;19.3985;26.1022;17.5295;11.811200000000001;11.9817;11.811200000000001;11.449200000000001;24.786099999999998;11.9817;8.9398;22.490599999999997;16.6037;14.673200000000001;14.673200000000001;8.5565;10.3465;13.3209;13.770299999999999;13.770299999999999;8.5565;8.327;9.851299999999998;11.449200000000001;10.3465;13.3209;8.9398;8.5565;14.673200000000001;9.8947;7.1416;22.9773;25.558400000000002;7.6873000000000005;26.9638;22.7352;26.9638;16.6037;25.558400000000002;18.2935;17.8704;11.8741;10.3465;22.3243;9.8947;41.3055;26.9638;47.6924;28.4333;38.525800000000004;32.6587;34.406099999999995;36.3992;41.7345;22.9773;26.9638;26.9638;52.07;25.3721;42.883900000000004;32.4563;10.6313;22.5876;10.4683;0.0;48.441199999999995;7.1416;13.1048;10.9007;12.2058;16.7351;3.6264000000000003;16.7351;20.331;0.0;6.2033000000000005;22.2114;20.2404;21.5702;27.6071;16.8797;17.3945;26.566;20.9249;28.4799;23.0232;33.893699999999995;33.5264;43.9704;40.6714;10.3096;14.2729;22.8032;20.3663;14.22;23.1237;32.9786;19.2375;10.369200000000001;16.0705;6.3754;9.2;9.1588;11.8638;16.0705;6.6084;6.3754;9.6462;15.738100000000001;10.392100000000001;8.0997;7.651;8.7705;17.029799999999998;8.0997;6.3754;6.269;9.2927;6.8582;11.818299999999999;25.102400000000003;32.920300000000005;14.303700000000001;21.927;19.6526;7.1646;33.0856;21.2072;20.6177;19.7524;16.2697;21.2606;21.902900000000002;12.9116;14.419;7.1646;7.1646;10.0914;13.0824;8.3284;10.4786;8.0654;19.7524;8.306700000000001;8.3284;9.6021;9.3132;4.3856;13.0824;10.6127;14.895100000000001;8.3284;14.419;13.0824;8.306700000000001;18.2142;8.3284;8.0654;13.681899999999999;16.1162;16.483;7.1646;7.1646;33.6624;10.4786
SV Wilhelmsburg 1.;45.812599999999996;45.6888;50.1706;49.0212;59.3568;53.543800000000005;54.9792;43.5388;47.253699999999995;47.5597;47.640800000000006;35.4208;46.1858;35.0565;6.9879;10.696299999999999;16.1246;7.1508;2.9116;3.8567;6.9879;9.6244;28.9887;16.1246;0.0;8.315299999999999;34.8335;18.4742;29.4234;22.164900000000003;22.2123;45.6139;30.4011;24.8857;28.4413;19.8278;35.4463;45.8903;38.479099999999995;30.731099999999998;34.8335;2.9116;11.272;11.295399999999999;7.4201999999999995;15.8319;6.4677;3.8567;5.7184;11.295399999999999;16.5441;6.7729;0.0;14.5559;15.5583;29.4234;17.0288;15.8319;12.3286;17.6041;19.8278;21.5669;13.6987;17.485400000000002;14.3599;34.8335;11.272;18.4742;25.1891;21.6524;13.6987;25.1891;27.4076;23.37;28.0515;24.7806;18.047099999999997;23.494;11.272;16.5441;16.3018;22.7941;11.295399999999999;17.6003;15.8319;17.343799999999998;25.1891;19.470599999999997;16.3018;28.0515;19.5069;13.6987;19.5069;33.389;30.3536;13.6987;15.132700000000002;15.9616;27.3824;21.371599999999997;17.020799999999998;44.0195;26.7213;14.4261;27.2618;16.3018;19.5069;22.9423;15.7857;32.6588;18.7015;25.2637;34.5597;15.5583;27.9462;16.2265;26.685299999999998;33.389;24.816200000000002;19.098;19.2685;19.098;18.736;32.072900000000004;19.2685;16.2265;44.0195;23.0349;21.9599;21.9599;15.843200000000001;17.6333;20.607599999999998;20.804599999999997;20.804599999999997;15.843200000000001;15.6138;17.138099999999998;18.736;17.6333;20.607599999999998;16.2265;15.843200000000001;21.9599;17.1815;14.4284;29.4085;32.845099999999995;14.9741;33.395;27.0475;33.395;23.0349;32.845099999999995;24.7248;25.009900000000002;18.361900000000002;17.6333;29.4638;17.1815;48.5923;33.395;54.9792;35.72;45.812599999999996;39.9455;41.692800000000005;43.5388;49.0212;29.4085;33.395;33.395;59.3568;32.6588;50.1706;39.5959;7.1508;24.131400000000003;6.9879;6.2033000000000005;35.0565;14.4284;9.6244;7.4201999999999995;8.7254;13.2546;3.8567;13.2546;16.8506;6.2033000000000005;0.0;26.3815;21.8059;23.1358;29.1727;18.4453;18.960099999999997;28.1315;22.4905;30.0455;24.5888;35.459300000000006;35.092;45.536;44.8414;16.2136;22.9932;31.5235;24.5364;25.684099999999997;27.3245;37.1794;27.9577;23.5638;24.7907;14.279399999999999;17.104;17.0628;19.767799999999998;24.7907;14.5124;14.279399999999999;17.5502;23.6421;23.145;16.003700000000002;15.555;16.8782;24.933799999999998;16.003700000000002;14.279399999999999;14.173;17.1967;14.7622;19.7223;33.0064;41.9496;22.2077;29.831;27.5566;15.0686;42.1149;29.1112;28.5216;28.7817;27.3955;30.289900000000003;29.806900000000002;20.8156;23.480900000000002;15.0686;15.0686;17.9954;18.4864;16.2324;18.3826;15.969299999999999;28.7817;16.2107;16.2324;17.5061;17.217200000000002;12.2895;18.4864;18.266299999999998;20.2313;16.2324;23.480900000000002;18.4864;16.2107;23.6182;16.2324;15.969299999999999;19.7238;13.1251;21.8198;15.0686;15.0686;42.6916;18.3826
Voran Ohe 2.;53.775400000000005;53.6516;58.1334;56.984;67.31960000000001;61.5066;62.941900000000004;56.7155;56.303599999999996;55.5225;54.847300000000004;43.3835;54.1485;65.61019999999999;30.282;41.4059;43.1174;30.4449;26.3258;27.2423;30.282;32.9685;49.9189;43.1174;26.3815;31.6594;9.699;13.417399999999999;23.369799999999998;10.3002;5.2776000000000005;22.6251;14.613700000000001;11.4849;18.913700000000002;11.551200000000001;23.0217;38.4182;25.7243;19.1226;9.699;26.3258;21.9458;19.0897;30.764400000000002;16.4205;29.7618;27.2423;27.232599999999998;19.0897;12.5701;25.3855;26.3815;22.953599999999998;16.1469;23.369799999999998;14.661200000000001;16.4205;17.8565;8.241200000000001;11.551200000000001;5.346100000000001;19.7814;17.073400000000003;16.1003;9.699;21.9458;13.417399999999999;17.321099999999998;13.7844;19.7814;17.321099999999998;10.2192;10.091;18.029;6.9846;14.2765;15.6259;21.9458;12.5701;18.6309;14.9261;19.0897;21.3225;16.4205;20.5303;17.321099999999998;19.4533;18.6309;18.029;22.6935;19.7814;22.6935;35.3864;32.351099999999995;19.7814;19.692700000000002;21.8157;31.104599999999998;25.1464;22.6918;29.49;23.8759;19.877200000000002;23.3357;18.6309;22.6935;26.6645;21.122700000000002;40.6216;26.0281;29.0846;39.1081;16.1469;37.8032;25.355700000000002;31.2338;35.3864;33.7955;26.422;25.232;26.422;26.6988;40.0357;25.232;25.355700000000002;29.49;32.2583;29.9227;29.9227;23.806;25.5961;28.2091;29.4249;29.4249;23.806;23.5766;25.100900000000003;26.6988;25.5961;28.2091;25.355700000000002;23.806;29.9227;25.783900000000003;23.0564;38.6319;40.807900000000004;22.9369;42.6184;37.9848;42.6184;32.2583;40.807900000000004;33.9482;34.1051;28.2901;25.5961;38.5137;25.783900000000003;56.555;42.6184;62.941900000000004;43.6828;53.775400000000005;47.908300000000004;49.6556;56.7155;56.984;38.6319;42.6184;42.6184;67.31960000000001;40.6216;58.1334;48.6457;30.4449;51.124199999999995;30.282;22.2114;65.61019999999999;23.0564;32.9685;30.764400000000002;32.0195;36.598699999999994;27.2423;36.598699999999994;40.1947;22.2114;26.3815;0.0;5.2865;8.2905;23.890099999999997;12.882299999999999;9.697299999999998;18.924;17.2078;14.623899999999999;11.4878;13.1983;23.0117;37.4906;21.64;13.207799999999999;10.251100000000001;21.542;7.128100000000001;18.8143;10.2202;24.6907;17.2548;16.694;17.920900000000003;17.334400000000002;20.2485;20.6197;20.0882;17.920900000000003;18.6325;17.334400000000002;21.210099999999997;22.6234;16.2752;21.847;20.293599999999998;15.1471;20.758;21.847;17.334400000000002;20.445400000000003;20.2559;20.6904;23.3822;37.8956;48.8037;29.4399;32.8696;23.3186;24.0255;41.174800000000005;25.7377;26.8243;36.0507;31.406;38.4676;33.9748;28.8605;30.7174;24.0255;24.0255;26.3897;29.984299999999998;24.6267;26.7769;24.3637;36.0507;24.6051;24.6267;26.3628;25.6115;19.5489;29.984299999999998;27.5145;31.7969;24.6267;30.7174;29.984299999999998;24.6051;35.116099999999996;24.6267;24.3637;30.5838;37.6532;32.7813;24.0255;24.0255;49.960699999999996;26.7769
Reinbek 1.;55.4062;55.282300000000006;59.764199999999995;58.6148;68.95039999999999;63.1374;64.5727;58.3463;57.934400000000004;57.1532;56.4781;45.014300000000006;55.779300000000006;61.034699999999994;25.7065;36.8303;38.5419;25.869400000000002;21.7502;22.6668;25.7065;28.393;45.3434;38.5419;21.8059;27.0839;9.6706;8.4714;18.4239;6.462;0.0;19.8075;10.148100000000001;7.6466;15.0754;6.605300000000001;20.0748;30.5188;22.7774;15.3597;9.6706;21.7502;17.3702;20.7205;26.1888;9.1302;25.1863;22.6668;22.6571;20.7205;14.200899999999999;20.81;21.8059;9.8695;8.8566;18.4239;16.292;9.1302;14.8529;8.662799999999999;6.605300000000001;7.460100000000001;21.412200000000002;18.7042;17.731;9.6706;17.3702;8.4714;18.951900000000002;15.4152;21.412200000000002;18.951900000000002;14.265;11.7218;21.8143;8.6154;15.9073;17.256700000000002;17.3702;14.200899999999999;20.2617;16.556900000000002;20.7205;22.9533;9.1302;22.161099999999998;18.951900000000002;21.0841;20.2617;21.8143;24.3243;21.412200000000002;24.3243;37.017199999999995;33.9819;21.412200000000002;21.3235;23.4465;32.7354;26.7772;24.322599999999998;30.1784;27.1951;21.508;27.776;20.2617;24.3243;28.2953;22.7535;42.2524;27.658900000000003;30.715400000000002;40.7389;8.8566;39.434;26.9865;32.864599999999996;37.017199999999995;35.426300000000005;28.052799999999998;26.8628;28.052799999999998;28.3296;41.6665;26.8628;26.9865;30.1784;33.8891;31.5535;31.5535;25.436799999999998;27.2269;29.8399;31.0557;31.0557;25.436799999999998;25.2074;26.7317;28.3296;27.2269;29.8399;26.9865;25.436799999999998;31.5535;27.4147;24.6872;40.262699999999995;42.4387;24.567700000000002;44.249199999999995;39.6156;44.249199999999995;33.8891;42.4387;35.579;35.7359;29.920900000000003;27.2269;40.1445;27.4147;58.1858;44.249199999999995;64.5727;45.3136;55.4062;49.5391;51.2864;58.3463;58.6148;40.262699999999995;44.249199999999995;44.249199999999995;68.95039999999999;42.2524;59.764199999999995;50.2765;25.869400000000002;46.5487;25.7065;20.2404;61.034699999999994;24.6872;28.393;26.1888;27.444;32.0232;22.6668;32.0232;35.6192;20.2404;21.8059;5.2865;0.0;4.4433;18.453799999999998;7.446;4.261;15.076799999999999;11.7715;10.2388;7.6406;13.161;21.0578;31.5018;19.875799999999998;14.695200000000002;11.7384;27.1896;8.6154;20.3017;16.3232;26.178;22.9024;18.1813;19.4083;18.8218;21.7359;22.107;21.575599999999998;19.4083;20.119799999999998;18.8218;22.6975;24.110799999999998;17.7626;23.334400000000002;21.780900000000003;12.5146;26.4056;23.334400000000002;18.8218;21.9328;21.743299999999998;22.177799999999998;24.8696;39.383;50.291;30.9273;34.357;28.9663;25.512900000000002;42.6622;29.7065;30.7931;37.5381;32.8933;39.9549;35.4621;30.347900000000003;32.2047;25.512900000000002;25.512900000000002;27.8771;31.4716;26.114099999999997;28.2643;25.851;37.5381;26.0924;26.114099999999997;27.8502;27.0989;21.0363;31.4716;29.001900000000003;33.2843;26.114099999999997;32.2047;31.4716;26.0924;36.6034;26.114099999999997;25.851;32.0711;32.2755;34.268699999999995;25.512900000000002;25.512900000000002;51.448;28.2643
SC Wentorf 2.;53.600300000000004;53.4765;57.9583;56.809;67.1445;61.3316;62.7669;51.8277;55.5426;55.3474;55.4285;43.2085;53.9735;62.3645;27.0363;38.160199999999996;39.8718;27.1992;23.080099999999998;23.996599999999997;27.0363;29.7228;46.673199999999994;39.8718;23.1358;28.413700000000002;10.7259;6.7442;15.1995;3.0183;4.4433;16.6617;7.0024;4.5009;11.264100000000001;4.9223;18.6613;29.1053;21.6941;13.9461;10.7259;23.080099999999998;20.327599999999997;18.2535;27.5187;10.440700000000001;26.516099999999998;23.996599999999997;23.986900000000002;18.2535;14.324;22.1398;23.1358;13.677;10.1671;15.1995;14.1505;10.440700000000001;16.1635;12.0385;4.9223;10.6287;19.337;14.6071;16.293;10.7259;20.327599999999997;6.7442;22.969;19.432299999999998;19.337;22.969;16.2417;16.2452;25.8315;13.1388;14.7296;21.2739;20.327599999999997;14.324;19.3977;20.574;18.2535;21.857599999999998;10.440700000000001;21.0655;22.969;22.6713;19.3977;25.8315;23.2286;19.337;23.2286;35.9215;32.886199999999995;19.337;20.644299999999998;22.0594;31.6398;25.6815;23.227;41.7994;31.2123;20.5239;31.7931;19.3977;23.2286;27.1996;21.7893;40.4466;26.4893;29.6197;39.6433;10.1671;38.338300000000004;24.3682;31.768900000000002;35.9215;34.3307;26.8857;25.3662;26.8857;26.5237;39.8606;25.3662;24.3682;41.7994;32.0321;29.747700000000002;29.747700000000002;23.6309;25.421;28.395400000000002;29.198700000000002;29.198700000000002;23.6309;23.4015;24.9258;26.5237;25.421;28.395400000000002;24.3682;23.6309;29.747700000000002;25.3232;22.5701;38.405800000000006;40.6328;22.7618;42.392300000000006;37.8097;42.392300000000006;32.0321;40.6328;33.722;33.2988;27.302599999999998;25.421;37.7527;25.3232;56.38;42.392300000000006;62.7669;43.5078;53.600300000000004;47.7332;49.480599999999995;51.8277;56.809;38.405800000000006;42.392300000000006;42.392300000000006;67.1445;40.4466;57.9583;47.884800000000006;27.1992;47.8786;27.0363;21.5702;62.3645;22.5701;29.7228;27.5187;28.773799999999998;33.3531;23.996599999999997;33.3531;36.949;21.5702;23.1358;8.2905;4.4433;0.0;15.2232;5.5987;5.5199;11.823;8.541;6.9851;4.3869;9.0053;17.804;28.248099999999997;16.6221;13.983600000000001;15.8672;31.3184;12.744200000000001;23.454099999999997;16.217299999999998;30.3068;27.031200000000002;21.3338;22.5607;16.6114;19.4378;20.2087;24.728;22.5607;18.8021;16.6114;21.025299999999998;27.2632;20.915;21.6612;20.647599999999997;13.8651;28.6815;21.6612;16.6114;19.8305;19.4452;20.4196;23.197400000000002;37.710800000000006;48.2341;28.8298;38.485699999999994;31.4144;22.4784;48.3994;32.8589;31.957099999999997;35.066199999999995;30.7958;36.574400000000004;33.7899;28.2254;29.7328;22.4784;22.4784;25.4052;28.3962;23.6422;25.7924;23.3792;35.066199999999995;23.6206;23.6422;24.9159;24.627;17.960900000000002;28.3962;25.9265;30.2089;23.6422;29.7328;28.3962;23.6206;33.528;23.6422;23.3792;28.9957;33.1974;31.796799999999998;22.4784;22.4784;48.9762;25.7924
SC V. M. 2.;64.3937;64.2699;68.7517;67.6023;77.9379;72.1249;73.5602;70.23389999999999;73.9488;66.1408;66.2218;54.0019;64.7669;51.9765;33.0733;27.407;43.0051;18.4404;29.117;30.0336;33.0733;32.9777;36.285199999999996;43.0051;29.1727;34.4507;24.4694;14.923399999999999;0.0;14.2539;18.453799999999998;29.813200000000002;15.9301;14.54;9.551;13.873299999999999;20.7664;31.2105;22.162;16.750799999999998;24.4694;29.117;20.6367;29.8765;33.5556;19.3918;32.5531;30.0336;30.0239;29.8765;28.6217;28.1767;29.1727;19.713900000000002;19.1182;0.0;29.1065;19.3918;31.1195;29.6817;13.873299999999999;22.7705;34.293;29.5631;31.2491;24.4694;20.6367;14.923399999999999;37.2667;33.73;34.293;37.2667;39.4853;35.4477;40.1292;23.925900000000002;30.1248;35.5716;20.6367;28.6217;38.5766;34.8718;29.8765;36.8136;19.3918;36.0215;37.2667;39.399;38.5766;40.1292;38.184599999999996;34.293;38.184599999999996;50.8775;47.8422;34.293;35.600300000000004;37.0154;46.595800000000004;40.6376;38.183;56.097199999999994;45.51;35.4799;46.0908;38.5766;38.184599999999996;42.1556;36.7453;51.2399;37.282599999999995;44.5758;54.5993;19.1182;46.5272;34.8076;46.7249;50.8775;43.3973;37.6791;40.322199999999995;37.6791;37.317099999999996;50.654;40.322199999999995;34.8076;56.097199999999994;49.73;40.541;40.541;34.4243;36.214400000000005;39.1887;47.4997;47.4997;34.4243;34.194900000000004;35.719199999999994;37.317099999999996;36.214400000000005;39.1887;34.8076;34.4243;40.541;35.7626;33.0095;56.1036;51.426199999999994;33.5552;60.0901;53.7425;60.0901;49.73;51.426199999999994;51.4199;51.705;45.057;36.214400000000005;56.1589;35.7626;67.1734;60.0901;73.5602;54.3011;64.3937;58.5266;60.273900000000005;70.23389999999999;67.6023;56.1036;60.0901;60.0901;77.9379;51.2399;68.7517;66.291;18.4404;51.011900000000004;33.0733;27.6071;51.9765;33.0095;32.9777;33.5556;34.8108;36.539699999999996;30.0336;36.539699999999996;40.1357;27.6071;29.1727;23.890099999999997;18.453799999999998;15.2232;0.0;14.6189;14.5091;9.551;8.06;15.9223;14.5414;25.4114;20.5446;30.988599999999998;29.632099999999998;27.653200000000002;34.432900000000004;42.9631;23.896;37.1237;38.7641;48.619;39.397400000000005;35.0034;36.2304;31.0642;33.8906;34.6615;38.3977;36.2304;36.941900000000004;31.0642;35.4781;40.932900000000004;34.5846;33.177699999999994;32.729;28.3179;42.3512;33.177699999999994;31.0642;31.347;33.8979;31.9361;37.6502;50.1804;57.9983;39.3816;46.884;45.0841;32.242599999999996;58.163599999999995;46.5286;47.615199999999994;44.830400000000004;41.347699999999996;46.3386;46.9809;37.989599999999996;39.497;32.242599999999996;32.242599999999996;35.1694;45.899;33.406400000000005;35.5565;33.1433;44.830400000000004;33.384699999999995;33.406400000000005;34.680099999999996;34.3912;29.4635;45.899;35.690599999999996;47.643800000000006;33.406400000000005;39.497;45.899;33.384699999999995;51.030800000000006;33.406400000000005;33.1433;47.1364;35.7813;49.2324;32.242599999999996;32.242599999999996;58.740300000000005;35.5565
ASV Bergedorf 85 1.;48.9291;48.8053;53.287099999999995;52.137699999999995;62.4733;56.6604;58.095699999999994;47.1565;50.8714;50.676199999999994;50.7573;38.5373;49.3023;57.674;22.3458;33.469699999999996;35.1812;22.5087;18.389599999999998;19.306099999999997;22.3458;25.0323;41.982699999999994;35.1812;18.4453;23.723200000000002;16.0333;2.7701;14.6189;4.6293999999999995;7.446;21.969099999999997;9.8537;8.5347;12.0903;0.0;21.889;32.333;24.921799999999998;17.1738;16.0333;18.389599999999998;14.0096;13.5823;22.828200000000002;5.7695;21.825599999999998;19.306099999999997;19.296400000000002;13.5823;9.6528;17.4493;18.4453;5.321;5.4959;14.6189;9.479299999999999;5.7695;11.492299999999998;7.3673;0.0;10.4222;14.665799999999999;9.9359;11.621799999999999;16.0333;14.0096;2.7701;18.2978;14.7611;14.665799999999999;18.2978;20.5164;16.4788;21.1603;11.5571;10.058399999999999;16.602700000000002;14.0096;9.6528;14.7265;15.9028;13.5823;17.186400000000003;5.7695;16.394299999999998;18.2978;18.0001;14.7265;21.1603;18.5574;14.665799999999999;18.5574;31.2503;28.215;14.665799999999999;15.9731;17.3882;26.9686;21.0103;18.555799999999998;37.1282;26.5411;15.8527;27.1219;14.7265;18.5574;22.5284;17.1181;35.775400000000005;21.818099999999998;24.9485;34.9721;5.4959;33.6671;19.697;27.0977;31.2503;29.6595;22.2145;20.695;22.2145;21.8525;35.1894;20.695;19.697;37.1282;27.3609;25.0765;25.0765;18.9597;20.7498;23.7242;24.5275;24.5275;18.9597;18.7303;20.2546;21.8525;20.7498;23.7242;19.697;18.9597;25.0765;20.652;17.8989;33.7345;35.9616;18.0906;37.7211;33.1385;37.7211;27.3609;35.9616;29.0508;28.627599999999997;22.631400000000003;20.7498;33.0815;20.652;51.708800000000004;37.7211;58.095699999999994;38.8366;48.9291;43.062;44.809400000000004;47.1565;52.137699999999995;33.7345;37.7211;37.7211;62.4733;35.775400000000005;53.287099999999995;43.2136;22.5087;43.188;22.3458;16.8797;57.674;17.8989;25.0323;22.828200000000002;24.083299999999998;28.6625;19.306099999999997;28.6625;32.2585;16.8797;18.4453;12.882299999999999;7.446;5.5987;14.6189;0.0;2.6905;11.395100000000001;7.1911000000000005;9.1714;7.852399999999999;13.636299999999999;20.1809;30.625;21.2532;9.8887;16.668400000000002;25.1986;12.077399999999999;19.3592;20.9997;30.8545;21.632900000000003;17.2389;18.4659;12.5166;15.343;16.1139;20.633200000000002;18.4659;14.7072;12.5166;16.9305;23.168400000000002;16.8202;17.5664;16.5527;9.770299999999999;24.5867;17.5664;12.5166;15.735700000000001;15.350299999999999;16.3248;19.1026;33.616;44.139300000000006;24.735;29.1195;27.319599999999998;18.383599999999998;44.3046;28.7641;27.862299999999998;30.971400000000003;26.701;32.4796;29.6951;24.130599999999998;25.638;18.383599999999998;18.383599999999998;21.3104;24.3014;19.547400000000003;21.6975;19.284299999999998;30.971400000000003;19.5257;19.547400000000003;20.821099999999998;20.5322;13.866;24.3014;21.831599999999998;26.114;19.547400000000003;25.638;24.3014;19.5257;29.4332;19.547400000000003;19.284299999999998;24.9009;29.891099999999998;27.702;18.383599999999998;18.383599999999998;44.8813;21.6975
Lohbrügge 2.;49.4439;49.3201;53.802;52.6526;62.988099999999996;57.1752;58.6105;47.6713;51.386199999999995;51.191;51.2721;39.052099999999996;49.817099999999996;58.1888;22.860599999999998;33.9845;35.6961;23.0235;18.904400000000003;19.8209;22.860599999999998;25.547099999999997;42.4975;35.6961;18.960099999999997;24.238;13.300600000000001;4.5567;14.5091;3.3387;4.261;31.1998;9.775;8.4559;12.0115;2.6905;20.4808;30.924799999999998;23.5136;15.765600000000001;13.300600000000001;18.904400000000003;14.5244;14.097100000000001;23.343;6.2844;22.340400000000002;19.8209;19.8112;14.097100000000001;10.1676;17.9641;18.960099999999997;7.2641;6.0107;14.5091;9.9941;6.2844;12.007100000000001;7.8821;2.6905;8.5777;15.1806;10.450700000000001;12.136700000000001;13.300600000000001;14.5244;4.5567;20.0695;16.532799999999998;15.1806;20.0695;15.382700000000002;12.8395;22.932;9.7331;10.5732;18.3744;14.5244;10.1676;15.2414;17.6745;14.097100000000001;17.7013;6.2844;16.9091;20.0695;22.2018;15.2414;22.932;19.072200000000002;15.1806;19.072200000000002;31.765099999999997;28.7298;15.1806;16.4879;17.903;27.483400000000003;21.5252;19.0706;37.6431;28.3128;16.3675;28.8936;15.2414;19.072200000000002;23.0433;17.632900000000003;36.2902;22.332900000000002;25.4634;35.4869;6.0107;34.1819;20.2119;27.6125;31.765099999999997;30.1743;22.7293;21.209799999999998;22.7293;22.3673;35.7042;21.209799999999998;20.2119;37.6431;27.875799999999998;25.5913;25.5913;19.4746;21.264599999999998;24.239;25.0423;25.0423;19.4746;19.245099999999997;20.7694;22.3673;21.264599999999998;24.239;20.2119;19.4746;25.5913;21.1668;18.413700000000002;34.2494;36.4765;18.605400000000003;38.2359;33.6533;38.2359;27.875799999999998;36.4765;29.5656;29.1425;23.1462;21.264599999999998;33.5964;21.1668;52.2236;38.2359;58.6105;39.3514;49.4439;43.576800000000006;45.3242;47.6713;52.6526;34.2494;38.2359;38.2359;62.988099999999996;36.2902;53.802;43.7284;23.0235;43.7029;22.860599999999998;17.3945;58.1888;18.413700000000002;25.547099999999997;23.343;24.5981;29.177400000000002;19.8209;29.177400000000002;32.773300000000006;17.3945;18.960099999999997;9.697299999999998;4.261;5.5199;14.5091;2.6905;0.0;12.0067;7.8157;9.7829;8.463899999999999;14.2478;20.8056;31.249599999999997;30.6676;9.8156;12.8599;28.311;9.7369;19.286099999999998;17.444599999999998;27.299400000000002;24.0239;17.1657;18.3927;12.4434;15.2698;16.0407;20.56;18.3927;14.634;12.4434;16.8573;23.095200000000002;16.747;17.4932;16.479599999999998;9.6971;27.527099999999997;17.4932;12.4434;15.6625;15.2772;16.2516;19.029400000000003;33.5428;44.0661;24.6618;35.4784;30.0877;18.3104;44.2314;28.690900000000003;27.789099999999998;30.8982;26.6278;32.406400000000005;29.6219;24.0574;25.564799999999998;18.3104;18.3104;21.2372;24.2282;19.4742;21.6244;19.2112;30.8982;19.4525;19.4742;20.7479;20.459;13.7929;24.2282;21.7585;26.0409;19.4742;25.564799999999998;24.2282;19.4525;29.36;19.4742;19.2112;24.8277;29.458;27.6288;18.3104;18.3104;44.8082;21.6244
Altengamme 2.;63.3525;63.228699999999996;67.7105;66.56110000000001;76.8967;71.0837;72.51910000000001;61.2259;64.9408;65.0996;65.1807;52.960699999999996;63.725699999999996;67.36030000000001;32.0321;43.1559;44.8675;32.195;28.0758;28.9924;32.0321;34.718599999999995;51.669;44.8675;28.1315;33.4095;15.709200000000001;13.882200000000001;9.551;10.9899;15.076799999999999;21.053;7.169899999999999;7.891100000000001;0.0;11.395100000000001;12.006200000000002;22.4503;13.4017;7.990600000000001;15.709200000000001;28.0758;25.323400000000003;28.8353;32.5144;16.9136;31.5119;28.9924;28.9827;28.8353;27.5805;27.1356;28.1315;18.6727;16.64;9.551;28.0653;16.9136;30.0783;18.5113;11.395100000000001;20.2791;33.2518;28.521900000000002;30.207900000000002;15.709200000000001;25.323400000000003;13.882200000000001;36.2256;32.688900000000004;33.2518;36.2256;38.4441;24.5409;39.088;21.4345;29.083599999999997;34.5304;25.323400000000003;27.5805;37.5354;33.8306;28.8353;35.7725;16.9136;34.9803;36.2256;38.357800000000005;37.5354;39.088;37.1434;33.2518;37.1434;49.8363;46.801;33.2518;34.5591;35.974199999999996;45.5546;39.5964;37.1418;55.056;44.4688;34.4387;45.049699999999994;37.5354;37.1434;41.1145;35.7041;50.198699999999995;36.2414;43.5346;53.558099999999996;16.64;45.486;33.766400000000004;45.683699999999995;49.8363;42.3561;36.6379;39.281;36.6379;36.2759;49.6128;39.281;33.766400000000004;55.056;41.4303;39.4998;39.4998;33.3831;35.173199999999994;38.1475;38.5969;38.5969;33.3831;33.1537;34.678;36.2759;35.173199999999994;38.1475;33.766400000000004;33.3831;39.4998;34.7214;31.9683;47.804;50.385;32.514;51.7905;47.5619;51.7905;41.4303;50.385;43.1202;42.697;36.7008;35.173199999999994;47.1509;34.7214;66.1322;51.7905;72.51910000000001;53.2599;63.3525;57.4854;59.232699999999994;61.2259;66.56110000000001;47.804;51.7905;51.7905;76.8967;50.198699999999995;67.7105;57.283;32.195;52.874300000000005;32.0321;26.566;67.36030000000001;31.9683;34.718599999999995;32.5144;33.7696;38.348800000000004;28.9924;38.348800000000004;41.9448;26.566;28.1315;18.924;15.076799999999999;11.823;9.551;11.395100000000001;12.0067;0.0;5.9589;7.162100000000001;7.8837;13.998;11.7844;22.2284;20.8719;26.6711;33.4508;41.981;21.398400000000002;36.1416;37.782;47.636900000000004;38.4153;34.021300000000004;35.2483;30.082099999999997;32.9085;33.6794;37.4156;35.2483;35.9598;30.082099999999997;34.496;39.9507;33.6025;32.1956;31.7469;27.3358;41.369099999999996;32.1956;30.082099999999997;30.364900000000002;32.915800000000004;30.954;36.668099999999995;49.1983;57.0162;38.3995;45.901900000000005;44.102;31.2605;57.1815;45.5465;46.6331;43.8483;40.3656;45.3565;45.9988;37.0075;38.514900000000004;31.2605;31.2605;34.1873;37.1783;32.4243;34.574400000000004;32.1612;43.8483;32.4026;32.4243;33.698;33.409099999999995;28.4814;37.1783;34.7085;38.9909;32.4243;38.514900000000004;37.1783;32.4026;42.3101;32.4243;32.1612;37.777800000000006;38.5045;40.578900000000004;31.2605;31.2605;57.758199999999995;34.574400000000004
Curslack-Neuengamme 2.;57.711400000000005;57.5876;62.0694;60.9201;71.2556;65.4427;66.878;55.5848;59.299800000000005;59.4585;59.5396;47.3196;58.0846;61.719199999999994;26.391;37.514900000000004;39.2264;26.553900000000002;22.4348;23.3513;26.391;29.0775;46.0279;39.2264;22.4905;27.7684;17.128700000000002;8.241200000000001;8.06;7.5717;11.7715;26.407400000000003;13.434;7.9102;5.9589;7.1911000000000005;18.479200000000002;28.923299999999998;21.512;13.764100000000001;17.128700000000002;22.4348;19.682299999999998;23.194200000000002;26.8734;12.7095;25.8708;23.3513;23.3416;23.194200000000002;21.939400000000003;21.4945;22.4905;13.0317;12.4359;8.06;22.4242;12.7095;24.4372;22.9995;7.1911000000000005;16.0882;27.610799999999998;22.8808;24.5668;17.128700000000002;19.682299999999998;8.241200000000001;30.5845;27.0478;27.610799999999998;30.5845;32.803;28.765400000000003;33.4469;17.243599999999997;23.4425;28.8893;19.682299999999998;21.939400000000003;31.894299999999998;28.1895;23.194200000000002;30.131400000000003;12.7095;29.3392;30.5845;32.7167;31.894299999999998;33.4469;31.502299999999998;27.610799999999998;31.502299999999998;44.1953;41.16;27.610799999999998;28.918;30.333099999999998;39.9135;33.9553;31.500700000000002;49.4149;38.8278;28.7976;39.4086;31.894299999999998;31.502299999999998;35.4734;30.063;44.5577;30.6004;37.8935;47.917;12.4359;39.845;28.125400000000003;40.0426;44.1953;36.7151;30.9968;33.64;30.9968;30.6348;43.9717;33.64;28.125400000000003;49.4149;35.789300000000004;33.8588;33.8588;27.742099999999997;29.5321;32.5065;32.9559;32.9559;27.742099999999997;27.5126;29.036900000000003;30.6348;29.5321;32.5065;28.125400000000003;27.742099999999997;33.8588;29.080299999999998;26.3272;42.1629;44.743900000000004;26.8729;46.1494;41.9208;46.1494;35.789300000000004;44.743900000000004;37.479099999999995;37.056;31.0597;29.5321;41.5099;29.080299999999998;60.491099999999996;46.1494;66.878;47.618900000000004;57.711400000000005;51.844300000000004;53.591699999999996;55.5848;60.9201;42.1629;46.1494;46.1494;71.2556;44.5577;62.0694;51.6419;26.553900000000002;47.2333;26.391;20.9249;61.719199999999994;26.3272;29.0775;26.8734;28.1285;32.7078;23.3513;32.7078;36.3037;20.9249;22.4905;17.2078;11.7715;8.541;8.06;7.1911000000000005;7.8157;5.9589;0.0;13.3657;7.9095;18.779400000000003;18.4121;28.8562;26.3963;20.971;27.7506;36.280800000000006;17.2137;30.4415;32.081900000000005;41.936699999999995;32.7151;28.321099999999998;29.548099999999998;24.3819;27.208299999999998;27.979200000000002;31.715400000000002;29.548099999999998;30.259700000000002;24.3819;28.7958;34.2506;27.9024;26.4954;26.0467;21.6356;35.6689;26.4954;24.3819;24.6648;27.215700000000002;25.2539;30.9679;43.4981;51.316;32.699400000000004;40.201699999999995;38.4018;25.560299999999998;51.4814;39.8463;40.932900000000004;38.1481;34.6654;39.656400000000005;40.2986;31.307299999999998;32.814699999999995;25.560299999999998;25.560299999999998;28.487099999999998;31.478099999999998;26.7241;28.874299999999998;26.4611;38.1481;26.7025;26.7241;27.997799999999998;27.7089;22.781299999999998;31.478099999999998;29.0084;33.290800000000004;26.7241;32.814699999999995;31.478099999999998;26.7025;36.6099;26.7241;26.4611;32.0776;32.8044;34.878699999999995;25.560299999999998;25.560299999999998;52.058099999999996;28.874299999999998
Escheburg 2.;65.2664;65.1426;69.6245;68.47510000000001;78.8107;72.9977;74.433;63.139900000000004;66.8548;67.0135;67.0946;54.8746;65.6396;69.2742;33.946;45.069900000000004;46.7815;34.109;29.9898;30.9064;33.946;36.6325;53.5829;46.7815;30.0455;35.3235;8.539299999999999;15.7962;15.9223;9.712200000000001;10.2388;14.475100000000001;0.0;3.4937;7.162100000000001;9.1714;9.9267;20.3707;12.629299999999999;5.2115;8.539299999999999;29.9898;27.2374;30.749299999999998;34.4284;14.6899;33.4258;30.9064;30.8966;30.749299999999998;29.4945;29.0495;30.0455;20.5867;14.4162;15.9223;29.979200000000002;14.6899;31.9922;30.5545;9.1714;17.187900000000003;35.165800000000004;30.4359;32.1218;8.539299999999999;27.2374;15.7962;38.1395;34.6028;35.165800000000004;38.1395;22.800900000000002;22.0408;41.002;18.9344;30.9976;36.4444;27.2374;29.4945;39.4493;35.7445;30.749299999999998;37.6864;14.6899;36.8943;38.1395;40.271699999999996;39.4493;41.002;39.0574;35.165800000000004;39.0574;51.7503;48.715;35.165800000000004;36.473;37.8881;47.468599999999995;41.5103;39.055699999999995;56.9699;46.3828;36.3527;46.9636;39.4493;39.0574;43.028400000000005;37.6181;52.1127;38.1554;45.4485;55.472;14.4162;47.4;35.6804;47.597699999999996;51.7503;44.2701;38.5518;41.195;38.5518;38.189800000000005;51.5267;41.195;35.6804;56.9699;43.344300000000004;41.4138;41.4138;35.2971;37.087199999999996;40.0615;40.5109;40.5109;35.2971;35.067699999999995;36.5919;38.189800000000005;37.087199999999996;40.0615;35.6804;35.2971;41.4138;36.6353;33.8823;49.7179;52.299;34.4279;53.7044;49.4759;53.7044;43.344300000000004;52.299;45.0342;44.611;38.6147;37.087199999999996;49.0649;36.6353;68.04610000000001;53.7044;74.433;55.1739;65.2664;59.3994;61.146699999999996;63.139900000000004;68.47510000000001;49.7179;53.7044;53.7044;78.8107;52.1127;69.6245;59.197;34.109;54.7883;33.946;28.4799;69.2742;33.8823;36.6325;34.4284;35.6835;40.262800000000006;30.9064;40.262800000000006;43.8587;28.4799;30.0455;14.623899999999999;10.2388;6.9851;15.9223;9.1714;9.7829;7.162100000000001;13.3657;0.0;3.4937;6.8359;9.9423;20.3863;14.4527;28.6309;22.409299999999998;43.9407;19.2863;38.1014;22.759400000000003;36.8489;33.5733;35.9811;37.208;32.0418;34.868199999999995;35.6391;39.3753;37.208;37.919599999999996;32.0418;36.4557;41.9105;35.5623;34.1554;33.7066;29.2955;43.3288;34.1554;32.0418;32.3247;34.8756;32.9138;38.6278;51.158;58.976;40.359300000000005;45.027800000000006;46.061699999999995;33.2202;59.1413;47.5062;48.5929;45.808;42.325300000000006;47.316300000000005;47.9585;38.9672;40.4747;33.2202;33.2202;36.147;39.1381;34.384;36.5342;34.121;45.808;34.3624;34.384;35.6577;35.368900000000004;30.441200000000002;39.1381;36.6683;40.9507;34.384;40.4747;39.1381;34.3624;44.269800000000004;34.384;34.121;39.7375;40.4643;42.538599999999995;33.2202;33.2202;59.718;36.5342
Börnsen 2.;59.8097;59.685900000000004;64.1678;63.0184;73.3539;67.541;68.97630000000001;57.683099999999996;61.3981;61.5568;61.6379;49.4179;60.182900000000004;63.8175;28.4893;39.6132;41.3248;28.6522;24.533099999999997;25.4496;28.4893;31.1758;48.1262;41.3248;24.5888;29.8667;9.673399999999999;10.3395;14.5414;7.113899999999999;7.6406;15.609200000000001;3.4937;0.0;7.8837;7.852399999999999;12.7615;23.2055;15.4641;8.0463;9.673399999999999;24.533099999999997;21.7806;25.2925;28.971700000000002;13.3708;27.969099999999997;25.4496;25.4399;25.2925;24.0378;23.5928;24.5888;15.13;13.0972;14.5414;24.5225;13.3708;26.5355;14.9686;7.852399999999999;13.8261;29.7091;24.9791;26.6651;9.673399999999999;21.7806;10.3395;32.6828;29.146099999999997;29.7091;32.6828;19.4391;19.4426;35.545199999999994;16.3362;25.5408;30.9877;21.7806;24.0378;33.992599999999996;30.2878;25.2925;32.2297;13.3708;31.4375;32.6828;34.815;33.992599999999996;35.545199999999994;33.6006;29.7091;33.6006;46.2936;43.258300000000006;29.7091;31.016299999999998;32.431400000000004;42.0118;36.053599999999996;33.599;51.5132;40.9261;30.8959;41.5069;33.992599999999996;33.6006;37.5717;32.1613;46.656;32.6987;39.991800000000005;50.0153;13.0972;41.9433;30.2237;42.141;46.2936;38.8134;33.095099999999995;35.7383;33.095099999999995;32.7331;46.07;35.7383;30.2237;51.5132;37.8876;35.9571;35.9571;29.840400000000002;31.6304;34.604800000000004;35.054199999999994;35.054199999999994;29.840400000000002;29.6109;31.1352;32.7331;31.6304;34.604800000000004;30.2237;29.840400000000002;35.9571;31.1786;28.4255;44.261199999999995;46.8423;28.9712;48.247699999999995;44.0191;48.247699999999995;37.8876;46.8423;39.577400000000004;39.154300000000006;33.158;31.6304;43.6082;31.1786;62.589400000000005;48.247699999999995;68.97630000000001;49.7172;59.8097;53.9426;55.69;57.683099999999996;63.0184;44.261199999999995;48.247699999999995;48.247699999999995;73.3539;46.656;64.1678;53.740199999999994;28.6522;49.3316;28.4893;23.0232;63.8175;28.4255;31.1758;28.971700000000002;30.2268;34.8061;25.4496;34.8061;38.402;23.0232;24.5888;11.4878;7.6406;4.3869;14.5414;7.852399999999999;8.463899999999999;7.8837;7.9095;3.4937;0.0;7.978;12.7771;23.2211;15.594899999999999;23.1155;19.089;38.4254;15.966;32.586;19.4392;33.5286;30.2531;30.465700000000002;31.692700000000002;26.5265;29.3529;30.1238;33.86;31.692700000000002;32.4042;26.5265;30.9404;36.395199999999996;30.0469;28.64;28.1913;23.7802;37.8135;28.64;26.5265;26.8093;29.3603;27.3985;33.1125;45.6427;53.4606;34.843900000000005;41.7076;40.5464;27.704900000000002;53.6259;41.9909;43.0775;40.292699999999996;36.81;41.8009;42.4432;33.4519;34.959300000000006;27.704900000000002;27.704900000000002;30.631700000000002;33.622699999999995;28.8687;31.018900000000002;28.6056;40.292699999999996;28.847;28.8687;30.142400000000002;29.8535;24.9258;33.622699999999995;31.153;35.435300000000005;28.8687;34.959300000000006;33.622699999999995;28.847;38.7545;28.8687;28.6056;34.222199999999994;34.9489;37.023300000000006;27.704900000000002;27.704900000000002;54.2026;31.018900000000002
Dassendorf 2.;65.4285;65.3047;69.7865;68.6371;78.9727;73.1597;74.5951;68.3686;67.9567;67.1756;66.5004;55.036699999999996;65.8017;74.688;39.3598;50.483599999999996;52.1952;39.5227;35.4036;36.3201;39.3598;42.0463;58.9967;52.1952;35.459300000000006;40.737199999999994;6.1111;21.21;25.4114;11.732299999999999;13.161;10.167399999999999;6.8359;7.978;13.998;13.636299999999999;11.3606;21.8047;14.0633;7.461600000000001;6.1111;35.4036;32.6511;30.7428;39.8421;19.154700000000002;38.8396;36.3201;36.3104;30.7428;19.6353;34.463300000000004;35.459300000000006;26.000400000000003;18.8811;25.4114;21.7264;19.154700000000002;26.744400000000002;18.254;13.636299999999999;15.7622;31.4345;28.726599999999998;27.753400000000003;6.1111;32.6511;21.21;28.9742;25.4375;31.4345;28.9742;21.3752;21.7441;31.836599999999997;18.6378;21.3417;27.2791;32.6511;19.6353;30.284;26.5792;30.7428;32.9756;19.154700000000002;32.1835;28.9742;31.1064;30.284;31.836599999999997;34.346599999999995;31.4345;34.346599999999995;47.0395;44.0042;31.4345;31.3458;33.468900000000005;42.7578;36.7995;34.3449;40.6461;37.2175;31.5303;34.491800000000005;30.284;34.346599999999995;38.3176;32.7759;52.274699999999996;37.6812;40.7377;50.761300000000006;18.8811;49.456300000000006;37.008900000000004;42.886900000000004;47.0395;45.448699999999995;38.0751;36.8851;38.0751;38.3519;51.6888;36.8851;37.008900000000004;40.6461;43.9114;41.5758;41.5758;35.4591;37.249199999999995;39.862300000000005;41.078;41.078;35.4591;35.229699999999994;36.754;38.3519;37.249199999999995;39.862300000000005;37.008900000000004;35.4591;41.5758;37.437;34.7096;50.285;52.461;34.59;54.2715;49.6379;54.2715;43.9114;52.461;45.6013;45.758199999999995;39.9432;37.249199999999995;50.1668;37.437;68.20819999999999;54.2715;74.5951;55.3359;65.4285;59.5614;61.308699999999995;68.3686;68.6371;50.285;54.2715;54.2715;78.9727;52.274699999999996;69.7865;60.2988;39.5227;60.202;39.3598;33.893699999999995;74.688;34.7096;42.0463;39.8421;41.097300000000004;45.6765;36.3201;45.6765;49.2725;33.893699999999995;35.459300000000006;13.1983;13.161;9.0053;25.4114;13.636299999999999;14.2478;13.998;18.779400000000003;6.8359;7.978;0.0;10.9457;21.3898;9.7638;23.9493;20.9925;36.4437;17.8695;29.555799999999998;21.3427;35.4321;32.1566;27.4354;28.6624;28.0759;30.99;31.361099999999997;30.8297;28.6624;29.373900000000003;28.0759;31.9516;33.3649;27.0167;32.5885;31.035;25.8885;35.659699999999994;32.5885;28.0759;31.1869;30.997400000000003;31.431900000000002;34.1237;48.6371;59.5451;40.181400000000004;43.6111;38.2204;34.767;51.9163;38.9606;40.0472;46.792199999999994;42.147400000000005;49.209;44.7162;39.602;41.458800000000004;34.767;34.767;37.1312;40.725699999999996;35.368199999999995;37.5184;35.1051;46.792199999999994;35.3465;35.368199999999995;37.1043;36.353;30.2904;40.725699999999996;38.256;42.5384;35.368199999999995;41.458800000000004;40.725699999999996;35.3465;45.8575;35.368199999999995;35.1051;41.325199999999995;41.0721;43.522800000000004;34.767;34.767;60.7021;37.5184
FSV Geesthacht 1.;70.3129;70.18910000000001;74.67089999999999;73.5215;83.8571;78.0442;79.4795;68.1863;71.9013;72.06;72.14110000000001;59.921099999999996;70.68610000000001;74.3207;38.9925;52.6901;51.8279;39.1554;35.036300000000004;35.9528;38.9925;41.679;58.629400000000004;51.8279;35.092;40.3699;15.9246;20.8427;20.5446;18.4679;21.0578;13.5214;9.9423;12.7771;11.7844;20.1809;0.0;10.444;2.7026;5.0935;15.9246;35.036300000000004;32.2838;35.7957;39.4749;25.6994;38.472300000000004;35.9528;35.9431;35.7957;34.5409;34.096;35.092;25.6331;25.4258;20.5446;35.0257;25.6994;37.0387;35.601;20.1809;25.5757;40.212300000000006;35.4823;37.1683;15.9246;32.2838;20.8427;43.186;39.649300000000004;40.212300000000006;43.186;45.4045;41.3669;46.0484;28.4512;36.044;41.4908;32.2838;34.5409;44.4958;40.791;35.7957;42.7329;25.6994;41.9407;43.186;45.3182;44.4958;46.0484;44.1038;40.212300000000006;44.1038;56.796800000000005;53.7614;40.212300000000006;41.5195;42.934599999999996;52.515;46.5568;44.102199999999996;62.016400000000004;51.429300000000005;41.3991;52.0101;44.4958;44.1038;48.0749;42.6645;57.1592;43.2019;50.495;60.5185;25.4258;52.4465;40.7269;52.6441;56.796800000000005;49.3165;43.5983;46.2415;43.5983;43.2363;56.5732;46.2415;40.7269;62.016400000000004;48.390800000000006;46.460300000000004;46.460300000000004;40.3435;42.1336;45.108;45.5574;45.5574;40.3435;40.1141;41.638400000000004;43.2363;42.1336;45.108;40.7269;40.3435;46.460300000000004;41.6818;38.9287;54.7644;57.3454;39.4744;58.7509;54.5223;58.7509;48.390800000000006;57.3454;50.0806;49.6575;43.661199999999994;42.1336;54.1114;41.6818;73.0926;58.7509;79.4795;60.2204;70.3129;64.4458;66.19319999999999;68.1863;73.5215;54.7644;58.7509;58.7509;83.8571;57.1592;74.67089999999999;64.24340000000001;39.1554;59.8347;38.9925;33.5264;74.3207;38.9287;41.679;39.4749;40.73;45.3092;35.9528;45.3092;48.905199999999994;33.5264;35.092;23.0117;21.0578;17.804;20.5446;20.1809;20.8056;11.7844;18.4121;9.9423;12.7771;10.9457;0.0;10.444;13.5185;33.6761;40.4557;48.986;27.6943;43.1466;44.787;54.6419;45.420300000000005;41.026300000000006;42.2533;37.0871;39.9135;40.684400000000004;44.4206;42.2533;42.964800000000004;37.0871;41.501;46.9557;40.6075;39.2006;38.7519;34.3408;48.3741;39.2006;37.0871;37.3699;39.9208;37.959;43.6731;56.203300000000006;64.0212;45.4045;52.906800000000004;51.107;38.2655;64.1865;52.5515;53.6381;50.853300000000004;47.370599999999996;52.3615;53.003699999999995;44.0125;45.5199;38.2655;38.2655;41.1923;44.1833;39.429300000000005;41.5794;39.166199999999996;50.853300000000004;39.407599999999995;39.429300000000005;40.703;40.4141;35.4864;44.1833;41.7135;45.9959;39.429300000000005;45.5199;44.1833;39.407599999999995;49.3151;39.429300000000005;39.166199999999996;44.7828;45.5095;47.5839;38.2655;38.2655;64.7632;41.5794
Lauenburg 1.;80.75689999999999;80.6331;85.115;83.96560000000001;94.3011;88.48819999999999;89.9235;78.6304;82.34530000000001;82.504;82.58510000000001;70.36510000000001;81.1301;84.76469999999999;49.4365;63.1342;62.272;49.5995;45.4803;46.3969;49.4365;52.123;69.07339999999999;62.272;45.536;50.814;26.368599999999997;31.2867;30.988599999999998;28.911900000000003;31.5018;17.889;20.3863;23.2211;22.2284;30.625;10.444;0.0;9.909799999999999;15.5375;26.368599999999997;45.4803;42.7278;46.2398;49.9189;36.1434;48.9163;46.3969;46.3871;46.2398;46.8807;44.54;45.536;36.0772;35.869800000000005;30.988599999999998;45.469699999999996;36.1434;47.482699999999994;47.531800000000004;30.625;43.1441;54.092;45.926300000000005;50.4108;26.368599999999997;42.7278;31.2867;51.6316;48.0949;54.092;51.6316;47.5236;44.9804;54.494099999999996;41.874;46.488;49.9365;42.7278;46.8807;52.9414;49.236599999999996;46.2398;55.6331;36.1434;54.840900000000005;51.6316;53.7639;52.9414;54.494099999999996;57.004;54.092;57.004;69.697;66.6616;54.092;54.0032;56.1263;65.4152;59.457;57.0024;57.096599999999995;59.874900000000004;54.1878;55.227599999999995;52.9414;57.004;60.9751;55.4333;67.6032;53.645900000000005;63.395199999999996;73.4187;35.869800000000005;72.1137;51.1709;65.5443;69.697;68.10610000000001;54.042300000000004;59.5426;54.042300000000004;53.6803;67.0172;59.5426;51.1709;57.096599999999995;58.8348;56.904300000000006;56.904300000000006;50.7876;52.5777;55.552;56.001400000000004;56.001400000000004;50.7876;50.558099999999996;52.0824;53.6803;52.5777;55.552;51.1709;50.7876;56.904300000000006;52.125800000000005;49.372699999999995;65.2084;67.7895;49.9184;69.19489999999999;64.9663;69.19489999999999;58.8348;67.7895;60.524699999999996;60.1015;54.105199999999996;52.5777;64.5554;52.125800000000005;83.5366;69.19489999999999;89.9235;70.6644;80.75689999999999;74.88980000000001;76.63719999999999;78.6304;83.96560000000001;65.2084;69.19489999999999;69.19489999999999;94.3011;67.6032;85.115;74.6874;49.5995;70.2788;49.4365;43.9704;84.76469999999999;49.372699999999995;52.123;49.9189;51.174;55.7533;46.3969;55.7533;59.349199999999996;43.9704;45.536;37.4906;31.5018;28.248099999999997;30.988599999999998;30.625;31.249599999999997;22.2284;28.8562;20.3863;23.2211;21.3898;10.444;0.0;17.918599999999998;44.1201;44.6577;51.8384;41.534699999999994;52.6312;49.2424;49.0494;55.8217;50.5108;51.7378;51.151300000000006;54.065400000000004;54.4365;53.9051;51.7378;52.449400000000004;51.151300000000006;55.027;56.4403;50.0921;49.6446;54.1104;44.784800000000004;59.3249;49.6446;51.151300000000006;47.813900000000004;54.0728;48.4031;57.1991;71.7125;74.4652;55.8486;57.2284;61.8855;48.7095;74.6305;62.036;63.1226;61.2973;57.8146;62.8055;67.7916;54.4565;55.9639;48.7095;48.7095;51.636300000000006;54.627300000000005;49.8733;52.0235;49.6102;61.2973;49.8516;49.8733;51.147;50.8581;45.9304;54.627300000000005;52.157599999999995;56.4399;49.8733;55.9639;54.627300000000005;49.8516;59.7591;49.8733;49.6102;55.226800000000004;67.0123;58.0279;48.7095;48.7095;75.2072;52.0235
Schwarzenbek 2.;72.23530000000001;72.1115;76.59339999999999;75.444;85.7795;79.9666;81.4019;75.1755;74.7635;73.9824;73.3072;61.8435;72.6085;84.0702;48.742;59.8658;61.577400000000004;48.904900000000005;44.7857;45.7023;48.742;51.4284;68.3788;61.577400000000004;44.8414;50.1194;14.7426;28.8268;29.632099999999998;19.3492;19.875799999999998;0.0;14.4527;15.594899999999999;20.8719;21.2532;13.5185;17.918599999999998;14.7015;14.181;14.7426;44.7857;40.405699999999996;37.5496;49.2243;34.8805;48.2218;45.7023;45.6926;37.5496;31.030099999999997;43.8454;44.8414;33.6173;34.6069;29.632099999999998;33.121199999999995;34.8805;36.3164;31.681099999999997;21.2532;27.2935;38.2414;35.5334;34.560199999999995;14.7426;40.405699999999996;28.8268;35.781;32.2443;38.2414;35.781;31.673;29.1298;38.6435;26.023400000000002;32.7365;34.0859;40.405699999999996;31.030099999999997;37.0908;33.386;37.5496;39.7825;34.8805;38.990300000000005;35.781;37.9133;37.0908;38.6435;41.153400000000005;38.2414;41.153400000000005;53.8463;50.811;38.2414;38.1526;40.2757;49.5646;43.6064;41.1518;41.246;44.024300000000004;38.337199999999996;39.377;37.0908;41.153400000000005;45.1245;39.582699999999996;59.0816;44.488;47.544599999999996;57.5681;34.6069;56.2631;43.8157;49.6937;53.8463;52.2555;44.8819;43.692;44.8819;45.158699999999996;58.495599999999996;43.692;43.8157;41.246;50.718300000000006;48.3827;48.3827;42.266;44.056;46.6691;47.8849;47.8849;42.266;42.0365;43.5608;45.158699999999996;44.056;46.6691;43.8157;42.266;48.3827;44.2438;41.516400000000004;57.0919;59.267900000000004;41.396800000000006;61.0784;56.4447;61.0784;50.718300000000006;59.267900000000004;52.4081;52.5651;46.75;44.056;56.9736;44.2438;75.015;61.0784;81.4019;62.1428;72.23530000000001;66.3682;68.1156;75.1755;75.444;57.0919;61.0784;61.0784;85.7795;59.0816;76.59339999999999;67.1057;48.904900000000005;69.5842;48.742;40.6714;84.0702;41.516400000000004;51.4284;49.2243;50.4795;55.058699999999995;45.7023;55.058699999999995;58.6547;40.6714;44.8414;21.64;19.875799999999998;16.6221;29.632099999999998;21.2532;30.6676;20.8719;26.3963;14.4527;15.594899999999999;9.7638;13.5185;17.918599999999998;0.0;31.2317;28.8646;36.0454;25.7416;36.8381;33.449400000000004;33.2564;40.0287;34.717800000000004;35.9448;35.3582;38.272400000000005;38.6435;38.1121;35.9448;36.6563;35.3582;39.2339;40.6472;34.299;39.8708;38.3174;33.1709;43.531800000000004;39.8708;35.3582;38.469300000000004;38.2797;38.7142;41.406;55.9194;66.8275;47.463800000000006;41.435300000000005;46.0925;42.0493;59.1986;46.243;47.3296;54.0746;49.4298;56.4914;51.998599999999996;46.8844;48.7412;42.0493;42.0493;44.413599999999995;48.0081;42.6505;44.8007;42.3875;54.0746;42.6289;42.6505;44.3866;43.635400000000004;37.5727;48.0081;45.5383;49.820699999999995;42.6505;48.7412;48.0081;42.6289;53.139900000000004;42.6505;42.3875;48.6076;55.677099999999996;50.805099999999996;42.0493;42.0493;67.9845;44.8007
Billstedt-Horn 1.;43.559599999999996;43.4358;47.917699999999996;46.7683;57.1038;51.2909;52.7262;41.787;45.5019;45.3067;48.3331;33.1678;43.9328;55.4423;20.114099999999997;31.238;25.0716;20.277099999999997;16.157899999999998;17.0745;20.114099999999997;22.8006;39.751;25.0716;16.2136;21.4915;20.4513;16.704;27.653200000000002;13.014299999999999;14.695200000000002;31.2317;28.6309;23.1155;26.6711;9.8887;33.6761;44.1201;36.7089;28.960900000000002;20.4513;16.157899999999998;7.8899;8.2128;20.5965;3.6269;19.5939;17.0745;17.064700000000002;8.2128;0.0;15.217600000000001;16.2136;12.7858;3.6475;27.653200000000002;2.0911;3.6269;6.1228;2.7289;9.8887;6.6917;13.267299999999999;4.1559;9.5861;20.4513;7.8899;16.704;10.806899999999999;7.2702;13.267299999999999;10.806899999999999;13.0255;8.9878;13.6693;10.3985;2.6855;9.111799999999999;7.8899;0.0;12.116700000000002;8.4119;8.2128;14.8083;3.6269;14.016200000000001;10.806899999999999;12.9391;12.116700000000002;13.6693;16.179299999999998;13.267299999999999;16.179299999999998;28.8722;25.8369;13.267299999999999;13.1785;15.3016;24.5905;18.6323;16.1777;29.6373;19.0502;13.363;19.631;12.116700000000002;16.179299999999998;20.150299999999998;14.608600000000001;30.405900000000003;16.4486;22.5705;32.594;3.6475;31.289;14.3275;24.7196;28.8722;27.2814;19.907799999999998;18.7178;19.907799999999998;16.483;29.8199;18.7178;14.3275;29.6373;21.9915;19.707;19.707;13.5903;15.3803;21.695;19.158;19.158;13.5903;13.3608;14.8851;16.483;15.3803;21.695;14.3275;13.5903;19.707;15.2825;12.529399999999999;28.365099999999998;30.592200000000002;12.7211;32.3516;27.769;32.3516;21.9915;30.592200000000002;23.6813;23.258200000000002;17.2619;15.3803;27.7121;15.2825;46.3393;32.3516;52.7262;33.4671;43.559599999999996;37.6925;39.4399;41.787;46.7683;28.365099999999998;32.3516;32.3516;57.1038;30.405900000000003;47.917699999999996;37.8441;20.277099999999997;33.0784;20.114099999999997;10.3096;55.4423;12.529399999999999;22.8006;20.5965;21.851599999999998;26.4309;17.0745;26.4309;30.026799999999998;10.3096;16.2136;13.207799999999999;14.695200000000002;13.983600000000001;27.653200000000002;9.8887;9.8156;26.6711;20.971;28.6309;23.1155;23.9493;33.6761;44.1201;31.2317;0.0;9.181899999999999;17.7121;7.4962;11.8727;13.5131;23.368;14.1464;9.7524;10.9794;5.6216;8.752600000000001;13.6781;13.146700000000001;10.9794;11.6909;5.6216;14.2685;15.681799999999999;9.3336;14.9054;13.352;2.3316999999999997;17.1002;14.9054;5.6216;9.6355;8.7599;10.2246;16.4406;30.954;41.8621;18.6348;21.632900000000003;19.833099999999998;12.2834;34.2332;21.2776;22.3642;24.8712;20.6008;31.526;27.0332;18.0304;19.5378;12.2834;12.2834;15.2102;18.2012;13.4472;15.5974;13.1841;24.8712;13.4255;13.4472;14.7209;14.432;7.7658000000000005;18.2012;15.7315;20.0138;13.4472;19.5378;18.2012;13.4255;23.333;13.4472;13.1841;18.8007;26.6073;21.6018;12.2834;12.2834;38.781099999999995;15.5974
Barsbüttel 2.;45.8369;45.7131;50.194900000000004;49.0455;59.381099999999996;53.5682;55.0035;48.7771;48.3651;47.584;46.9088;35.4451;46.2101;62.222;26.8938;38.0176;29.0349;27.0567;18.5789;18.0661;26.8938;29.5802;46.5306;29.0349;22.9932;28.2712;17.4945;23.483700000000002;34.432900000000004;15.848600000000001;11.7384;28.8646;22.409299999999998;19.089;33.4508;16.668400000000002;40.4557;44.6577;43.4885;35.7406;17.4945;18.5789;12.444600000000001;11.151200000000001;27.376099999999997;13.0323;26.3736;18.0661;18.0564;11.151200000000001;9.181899999999999;16.686700000000002;22.9932;19.5654;12.758700000000001;34.432900000000004;7.3363000000000005;13.0323;9.918;5.6073;16.668400000000002;8.0062;11.843;9.135;8.1618;17.4945;12.444600000000001;23.483700000000002;7.5385;2.9939;11.843;7.5385;11.104899999999999;0.0;10.4009;4.0842;6.7228;6.1125;12.444600000000001;9.181899999999999;10.6924;4.1356;11.151200000000001;13.384;13.0323;12.591899999999999;7.5385;9.9399;10.6924;10.4009;12.2596;11.843;12.2596;25.1444;24.412599999999998;11.843;11.7542;13.8773;18.878400000000003;17.208;14.7534;18.765;15.781799999999999;11.9387;16.3626;10.6924;12.2596;18.726;13.184299999999999;32.6832;18.089599999999997;21.1462;31.169700000000002;12.758700000000001;29.8647;17.4173;23.2953;25.1444;25.8571;18.4835;17.2935;18.4835;18.7603;32.0972;17.2935;17.4173;18.765;24.3198;21.9842;21.9842;15.8675;17.6576;20.2707;21.4864;21.4864;15.8675;15.6381;17.1624;18.7603;17.6576;20.2707;17.4173;15.8675;21.9842;17.8454;15.118;30.6935;32.8694;14.9984;34.68;30.0463;34.68;24.3198;32.8694;26.009700000000002;26.1666;20.351599999999998;17.6576;30.575200000000002;17.8454;48.6166;34.68;55.0035;35.7444;45.8369;39.969800000000006;41.7172;48.7771;49.0455;30.6935;34.68;34.68;59.381099999999996;32.6832;50.194900000000004;40.707300000000004;27.0567;37.0417;26.8938;14.2729;62.222;15.118;29.5802;27.376099999999997;28.6312;33.2105;18.0661;33.2105;36.8065;14.2729;22.9932;10.251100000000001;11.7384;15.8672;34.432900000000004;16.668400000000002;12.8599;33.4508;27.7506;22.409299999999998;19.089;20.9925;40.4557;44.6577;28.8646;9.181899999999999;0.0;14.1863;4.0842;8.3469;10.501;20.3558;10.6206;6.509600000000001;7.0525;8.0097;9.0384;11.295;9.903799999999999;7.0525;9.307799999999999;8.0097;11.885399999999999;12.156;6.0908;12.5223;10.9689;6.9575;13.5743;12.5223;8.0097;11.1208;9.0458;11.3657;14.0575;28.5709;39.479;20.115299999999998;18.1071;16.3072;14.7008;31.850099999999998;17.7518;18.8384;26.7261;22.0813;29.1429;24.6501;19.5359;21.3927;14.7008;14.7008;17.065099999999997;20.659599999999998;15.302;17.4522;15.039;26.7261;15.2804;15.302;17.0381;16.2869;10.224200000000002;20.659599999999998;18.189799999999998;22.4722;15.302;21.3927;20.659599999999998;15.2804;25.791400000000003;15.302;15.039;21.2591;33.4332;23.456599999999998;14.7008;14.7008;40.636;17.4522
Walddörfer 2.;44.156099999999995;44.032300000000006;48.5141;37.4298;57.700300000000006;51.8873;53.3227;47.096199999999996;47.6451;45.9032;30.3496;33.764300000000006;44.529300000000006;70.7522;35.424;46.5479;39.842699999999994;35.5869;27.1092;26.5963;35.424;38.1105;55.060900000000004;39.842699999999994;31.5235;36.8014;30.0103;32.0139;42.9631;28.3242;27.1896;36.0454;43.9407;38.4254;41.981;25.1986;48.986;51.8384;52.018800000000006;44.2708;30.0103;27.1092;20.9749;16.994;35.9063;21.5625;34.903800000000004;26.5963;26.586599999999997;16.994;17.7121;25.217;31.5235;28.095599999999997;21.2889;42.9631;15.8666;21.5625;18.4483;18.3632;25.1986;23.4574;15.4145;17.665200000000002;16.692;30.0103;20.9749;32.0139;7.2346;11.771799999999999;15.4145;7.2346;12.423;14.1863;5.2658000000000005;20.0377;15.253;10.423;20.9749;17.7121;13.0458;11.904399999999999;16.994;12.4976;21.5625;12.1794;7.2346;9.296299999999999;13.0458;5.2658000000000005;12.0194;15.4145;12.0194;17.4823;15.5092;15.4145;14.276200000000001;14.968;11.216299999999999;12.3922;14.6022;7.936100000000001;8.1197;14.8384;4.3713999999999995;13.0458;12.0194;10.4867;14.8164;26.7208;19.757099999999998;14.3834;20.265700000000002;21.2889;22.2097;21.7347;16.4756;17.4823;19.0373;19.4429;17.142400000000002;19.4429;20.9441;30.416400000000003;17.142400000000002;21.7347;7.936100000000001;30.6289;23.5765;23.5765;20.657;19.663;21.105700000000002;29.7769;29.7769;20.657;19.2115;20.1847;20.9441;19.663;21.105700000000002;21.7347;20.657;23.5765;21.438599999999997;20.0167;38.3808;31.188599999999997;19.7879;43.003800000000005;28.3655;43.003800000000005;30.6289;31.188599999999997;33.6971;27.937900000000003;28.7834;19.663;31.729400000000002;21.438599999999997;46.9358;43.003800000000005;53.3227;34.0635;44.156099999999995;38.289;40.036300000000004;47.096199999999996;37.4298;38.3808;43.003800000000005;43.003800000000005;57.700300000000006;26.7208;48.5141;39.987300000000005;35.5869;47.8495;35.424;22.8032;70.7522;20.0167;38.1105;35.9063;37.1615;41.7407;26.5963;41.7407;45.3367;22.8032;31.5235;21.542;27.1896;31.3184;42.9631;25.1986;28.311;41.981;36.280800000000006;43.9407;38.4254;36.4437;48.986;51.8384;36.0454;17.7121;14.1863;0.0;22.264;6.2169;12.446399999999999;5.4615;4.4821;10.837;9.2935;16.552599999999998;12.5468;12.0499;10.3201;9.2935;14.252;16.552599999999998;12.7494;6.5608;10.4182;14.9131;13.8018;15.500399999999999;5.2245;14.9131;16.552599999999998;16.1953;12.3522;14.9538;11.947700000000001;20.3834;32.849;19.080299999999998;6.163;4.3631;20.0624;21.296200000000002;8.8117;11.290700000000001;22.6786;19.546400000000002;22.335900000000002;15.7782;21.0278;24.6847;20.0624;20.0624;19.6193;25.1915;20.624299999999998;19.256;19.3582;22.6786;19.3663;20.624299999999998;21.3104;20.1274;18.7672;25.1915;24.1857;32.7042;20.624299999999998;24.6847;25.1915;19.3663;31.6973;20.624299999999998;19.3582;29.6877;41.9762;26.8932;20.0624;20.0624;40.3933;19.256
Willinghusen 1.;51.9303;51.8065;56.2883;55.1389;65.4745;59.6616;61.0969;54.8705;54.4585;53.6774;53.002199999999995;41.5385;52.3035;63.7651;28.4369;39.5608;41.272400000000005;28.5999;24.480700000000002;25.397299999999998;28.4369;31.1234;48.073800000000006;41.272400000000005;24.5364;29.814400000000003;14.3715;13.9435;23.896;12.7256;8.6154;25.7416;19.2863;15.966;21.398400000000002;12.077399999999999;27.6943;41.534699999999994;30.396900000000002;25.1525;14.3715;24.480700000000002;20.1007;17.2446;28.9193;9.5647;27.9168;25.397299999999998;25.3875;17.2446;7.4962;23.5404;24.5364;21.1086;9.2911;23.896;9.587399999999999;9.5647;16.0114;6.1149;12.077399999999999;3.1148000000000002;17.936400000000003;15.228399999999999;14.2552;14.3715;20.1007;13.9435;11.5436;6.9989;17.936400000000003;11.5436;8.2535;4.0842;18.546;0.0;9.2027;10.1176;20.1007;7.4962;16.7858;8.140699999999999;17.2446;19.477400000000003;9.5647;18.685299999999998;11.5436;13.945;16.7858;18.546;20.8484;17.936400000000003;20.8484;33.5413;30.506;17.936400000000003;17.8476;19.9707;22.8835;23.3014;20.846799999999998;27.847900000000003;19.786900000000003;18.0321;23.852700000000002;16.7858;20.8484;24.8194;19.2777;38.7766;24.183;27.2396;37.2631;9.2911;35.9581;23.5107;29.3887;33.5413;31.9505;24.576900000000002;23.3869;24.576900000000002;24.8537;38.190599999999996;23.3869;23.5107;27.847900000000003;30.4132;28.077599999999997;28.077599999999997;21.960900000000002;23.751;26.364099999999997;27.5798;27.5798;21.960900000000002;21.7315;23.2558;24.8537;23.751;26.364099999999997;23.5107;21.960900000000002;28.077599999999997;23.9388;21.2114;36.7869;38.9628;21.0918;40.7734;36.1397;40.7734;30.4132;38.9628;32.1031;32.26;26.445;23.751;36.6686;23.9388;54.71;40.7734;61.0969;41.8378;51.9303;46.063199999999995;47.8106;54.8705;55.1389;36.7869;40.7734;40.7734;65.4745;38.7766;56.2883;46.8007;28.5999;49.279199999999996;28.4369;20.3663;63.7651;21.2114;31.1234;28.9193;30.174400000000002;34.753699999999995;25.397299999999998;34.753699999999995;38.349599999999995;20.3663;24.5364;7.128100000000001;8.6154;12.744200000000001;23.896;12.077399999999999;9.7369;21.398400000000002;17.2137;19.2863;15.966;17.8695;27.6943;41.534699999999994;25.7416;7.4962;4.0842;22.264;0.0;12.3632;9.171299999999999;19.0261;15.7506;10.525799999999998;14.3542;14.525;17.4392;17.810299999999998;13.9201;14.3542;15.8231;14.525;18.4007;19.4466;10.1071;19.037599999999998;17.4842;12.3377;19.2538;19.037599999999998;14.525;17.6361;17.4465;17.881;20.5728;35.0862;45.9943;26.630599999999998;27.205099999999998;21.814400000000003;21.216099999999997;38.3654;24.233400000000003;25.32;33.2413;28.5966;35.658199999999994;29.8075;26.051099999999998;27.908;21.216099999999997;21.216099999999997;23.580299999999998;27.1749;21.8173;23.9675;21.554299999999998;33.2413;21.7957;21.8173;23.5534;22.8022;16.7395;27.1749;24.705099999999998;28.9875;21.8173;27.908;27.1749;21.7957;32.3067;21.8173;21.554299999999998;27.7744;34.843900000000005;29.9719;21.216099999999997;21.216099999999997;47.151300000000006;23.9675
Condor 3.;43.8206;43.6968;48.1787;47.029300000000006;57.3648;51.5519;52.987199999999994;46.7608;47.309599999999996;45.567699999999995;39.7536;33.4288;44.1938;64.9128;29.5846;40.7085;31.9387;29.7476;18.526;18.013099999999998;29.5846;32.2711;49.2215;31.9387;25.684099999999997;30.9621;26.0577;26.1745;37.1237;22.4848;20.3017;36.8381;38.1014;32.586;36.1416;19.3592;43.1466;52.6312;46.1794;38.4315;26.0577;18.526;15.1355;10.7652;30.067;15.7232;29.064400000000003;18.013099999999998;18.003400000000003;10.7652;11.8727;16.6338;25.684099999999997;22.2563;15.4495;37.1237;10.0272;15.7232;12.6089;12.5238;19.3592;18.049;9.3074;11.825899999999999;10.8527;26.0577;15.1355;26.1745;1.0058;5.9325;9.3074;1.0058;8.8792;8.3469;2.6459;12.3632;9.4136;4.194100000000001;15.1355;11.8727;6.8168999999999995;5.5097;10.7652;6.9379;15.7232;6.6197;1.0058;4.14;6.8168999999999995;2.6459;6.4597;9.3074;6.4597;17.389400000000002;15.4163;9.3074;8.2034;9.1623;11.1234;10.8264;9.042399999999999;11.01;8.0267;8.765600000000001;8.317200000000001;6.8168999999999995;6.4597;10.393799999999999;8.930299999999999;26.5221;14.0381;14.2904;20.1728;15.4495;22.7095;16.1749;16.1401;17.389400000000002;18.701900000000002;13.723799999999999;11.582600000000001;13.723799999999999;15.225;30.0809;11.582600000000001;16.1749;11.01;21.863;17.5237;17.5237;14.55;14.103299999999999;15.5109;20.1452;20.1452;14.55;13.6518;14.6249;15.225;14.103299999999999;15.5109;16.1749;14.55;17.5237;15.8789;13.909600000000001;28.765;30.8532;13.6809;32.7515;28.03;32.7515;21.863;30.8532;24.0812;22.1387;20.8794;14.103299999999999;31.393900000000002;15.8789;46.600300000000004;32.7515;52.987199999999994;33.7281;43.8206;37.9535;39.700900000000004;46.7608;47.029300000000006;28.765;32.7515;32.7515;57.3648;26.5221;48.1787;39.6518;29.7476;39.9455;29.5846;14.22;64.9128;13.909600000000001;32.2711;30.067;31.3221;35.9014;18.013099999999998;35.9014;39.4973;14.22;25.684099999999997;18.8143;20.3017;23.454099999999997;37.1237;19.3592;19.286099999999998;36.1416;30.4415;38.1014;32.586;29.555799999999998;43.1466;52.6312;36.8381;11.8727;8.3469;6.2169;12.3632;0.0;8.8407;11.9717;4.1981;4.620100000000001;3.9901999999999997;10.614799999999999;6.1278999999999995;6.1723;4.1032;3.9901999999999997;8.035;10.614799999999999;7.2178;4.4399;4.2013;9.0356;7.924300000000001;9.5625;5.8582;9.0356;10.614799999999999;9.978299999999999;6.1352;9.0763;6.416;22.119799999999998;33.027800000000006;15.167399999999999;10.149700000000001;8.3498;13.8454;21.1278;10.0356;11.1223;22.857400000000002;19.7252;22.6917;15.6097;15.4962;17.5089;13.8454;13.8454;14.0877;20.0245;14.407399999999999;13.7243;14.1443;22.857400000000002;13.834700000000002;14.407399999999999;16.1434;14.5957;12.8293;20.0245;18.1251;23.453599999999998;14.407399999999999;17.5089;20.0245;13.834700000000002;24.0596;14.407399999999999;14.1443;19.8305;36.0383;19.2554;13.8454;13.8454;40.5721;13.7243
Stapelfeld 1.;54.6877;54.563900000000004;59.0457;57.896300000000004;68.2319;62.419;63.8543;57.627900000000004;57.215900000000005;56.4348;36.8971;44.2959;55.060900000000004;66.5532;31.225;42.3489;44.0605;31.388;27.2688;28.1854;31.225;33.9115;50.8619;44.0605;27.3245;32.6025;17.8446;27.8149;38.7641;20.4333;16.3232;33.449400000000004;22.759400000000003;19.4392;37.782;20.9997;44.787;49.2424;47.8198;40.0719;17.8446;27.2688;22.8888;20.002;31.7074;17.363599999999998;30.7048;28.1854;28.1756;20.002;13.5131;26.3285;27.3245;23.8967;17.0899;38.7641;15.604299999999999;17.363599999999998;18.7688;14.164200000000001;20.9997;12.591;20.6938;17.985799999999998;17.0126;17.8446;22.8888;27.8149;9.356;14.6967;20.6938;9.356;0.0;10.501;8.8204;9.171299999999999;15.2196;11.341299999999999;22.8888;13.5131;19.543200000000002;9.0137;20.002;14.8556;17.363599999999998;21.442700000000002;9.356;12.0577;19.543200000000002;8.8204;14.3774;20.6938;14.3774;24.0299;22.0568;20.6938;20.605;22.728099999999998;17.7638;18.7441;23.604200000000002;19.717599999999997;14.667200000000001;20.7895;14.1271;19.543200000000002;14.3774;17.034299999999998;22.0351;34.4399;26.9404;20.9309;26.813299999999998;17.0899;30.627299999999998;26.268099999999997;24.0578;24.0299;26.6196;27.3343;26.144299999999998;27.3343;27.611099999999997;40.948;26.144299999999998;26.268099999999997;19.717599999999997;33.1706;30.835;30.835;24.7183;26.5084;29.1215;30.3372;30.3372;24.7183;24.4889;26.0132;27.611099999999997;26.5084;29.1215;26.268099999999997;24.7183;30.835;26.6962;23.968799999999998;39.5443;41.7202;23.8492;43.530800000000006;38.8971;43.530800000000006;33.1706;41.7202;34.8605;35.0174;29.2024;26.5084;39.426;26.6962;57.467400000000005;43.530800000000006;63.8543;44.5952;54.6877;48.8206;50.568;57.627900000000004;57.896300000000004;39.5443;43.530800000000006;43.530800000000006;68.2319;34.4399;59.0457;49.558099999999996;31.388;52.0673;31.225;23.1237;66.5532;23.968799999999998;33.9115;31.7074;32.9625;37.5418;28.1854;37.5418;41.137699999999995;23.1237;27.3245;10.2202;16.3232;16.217299999999998;38.7641;20.9997;17.444599999999998;37.782;32.081900000000005;22.759400000000003;19.4392;21.3427;44.787;49.2424;33.449400000000004;13.5131;10.501;12.446399999999999;9.171299999999999;8.8407;0.0;13.505600000000001;8.1359;16.5005;6.7395;17.140900000000002;20.055;20.426099999999998;11.8065;6.7395;18.439;17.140900000000002;21.016599999999997;11.8319;16.0817;21.6535;20.100099999999998;14.9647;11.639100000000001;21.6535;17.140900000000002;20.251900000000003;20.0624;20.4969;14.119399999999999;26.798;40.731199999999994;29.2464;15.999600000000001;14.1997;23.832;27.7108;16.6187;17.705299999999998;35.8572;31.2125;28.7505;22.1928;28.667;30.523799999999998;23.832;23.832;26.1962;29.7908;24.4332;26.5834;24.1702;35.8572;24.4115;24.4332;26.1693;25.418;19.355400000000003;29.7908;27.321;31.6034;24.4332;30.523799999999998;29.7908;24.4115;34.922599999999996;24.4332;24.1702;30.3903;37.4709;32.5878;23.832;23.832;49.767199999999995;26.5834
Ahrensburg 2.;50.843;50.719199999999994;55.201;44.6945;64.38719999999999;58.5742;60.0096;53.7831;54.332;52.5901;38.1892;40.4512;51.2162;76.4081;41.0799;52.2037;53.9153;41.2428;37.123599999999996;38.0402;41.0799;43.766400000000004;60.716800000000006;53.9153;37.1794;42.457300000000004;27.221400000000003;37.6698;48.619;30.2882;26.178;33.2564;36.8489;33.5286;47.636900000000004;30.8545;54.6419;49.0494;57.674699999999994;49.9267;27.221400000000003;37.123599999999996;32.743700000000004;29.856900000000003;41.5622;27.218400000000003;40.5597;38.0402;38.0305;29.856900000000003;23.368;36.1834;37.1794;33.7515;26.9448;48.619;25.4591;27.218400000000003;28.6237;24.019099999999998;30.8545;22.4458;30.548599999999997;27.8406;26.8674;27.221400000000003;32.743700000000004;37.6698;12.630799999999999;14.994299999999999;30.548599999999997;12.630799999999999;13.505600000000001;20.3558;11.008700000000001;19.0261;25.0744;14.616200000000001;32.743700000000004;23.368;17.381700000000002;14.405299999999999;29.856900000000003;18.1305;27.218400000000003;17.8123;12.630799999999999;15.332600000000001;17.381700000000002;11.008700000000001;17.6523;30.548599999999997;17.6523;23.5108;22.3172;30.548599999999997;18.7682;20.864099999999997;17.6831;19.079099999999997;20.2351;9.158100000000001;14.8066;30.6444;10.6294;17.381700000000002;17.6523;17.173599999999997;20.1711;33.528800000000004;25.230700000000002;21.0703;26.133599999999998;26.9448;29.0177;36.1229;23.1625;23.5108;25.7242;24.916400000000003;22.775299999999998;24.916400000000003;37.465900000000005;33.412099999999995;22.775299999999998;36.1229;9.158100000000001;43.0255;30.2634;30.2634;34.5732;36.3633;26.703599999999998;40.192099999999996;40.192099999999996;34.5732;34.3438;35.8681;37.465900000000005;36.3633;26.703599999999998;36.1229;34.5732;30.2634;36.5511;33.8236;49.3991;37.8755;33.7041;49.6907;35.0524;49.6907;43.0255;37.8755;44.7154;33.3314;39.057199999999995;36.3633;38.4163;36.5511;53.622699999999995;49.6907;60.0096;40.7504;50.843;44.9759;46.7232;53.7831;44.6945;49.3991;49.6907;49.6907;64.38719999999999;33.528800000000004;55.201;46.6742;41.2428;61.9221;41.0799;32.9786;76.4081;33.8236;43.766400000000004;41.5622;42.8174;47.3966;38.0402;47.3966;50.992599999999996;32.9786;37.1794;24.6907;26.178;30.3068;48.619;30.8545;27.299400000000002;47.636900000000004;41.936699999999995;36.8489;33.5286;35.4321;54.6419;49.0494;33.2564;23.368;20.3558;5.4615;19.0261;11.9717;13.505600000000001;0.0;8.3745;15.0677;11.8267;25.288700000000002;17.334;17.1556;15.0864;11.8267;26.5867;25.288700000000002;18.201;14.0706;14.649;29.8012;28.247799999999998;23.1124;11.913799999999998;29.8012;25.288700000000002;28.3997;17.3413;28.644599999999997;17.3993;27.102400000000003;30.3595;25.769599999999997;8.6274;10.6437;31.9798;27.2517;14.1592;17.6973;29.368;26.235799999999998;29.0549;21.7336;36.814800000000005;38.6716;31.9798;31.9798;34.344;37.9385;32.581;34.7311;32.3179;29.368;32.5593;32.581;34.317;33.5658;27.5032;37.9385;35.4688;39.7511;32.581;38.6716;37.9385;32.5593;43.0703;32.581;32.3179;38.538;45.6186;40.7356;31.9798;31.9798;47.0826;34.7311
Meiendorf 2.;45.1184;44.9946;49.4764;38.3921;58.6626;52.849599999999995;54.285;48.0585;48.6074;46.8655;31.3119;34.7266;45.4916;67.1865;31.8583;42.982099999999996;33.9994;32.0212;23.5435;23.0306;31.8583;34.5448;51.4952;33.9994;27.9577;33.235699999999994;28.6585;28.4482;39.397400000000005;24.7584;22.9024;40.0287;33.5733;30.2531;38.4153;21.632900000000003;45.420300000000005;55.8217;48.4531;40.7051;28.6585;23.5435;17.409200000000002;16.1157;32.3406;17.9968;31.338099999999997;23.0306;23.0209;16.1157;14.1464;21.6513;27.9577;24.5299;17.723200000000002;39.397400000000005;12.3009;17.9968;14.8826;14.7975;21.632900000000003;19.1702;13.0381;14.0995;13.126299999999999;28.6585;17.409200000000002;28.4482;5.204;8.206100000000001;13.0381;5.204;8.1359;10.6206;3.2351;15.7506;11.687299999999999;7.782100000000001;17.409200000000002;14.1464;10.547600000000001;7.6171999999999995;16.1157;10.467;17.9968;10.1488;5.204;7.2656;10.547600000000001;3.2351;9.988700000000001;13.0381;9.988700000000001;18.444599999999998;16.4715;13.0381;11.9341;12.9374;12.178600000000001;13.3545;12.5715;10.1471;9.082;12.4962;6.5823;10.547600000000001;9.988700000000001;11.449;12.7857;27.6831;17.5671;15.3457;21.228;17.723200000000002;23.172;19.704;17.437900000000003;18.444599999999998;19.999599999999997;17.2529;15.1117;17.2529;18.754;31.378700000000002;15.1117;19.704;10.1471;25.3921;21.0527;21.0527;20.832099999999997;17.6324;19.04;23.6743;23.6743;20.832099999999997;17.1809;18.154;18.754;17.6324;19.04;19.704;20.832099999999997;21.0527;19.408;20.0825;32.294;32.1509;19.9629;36.2805;29.3278;36.2805;25.3921;32.1509;27.6103;25.6678;24.4085;17.6324;32.6917;19.408;47.8981;36.2805;54.285;35.025800000000004;45.1184;39.2513;40.998599999999996;48.0585;38.3921;32.294;36.2805;36.2805;58.6626;27.6831;49.4764;40.9496;32.0212;42.0063;31.8583;19.2375;67.1865;20.0825;34.5448;32.3406;33.595800000000004;38.175;23.0306;38.175;41.771;19.2375;27.9577;17.2548;22.9024;27.031200000000002;39.397400000000005;21.632900000000003;24.0239;38.4153;32.7151;33.5733;30.2531;32.1566;45.420300000000005;55.8217;40.0287;14.1464;10.6206;4.4821;15.7506;4.1981;8.1359;8.3745;0.0;8.1748;4.992;12.9773;10.4411;10.1066;8.3768;4.992;11.5829;12.9773;10.8061;6.2505;7.7561;12.9698;11.8585;11.925;6.057600000000001;12.9698;12.9773;13.6985;10.4484;13.0105;10.0044;21.2166;33.682199999999995;18.7557;8.423;6.6231;19.668400000000002;22.1294;11.0373;12.123899999999999;23.5118;20.3796;23.1691;16.6113;19.0845;21.0972;19.668400000000002;19.668400000000002;17.676;23.2482;18.1275;17.3127;17.8645;23.5118;17.423;18.1275;19.367099999999997;18.184099999999997;15.191799999999999;23.2482;23.157400000000003;27.439700000000002;18.1275;21.0972;23.2482;17.423;27.6479;18.1275;17.8645;23.4189;38.400800000000004;22.843799999999998;19.668400000000002;19.668400000000002;41.2264;17.3127
Wandsetal 1.;39.751599999999996;39.6277;44.1096;42.9602;53.2958;47.482800000000005;48.918099999999995;42.6917;42.286199999999994;41.498599999999996;39.2146;29.3597;40.1247;62.7925;27.464299999999998;38.5882;25.1312;27.627200000000002;14.6752;14.1624;27.464299999999998;30.1508;47.1012;25.1312;23.5638;28.8417;23.9374;24.0542;35.0034;20.3645;18.1813;34.717800000000004;35.9811;30.465700000000002;34.021300000000004;17.2389;41.026300000000006;50.5108;44.0591;36.311099999999996;23.9374;14.6752;9.1506;6.9144;27.9467;13.602799999999998;26.9441;14.1624;14.1526;6.9144;9.7524;12.783;23.5638;20.135900000000003;13.3292;35.0034;7.906899999999999;13.602799999999998;6.624;10.4035;17.2389;15.928600000000001;6.0747;5.5308;5.4111;23.9374;9.1506;24.0542;3.8341;3.9998;6.0747;3.8341;16.5005;6.509600000000001;6.6965;10.525799999999998;7.2933;0.5187;9.1506;9.7524;3.5841999999999996;5.0924;6.9144;5.6898;13.602799999999998;4.897600000000001;3.8341;4.6608;3.5841999999999996;6.6965;6.7977;6.0747;6.7977;19.753700000000002;16.718400000000003;6.0747;4.9707;7.0666;15.4719;9.5137;7.0591;15.0606;12.0773;5.5329;12.545;3.5841999999999996;6.7977;11.031799999999999;6.373600000000001;22.8633;11.2789;13.4519;23.4754;13.3292;22.1705;12.315;15.6011;19.753700000000002;18.1628;11.672799999999999;9.5993;11.672799999999999;13.174;26.0119;9.5993;12.315;15.0606;19.812;15.472700000000001;15.472700000000001;10.838299999999998;12.080200000000001;13.46;16.5664;16.5664;10.838299999999998;10.6089;12.601799999999999;13.174;12.080200000000001;13.46;12.315;10.838299999999998;15.472700000000001;12.8162;10.197899999999999;26.714;26.7841;9.9692;30.7005;23.961;30.7005;19.812;26.7841;22.0302;20.087799999999998;15.8144;12.080200000000001;24.496299999999998;12.8162;42.5312;30.7005;48.918099999999995;29.659;39.751599999999996;33.8845;35.631800000000005;42.6917;42.9602;26.714;30.7005;30.7005;53.2958;22.8633;44.1096;34.6284;27.627200000000002;33.138;27.464299999999998;10.369200000000001;62.7925;10.197899999999999;30.1508;27.9467;29.2018;33.781;14.1624;33.781;37.377;10.369200000000001;23.5638;16.694;18.1813;21.3338;35.0034;17.2389;17.1657;34.021300000000004;28.321099999999998;35.9811;30.465700000000002;27.4354;41.026300000000006;50.5108;34.717800000000004;9.7524;6.509600000000001;10.837;10.525799999999998;4.620100000000001;16.5005;15.0677;8.1748;0.0;5.5084;5.446899999999999;3.2851999999999997;4.0561;4.6838;5.5084;4.1342;5.446899999999999;4.8727;8.5033;0.5187;6.39;4.836600000000001;7.5001999999999995;9.9216;6.39;5.446899999999999;6.071;3.2925999999999997;5.9269;6.8467;21.5582;32.4663;13.212299999999999;14.7626;12.5444;9.9381;24.837400000000002;14.099;15.1856;21.3;15.1783;22.130200000000002;17.6373;13.541;15.553799999999999;9.9381;9.9381;12.092;16.1171;10.5;11.769200000000001;10.237;21.3;10.478299999999999;10.5;12.2361;11.4848;6.6821;16.1171;14.2177;19.546200000000002;10.5;15.553799999999999;16.1171;10.478299999999999;21.248900000000003;10.5;10.237;16.7166;26.9916;17.3003;9.9381;9.9381;35.21;11.769200000000001
Rahlstedt 2.;45.5866;45.4628;49.9446;48.795199999999994;59.1308;53.317800000000005;54.753099999999996;48.5267;49.0756;47.3337;41.5196;35.1948;45.9598;64.0195;28.6913;39.8151;30.8324;28.854200000000002;20.3765;19.863599999999998;28.6913;31.3777;48.328199999999995;30.8324;24.7907;30.0687;25.1644;25.281200000000002;36.2304;21.5914;19.4083;35.9448;37.208;31.692700000000002;35.2483;18.4659;42.2533;51.7378;45.2861;37.5381;25.1644;20.3765;14.2422;12.9487;29.173599999999997;14.829799999999999;28.1711;19.863599999999998;19.853900000000003;12.9487;10.9794;18.484299999999998;24.7907;21.3629;14.5562;36.2304;9.133799999999999;14.829799999999999;11.7155;11.6305;18.4659;17.1556;10.345600000000001;10.9325;9.959299999999999;25.1644;14.2422;25.281200000000002;3.2041999999999997;4.6381000000000006;10.345600000000001;3.2041999999999997;6.7395;7.0525;5.6674;14.3542;8.520299999999999;5.089600000000001;14.2422;10.9794;7.8551;4.011;12.9487;8.7038;14.829799999999999;8.3856;3.2041999999999997;5.9059;7.8551;5.6674;8.2256;10.345600000000001;8.2256;20.8262;18.8532;10.345600000000001;9.2416;11.3375;14.5602;12.5923;10.808399999999999;13.6533;11.4636;9.803799999999999;10.9741;7.8551;8.2256;13.8307;10.6445;28.2881;15.804;16.4844;23.609599999999997;14.5562;24.4755;19.2148;17.906;20.8262;20.4678;15.489700000000001;13.348600000000001;15.489700000000001;16.9909;31.8469;13.348600000000001;19.2148;13.6533;23.6289;19.2896;19.2896;17.6651;15.869200000000001;17.2769;23.283900000000003;23.283900000000003;17.6651;17.435599999999997;18.9599;16.9909;15.869200000000001;17.2769;19.2148;17.6651;19.2896;19.6429;16.9155;30.530900000000003;32.619099999999996;16.795900000000003;34.5174;29.796;34.5174;23.6289;32.619099999999996;25.8472;23.904700000000002;22.149099999999997;15.869200000000001;33.159800000000004;19.6429;48.3663;34.5174;54.753099999999996;35.494;45.5866;39.7195;41.466800000000006;48.5267;48.795199999999994;30.530900000000003;34.5174;34.5174;59.1308;28.2881;49.9446;41.4178;28.854200000000002;38.8392;28.6913;16.0705;64.0195;16.9155;31.3777;29.173599999999997;30.4288;35.008;19.863599999999998;35.008;38.604;16.0705;24.7907;17.920900000000003;19.4083;22.5607;36.2304;18.4659;18.3927;35.2483;29.548099999999998;37.208;31.692700000000002;28.6624;42.2533;51.7378;35.9448;10.9794;7.0525;9.2935;14.3542;3.9901999999999997;6.7395;11.8267;4.992;5.5084;0.0;9.8193;7.7429;7.844600000000001;5.8899;0.0;8.425;9.8193;9.0045;7.847300000000001;5.0579;10.707799999999999;9.2943;8.767100000000001;8.433200000000001;10.707799999999999;9.8193;10.7875;7.7503;9.9595;8.2028;23.9065;34.8146;16.954099999999997;12.776;10.9762;16.5104;24.5351;13.443;14.5296;24.6442;21.512;24.4785;19.0171;17.2829;19.2956;16.5104;16.5104;15.8744;22.4692;17.1116;15.5111;16.848599999999998;24.6442;17.09;17.1116;18.8477;18.0965;12.0338;22.4692;19.9994;24.2818;17.1116;19.2956;22.4692;17.09;27.601;17.1116;16.848599999999998;23.0687;35.2428;21.0422;16.5104;16.5104;42.3588;15.5111
ASV Hamburg 2.;39.0601;38.9363;43.4182;42.268800000000006;52.6044;46.7914;48.226699999999994;42.0003;41.588300000000004;40.807199999999995;40.1321;28.6683;39.4333;53.5081;17.174599999999998;29.3037;21.137400000000003;17.3375;10.6814;10.1685;17.174599999999998;19.811;37.8168;21.137400000000003;14.279399999999999;18.502;24.5778;20.115;31.0642;15.642100000000001;18.8218;35.3582;32.0418;26.5265;30.082099999999997;12.5166;37.0871;51.151300000000006;40.1199;32.371900000000004;24.5778;10.6814;4.7151000000000005;4.3744;17.606900000000003;8.8805;16.654400000000003;10.1685;10.1588;4.3744;5.6216;8.789200000000001;14.279399999999999;10.068200000000001;8.6069;31.0642;4.2395;8.8805;2.1885;11.043899999999999;12.5166;16.5691;5.0662;1.8077999999999999;0.0;24.5778;4.7151000000000005;20.115;9.8288;6.2921000000000005;5.0662;9.8288;17.140900000000002;8.0097;12.6912;14.525;3.7804;5.4697;4.7151000000000005;5.6216;3.9156999999999997;7.4338;4.3744;6.6073;8.8805;5.8151;9.8288;7.9418999999999995;3.9156999999999997;12.6912;7.9782;5.0662;7.9782;20.671200000000002;17.6358;5.0662;4.977399999999999;7.1005;16.389400000000002;10.4312;7.9766;18.2488;15.1927;5.162;15.7331;3.9156999999999997;7.9782;11.9493;6.4075;25.9064;11.3128;14.369399999999999;24.3929;8.6069;23.088;10.3933;16.5185;20.671200000000002;19.080299999999998;11.706700000000001;10.5168;11.706700000000001;11.9835;25.320400000000003;10.5168;10.3933;18.2488;17.2682;15.2075;15.2075;9.0908;10.8809;13.4939;14.4348;14.4348;9.0908;8.8613;10.3856;11.9835;10.8809;13.4939;10.3933;9.0908;15.2075;11.068700000000002;8.0664;23.6418;26.0927;8.2216;27.6283;23.2695;27.6283;17.2682;26.0927;18.958099999999998;19.3899;13.3276;10.8809;23.7985;11.068700000000002;41.839800000000004;27.6283;48.226699999999994;28.967599999999997;39.0601;33.1931;34.940400000000004;42.0003;42.268800000000006;23.6418;27.6283;27.6283;52.6044;25.9064;43.4182;33.9305;17.3375;29.1442;17.174599999999998;6.3754;53.5081;8.0664;19.811;17.606900000000003;18.9121;23.4413;10.1685;23.4413;27.0373;6.3754;14.279399999999999;17.334400000000002;18.8218;16.6114;31.0642;12.5166;12.4434;30.082099999999997;24.3819;32.0418;26.5265;28.0759;37.0871;51.151300000000006;35.3582;5.6216;8.0097;16.552599999999998;14.525;10.614799999999999;17.140900000000002;25.288700000000002;12.9773;5.446899999999999;9.8193;0.0;4.7391000000000005;5.1102;7.8151;9.959299999999999;3.1161;0.0;5.700699999999999;11.6895;5.434;6.3376;4.7841000000000005;3.9806;12.981200000000001;6.3376;0.0;4.929;4.7465;5.174;7.8728;22.386200000000002;33.2942;13.9305;17.878400000000003;15.604;8.2248;25.6654;17.1586;16.6325;20.534299999999998;15.8965;22.958099999999998;18.4653;13.3511;15.200899999999999;8.2248;8.2248;10.873299999999999;14.1835;9.110299999999999;11.2605;8.847299999999999;20.534299999999998;9.088700000000001;9.110299999999999;10.7032;10.0951;3.7481999999999998;14.1835;11.713799999999999;15.9961;9.110299999999999;15.200899999999999;14.1835;9.088700000000001;19.3153;9.110299999999999;8.847299999999999;14.783;23.3903;17.2649;8.2248;8.2248;34.444300000000005;11.2605
Urania 1.;36.5229;36.3991;40.880900000000004;39.7315;50.067099999999996;44.2541;45.6894;39.463;39.0575;38.27;35.9182;26.1311;36.896;56.332699999999996;19.999200000000002;32.1284;26.659;20.1621;13.506;12.9931;19.999200000000002;22.6357;40.641400000000004;26.659;17.104;21.3266;27.492;22.9414;33.8906;18.4685;21.7359;38.272400000000005;34.868199999999995;29.3529;32.9085;15.343;39.9135;54.065400000000004;42.9463;35.1983;27.492;13.506;8.632700000000002;5.7452;20.4315;11.7069;19.479;12.9931;12.9834;5.7452;8.752600000000001;11.6138;17.104;12.8946;11.4333;33.8906;7.3705;11.7069;5.8921;13.9581;15.343;19.4832;3.6594;4.9388000000000005;4.7391000000000005;27.492;8.632700000000002;22.9414;5.3419;7.3208;3.6594;5.3419;20.055;9.0384;7.3327;17.4392;6.9113999999999995;3.3081;8.632700000000002;8.752600000000001;1.8715;8.4625;5.7452;2.3935;11.7069;1.6013;5.3419;3.4939;1.8715;7.3327;3.7644;3.6594;3.7644;16.4574;13.422;3.6594;2.5211;3.2933000000000003;12.175600000000001;6.2174;3.7628000000000004;13.8007;10.7446;3.0833000000000004;11.2851;1.8715;3.7644;7.7355;3.0613;19.5669;8.7584;10.1556;20.1791;11.4333;18.8741;10.3786;12.3047;16.4574;14.8665;8.4441;6.303;8.4441;9.9453;22.7832;6.303;10.3786;13.8007;16.583299999999998;12.244;12.244;8.9019;8.7679;10.2313;14.8098;14.8098;8.9019;7.6193;9.2895;9.9453;8.7679;10.2313;10.3786;8.9019;12.244;10.5435;8.2615;23.4853;23.555400000000002;8.0328;27.471799999999998;20.7323;27.471799999999998;16.583299999999998;23.555400000000002;18.801599999999997;16.859099999999998;15.5997;8.7679;21.267599999999998;10.5435;39.3026;27.471799999999998;45.6894;26.4303;36.5229;30.6558;32.4031;39.463;39.7315;23.4853;27.471799999999998;27.471799999999998;50.067099999999996;19.5669;40.880900000000004;31.3997;20.1621;34.665800000000004;19.999200000000002;9.2;56.332699999999996;8.2615;22.6357;20.4315;21.7367;26.265900000000002;12.9931;26.265900000000002;29.861900000000002;9.2;17.104;20.2485;21.7359;19.4378;33.8906;15.343;15.2698;32.9085;27.208299999999998;34.868199999999995;29.3529;30.99;39.9135;54.065400000000004;38.272400000000005;8.752600000000001;9.0384;12.5468;17.4392;6.1278999999999995;20.055;17.334;10.4411;3.2851999999999997;7.7429;4.7391000000000005;0.0;0.7709;3.4758;7.7961;3.1128;4.875100000000001;1.5875;7.3501;3.3192;3.4200999999999997;2.3114;7.1487;8.6418;3.4200999999999997;4.875100000000001;4.6438999999999995;0.0927;3.4634;3.7596;18.273;29.181;9.927;13.539100000000001;11.2646;8.5485;21.5522;12.8192;12.5193;18.0148;11.8931;18.844900000000003;14.3521;10.255799999999999;12.2685;8.5485;8.5485;8.8474;14.4195;9.1105;8.484;8.3536;18.0148;8.3307;9.1105;10.5384;9.3554;5.959;14.4195;12.8282;17.848599999999998;9.1105;12.2685;14.4195;8.3307;18.819200000000002;9.1105;8.3536;14.590200000000001;26.0635;14.0151;8.5485;8.5485;31.924799999999998;8.484
BU 4.;36.4817;36.3579;40.8397;39.6903;50.0259;44.213;45.648300000000006;39.4219;39.016400000000004;38.2288;35.8771;26.0899;36.8549;56.291599999999995;19.958;32.0872;26.617900000000002;20.121;13.464799999999999;12.952;19.958;22.5945;40.600199999999994;26.617900000000002;17.0628;21.2855;27.8631;23.7123;34.6615;19.2394;22.107;38.6435;35.6391;30.1238;33.6794;16.1139;40.684400000000004;54.4365;43.7172;35.969199999999994;27.8631;13.464799999999999;8.5915;5.7041;20.390400000000003;12.477799999999998;19.4378;12.952;12.9423;5.7041;13.6781;11.5726;17.0628;13.6655;12.2041;34.6615;8.141399999999999;12.477799999999998;6.263199999999999;14.3292;16.1139;19.8543;3.6182;5.7097;5.1102;27.8631;8.5915;23.7123;5.3863;9.5773;3.6182;5.3863;20.426099999999998;11.295;6.8358;17.810299999999998;7.682300000000001;4.079;8.5915;13.6781;2.3053000000000003;10.719100000000001;5.7041;2.4788;12.477799999999998;1.5600999999999998;5.3863;2.997;2.3053000000000003;6.8358;3.5681;3.6182;3.5681;16.4162;13.3809;3.6182;2.4799;3.2521999999999998;12.1344;6.1762;3.7216;13.303799999999999;10.2477;3.0421;10.788200000000002;2.3053000000000003;3.5681;7.6943;3.0201;19.5258;8.7172;10.1144;20.137900000000002;12.2041;18.833;10.3375;12.2636;16.4162;14.825299999999999;8.402899999999999;6.2618;8.402899999999999;9.9041;22.742;6.2618;10.3375;13.303799999999999;16.5422;12.2028;12.2028;8.8608;8.726700000000001;10.190100000000001;14.768600000000001;14.768600000000001;8.8608;7.5781;9.2484;9.9041;8.726700000000001;10.190100000000001;10.3375;8.8608;12.2028;10.5023;8.2204;23.4441;23.514200000000002;7.9916;27.4306;20.6911;27.4306;16.5422;23.514200000000002;18.7604;16.8179;15.5586;8.726700000000001;21.2265;10.5023;39.2614;27.4306;45.648300000000006;26.389200000000002;36.4817;30.6146;32.362;39.4219;39.6903;23.4441;27.4306;27.4306;50.0259;19.5258;40.8397;31.3585;20.121;34.6247;19.958;9.1588;56.291599999999995;8.2204;22.5945;20.390400000000003;21.6955;26.2248;12.952;26.2248;29.820700000000002;9.1588;17.0628;20.6197;22.107;20.2087;34.6615;16.1139;16.0407;33.6794;27.979200000000002;35.6391;30.1238;31.361099999999997;40.684400000000004;54.4365;38.6435;13.6781;11.295;12.0499;17.810299999999998;6.1723;20.426099999999998;17.1556;10.1066;4.0561;7.844600000000001;5.1102;0.7709;0.0;2.9943;7.9654;3.2851999999999997;5.2343;1.5232999999999999;6.868600000000001;4.1055;3.1526;2.0413;7.935;8.1603;3.1526;5.2343;4.3738;0.8789;3.1933000000000002;3.5905;18.2088;29.116799999999998;9.8628;13.0575;10.783100000000001;8.2784;21.488;12.3377;12.4551;17.950599999999998;11.8288;18.7807;14.2879;10.191600000000001;12.2043;8.2784;8.2784;8.8545;14.4266;8.840399999999999;8.419799999999999;8.0835;17.950599999999998;8.0538;8.840399999999999;10.5456;9.3625;6.353899999999999;14.4266;12.5581;17.855700000000002;8.840399999999999;12.2043;14.4266;8.0538;18.755;8.840399999999999;8.0835;14.597299999999999;25.793400000000002;13.950899999999999;8.2784;8.2784;31.8605;8.419799999999999
Bramfeld 2.;40.289;40.1652;44.6471;43.497699999999995;53.8332;48.020300000000006;49.4556;43.2292;43.7781;42.0361;36.222;29.8972;40.6622;58.9965;22.663;34.7921;28.4071;22.8259;16.1698;15.6569;22.663;25.299400000000002;43.3052;28.4071;19.767799999999998;23.9904;27.3317;27.4485;38.3977;23.7587;21.575599999999998;38.1121;39.3753;33.86;37.4156;20.633200000000002;44.4206;53.9051;47.4534;39.705400000000004;27.3317;16.1698;11.2964;8.409;23.095299999999998;16.9971;22.142799999999998;15.6569;15.647200000000002;8.409;13.146700000000001;14.2776;19.767799999999998;16.2043;16.7235;38.3977;10.680200000000001;16.9971;8.9681;13.7977;20.633200000000002;19.3229;6.3231;8.2485;7.8151;27.3317;11.2964;27.4485;3.3171999999999997;7.748600000000001;6.3231;3.3171999999999997;11.8065;9.903799999999999;4.3001000000000005;13.9201;10.2211;4.265;11.2964;13.146700000000001;5.0102;7.4426000000000005;8.409;3.4063000000000003;16.9971;3.0881;3.3171999999999997;0.0;5.0102;4.3001000000000005;2.9280999999999997;6.3231;2.9280999999999997;19.3122;16.276799999999998;6.3231;5.1849;5.8767;11.9905;7.2948;5.5108999999999995;11.95;8.8939;5.747;9.4344;5.0102;2.9280999999999997;8.5517;5.7251;22.990599999999997;10.5065;11.1869;20.4829;16.7235;19.1779;12.6433;12.6085;19.3122;15.1703;10.192200000000001;8.051;10.192200000000001;11.6934;26.5493;8.051;12.6433;11.95;18.331400000000002;13.9921;13.9921;11.565700000000001;10.5717;11.9794;16.613599999999998;16.613599999999998;11.565700000000001;10.1202;11.0933;11.6934;10.5717;11.9794;12.6433;11.565700000000001;13.9921;12.347299999999999;10.9253;25.233400000000003;27.3216;10.6966;29.219900000000003;24.4984;29.219900000000003;18.331400000000002;27.3216;20.549599999999998;18.6071;17.3478;10.5717;27.862299999999998;12.347299999999999;43.0687;29.219900000000003;49.4556;30.1965;40.289;34.4219;36.1693;43.2292;43.497699999999995;25.233400000000003;29.219900000000003;29.219900000000003;53.8332;22.990599999999997;44.6471;36.1202;22.8259;36.4139;22.663;11.8638;58.9965;10.9253;25.299400000000002;23.095299999999998;24.4005;28.9297;15.6569;28.9297;32.5257;11.8638;19.767799999999998;20.0882;21.575599999999998;24.728;38.3977;20.633200000000002;20.56;37.4156;31.715400000000002;39.3753;33.86;30.8297;44.4206;53.9051;38.1121;13.146700000000001;9.903799999999999;10.3201;13.9201;4.1032;11.8065;15.0864;8.3768;4.6838;5.8899;7.8151;3.4758;2.9943;0.0;5.9059;5.9928;7.9418999999999995;3.6965;4.523;4.242;5.8602;4.7489;10.3559;5.8147;5.8602;7.9418999999999995;7.0813999999999995;3.5866;5.9009;2.8948;18.5985;29.5066;11.6461;10.7119;8.4375;10.9861;21.8777;9.9921;11.078700000000001;19.3362;16.204;19.1705;14.882;11.9749;13.9876;10.9861;10.9861;10.5664;16.1385;11.548;10.203100000000001;10.305299999999999;19.3362;10.3134;11.548;12.2575;11.074399999999999;9.0615;16.1385;15.1328;19.5676;11.548;13.9876;16.1385;10.3134;20.5383;11.548;10.305299999999999;16.3092;28.501;15.7341;10.9861;10.9861;37.0508;10.203100000000001
Rahlstedt 3.;45.5866;45.4628;49.9446;48.795199999999994;59.1308;53.317800000000005;54.753099999999996;48.5267;49.0756;47.3337;41.5196;35.1948;45.9598;64.0195;28.6913;39.8151;30.8324;28.854200000000002;20.3765;19.863599999999998;28.6913;31.3777;48.328199999999995;30.8324;24.7907;30.0687;25.1644;25.281200000000002;36.2304;21.5914;19.4083;35.9448;37.208;31.692700000000002;35.2483;18.4659;42.2533;51.7378;45.2861;37.5381;25.1644;20.3765;14.2422;12.9487;29.173599999999997;14.829799999999999;28.1711;19.863599999999998;19.853900000000003;12.9487;10.9794;18.484299999999998;24.7907;21.3629;14.5562;36.2304;9.133799999999999;14.829799999999999;11.7155;11.6305;18.4659;17.1556;10.345600000000001;10.9325;9.959299999999999;25.1644;14.2422;25.281200000000002;3.2041999999999997;4.6381000000000006;10.345600000000001;3.2041999999999997;6.7395;7.0525;5.6674;14.3542;8.520299999999999;5.089600000000001;14.2422;10.9794;7.8551;4.011;12.9487;8.7038;14.829799999999999;8.3856;3.2041999999999997;5.9059;7.8551;5.6674;8.2256;10.345600000000001;8.2256;20.8262;18.8532;10.345600000000001;9.2416;11.3375;14.5602;12.5923;10.808399999999999;13.6533;11.4636;9.803799999999999;10.9741;7.8551;8.2256;13.8307;10.6445;28.2881;15.804;16.4844;23.609599999999997;14.5562;24.4755;19.2148;17.906;20.8262;20.4678;15.489700000000001;13.348600000000001;15.489700000000001;16.9909;31.8469;13.348600000000001;19.2148;13.6533;23.6289;19.2896;19.2896;17.6651;15.869200000000001;17.2769;23.283900000000003;23.283900000000003;17.6651;17.435599999999997;18.9599;16.9909;15.869200000000001;17.2769;19.2148;17.6651;19.2896;19.6429;16.9155;30.530900000000003;32.619099999999996;16.795900000000003;34.5174;29.796;34.5174;23.6289;32.619099999999996;25.8472;23.904700000000002;22.149099999999997;15.869200000000001;33.159800000000004;19.6429;48.3663;34.5174;54.753099999999996;35.494;45.5866;39.7195;41.466800000000006;48.5267;48.795199999999994;30.530900000000003;34.5174;34.5174;59.1308;28.2881;49.9446;41.4178;28.854200000000002;38.8392;28.6913;16.0705;64.0195;16.9155;31.3777;29.173599999999997;30.4288;35.008;19.863599999999998;35.008;38.604;16.0705;24.7907;17.920900000000003;19.4083;22.5607;36.2304;18.4659;18.3927;35.2483;29.548099999999998;37.208;31.692700000000002;28.6624;42.2533;51.7378;35.9448;10.9794;7.0525;9.2935;14.3542;3.9901999999999997;6.7395;11.8267;4.992;5.5084;0.0;9.959299999999999;7.7961;7.9654;5.9059;0.0;8.425;9.8193;9.0045;7.847300000000001;5.0579;10.707799999999999;9.2943;8.767100000000001;8.433200000000001;10.707799999999999;9.8193;10.7875;7.7503;9.9595;8.2028;23.9065;34.8146;16.954099999999997;12.776;10.9762;16.5104;24.5351;13.443;14.5296;24.6442;21.512;24.4785;19.0171;17.2829;19.2956;16.5104;16.5104;15.8744;22.4692;17.1116;15.5111;16.848599999999998;24.6442;17.09;17.1116;18.8477;18.0965;12.0338;22.4692;19.9994;24.2818;17.1116;19.2956;22.4692;17.09;27.601;17.1116;16.848599999999998;23.0687;35.2428;21.0422;16.5104;16.5104;42.3588;15.5111
Eilbek 3.;36.829;36.7052;41.1871;40.037699999999994;50.3732;44.560300000000005;45.995599999999996;39.7692;39.363699999999994;38.5761;37.8519;26.4372;37.2022;53.741099999999996;17.4076;29.5368;21.3704;17.5705;10.914399999999999;10.4016;17.4076;20.0441;38.049800000000005;21.3704;14.5124;18.735;25.8759;25.9927;36.941900000000004;17.8328;20.119799999999998;36.6563;37.919599999999996;32.4042;35.9598;14.7072;42.964800000000004;52.449400000000004;45.9976;38.2496;25.8759;10.914399999999999;5.8873;3.1536999999999997;17.84;11.0711;16.887400000000003;10.4016;10.3918;3.1536999999999997;11.6909;9.022200000000002;14.5124;12.258899999999999;10.7975;36.941900000000004;6.520899999999999;11.0711;3.6891;12.342;14.7072;17.867099999999997;2.4511;4.089300000000001;3.1161;25.8759;5.8873;25.9927;7.2491;7.590199999999999;2.4511;7.2491;18.439;9.307799999999999;9.8316;15.8231;6.0619;4.157100000000001;5.8873;11.6909;2.189;8.7319;3.1536999999999997;4.6582;11.0711;3.866;7.2491;5.9928;2.189;9.8316;6.029100000000001;2.4511;6.029100000000001;20.942;17.9067;2.4511;2.2574;4.4971000000000005;14.440299999999999;8.9246;5.6964;16.2996;13.2435;2.5469;13.784;2.189;6.029100000000001;10.000200000000001;3.8041;20.8085;8.356399999999999;12.8167;22.1127;10.7975;20.8078;8.554200000000002;14.2384;20.942;16.800099999999997;8.7503;7.5445;8.7503;10.2515;23.089299999999998;7.5445;8.554200000000002;16.2996;15.639;12.5501;12.5501;7.0775;9.1576;10.5374;12.8056;12.8056;7.0775;6.8481000000000005;8.372399999999999;10.2515;9.1576;10.5374;8.554200000000002;7.0775;12.5501;9.055399999999999;6.4372;22.0126;23.8616;6.208399999999999;25.9991;21.038400000000003;25.9991;15.639;23.8616;17.3289;17.165200000000002;12.053600000000001;9.1576;21.5738;9.055399999999999;39.6087;25.9991;45.995599999999996;26.7365;36.829;30.9619;32.7093;39.7692;40.037699999999994;22.0126;25.9991;25.9991;50.3732;20.8085;41.1871;31.7058;17.5705;29.377200000000002;17.4076;6.6084;53.741099999999996;6.4372;20.0441;17.84;19.1451;23.674400000000002;10.4016;23.674400000000002;27.2703;6.6084;14.5124;18.6325;20.119799999999998;18.8021;36.941900000000004;14.7072;14.634;35.9598;30.259700000000002;37.919599999999996;32.4042;29.373900000000003;42.964800000000004;52.449400000000004;36.6563;11.6909;9.307799999999999;14.252;15.8231;8.035;18.439;26.5867;11.5829;4.1342;8.425;3.1161;3.1128;3.2851999999999997;5.9928;8.425;0.0;3.1351;3.5707;9.662600000000001;3.9124;3.6791;2.0481;6.3046999999999995;10.9543;3.6791;3.1351;2.8694;2.9191;2.7251999999999996;5.7428;20.0247;30.9327;11.2721;15.8515;13.5771;6.7364;23.3038;15.1317;14.2568;18.451700000000002;13.238100000000001;20.5966;16.0896;10.6927;12.7054;6.7364;6.7364;9.3811;12.9155;7.2984;8.1256;7.0353;18.451700000000002;7.2767;7.2984;9.0345;8.2832;3.7894;12.9155;10.9231;16.3446;7.2984;12.7054;12.9155;7.2767;18.0473;7.2984;7.0353;13.515;23.301;14.4519;6.7364;6.7364;32.361599999999996;8.1256
Hamm United 2.;39.0601;38.9363;43.4182;42.268800000000006;52.6044;46.7914;48.226699999999994;42.0003;41.588300000000004;40.807199999999995;40.1321;28.6683;39.4333;53.5081;17.174599999999998;29.3037;21.137400000000003;17.3375;10.6814;10.1685;17.174599999999998;19.811;37.8168;21.137400000000003;14.279399999999999;18.502;24.5778;20.115;31.0642;15.642100000000001;18.8218;35.3582;32.0418;26.5265;30.082099999999997;12.5166;37.0871;51.151300000000006;40.1199;32.371900000000004;24.5778;10.6814;4.7151000000000005;4.3744;17.606900000000003;8.8805;16.654400000000003;10.1685;10.1588;4.3744;5.6216;8.789200000000001;14.279399999999999;10.068200000000001;8.6069;31.0642;4.2395;8.8805;2.1885;11.043899999999999;12.5166;16.5691;5.0662;1.8077999999999999;0.0;24.5778;4.7151000000000005;20.115;9.8288;6.2921000000000005;5.0662;9.8288;17.140900000000002;8.0097;12.6912;14.525;3.7804;5.4697;4.7151000000000005;5.6216;3.9156999999999997;7.4338;4.3744;6.6073;8.8805;5.8151;9.8288;7.9418999999999995;3.9156999999999997;12.6912;7.9782;5.0662;7.9782;20.671200000000002;17.6358;5.0662;4.977399999999999;7.1005;16.389400000000002;10.4312;7.9766;18.2488;15.1927;5.162;15.7331;3.9156999999999997;7.9782;11.9493;6.4075;25.9064;11.3128;14.369399999999999;24.3929;8.6069;23.088;10.3933;16.5185;20.671200000000002;19.080299999999998;11.706700000000001;10.5168;11.706700000000001;11.9835;25.320400000000003;10.5168;10.3933;18.2488;17.2682;15.2075;15.2075;9.0908;10.8809;13.4939;14.4348;14.4348;9.0908;8.8613;10.3856;11.9835;10.8809;13.4939;10.3933;9.0908;15.2075;11.068700000000002;8.0664;23.6418;26.0927;8.2216;27.6283;23.2695;27.6283;17.2682;26.0927;18.958099999999998;19.3899;13.3276;10.8809;23.7985;11.068700000000002;41.839800000000004;27.6283;48.226699999999994;28.967599999999997;39.0601;33.1931;34.940400000000004;42.0003;42.268800000000006;23.6418;27.6283;27.6283;52.6044;25.9064;43.4182;33.9305;17.3375;29.1442;17.174599999999998;6.3754;53.5081;8.0664;19.811;17.606900000000003;18.9121;23.4413;10.1685;23.4413;27.0373;6.3754;14.279399999999999;17.334400000000002;18.8218;16.6114;31.0642;12.5166;12.4434;30.082099999999997;24.3819;32.0418;26.5265;28.0759;37.0871;51.151300000000006;35.3582;5.6216;8.0097;16.552599999999998;14.525;10.614799999999999;17.140900000000002;25.288700000000002;12.9773;5.446899999999999;9.8193;0.0;4.875100000000001;5.2343;7.9418999999999995;9.8193;3.1351;0.0;5.700699999999999;11.6895;5.434;6.3376;4.7841000000000005;3.9806;12.981200000000001;6.3376;0.0;4.929;4.7465;5.174;7.8728;22.386200000000002;33.2942;13.9305;17.878400000000003;15.604;8.2248;25.6654;17.1586;16.6325;20.534299999999998;15.8965;22.958099999999998;18.4653;13.3511;15.200899999999999;8.2248;8.2248;10.873299999999999;14.1835;9.110299999999999;11.2605;8.847299999999999;20.534299999999998;9.088700000000001;9.110299999999999;10.7032;10.0951;3.7481999999999998;14.1835;11.713799999999999;15.9961;9.110299999999999;15.200899999999999;14.1835;9.088700000000001;19.3153;9.110299999999999;8.847299999999999;14.783;23.3903;17.2649;8.2248;8.2248;34.444300000000005;11.2605
BU 3.;35.4433;35.3195;39.801300000000005;38.652;48.9875;43.1746;44.6099;38.3835;37.978;37.190400000000004;34.704800000000006;25.0515;35.8165;56.779;20.445400000000003;32.5746;25.5795;20.608400000000003;13.952200000000001;13.4394;20.445400000000003;23.0819;41.0876;25.5795;17.5502;21.7729;28.4535;24.5289;35.4781;20.056;22.6975;39.2339;36.4557;30.9404;34.496;16.9305;41.501;55.027;44.5338;36.7858;28.4535;13.952200000000001;9.078899999999999;6.1915;20.8778;13.2944;19.9252;13.4394;13.4297;6.1915;14.2685;12.06;17.5502;14.4821;13.020700000000001;35.4781;8.958;13.2944;6.8536;14.9196;16.9305;20.4448;4.105600000000001;6.5263;5.700699999999999;28.4535;9.078899999999999;24.5289;6.4318;10.1678;4.105600000000001;6.4318;21.016599999999997;11.885399999999999;7.5353;18.4007;8.498899999999999;4.8956;9.078899999999999;14.2685;2.8956999999999997;11.3095;6.1915;1.2806;13.2944;0.0;6.4318;3.6965;2.8956999999999997;7.5353;2.3699;4.105600000000001;2.3699;17.794900000000002;14.7596;4.105600000000001;2.5284;3.0189;11.1036;5.1453;2.6832;14.0033;10.552100000000001;3.5295;11.4877;2.8956999999999997;2.3699;6.663399999999999;2.9554;21.4734;7.6788;9.0835;18.965700000000002;13.020700000000001;17.660700000000002;9.815700000000001;11.091299999999999;17.794900000000002;13.6531;7.3646;5.2234;7.3646;8.8658;21.703599999999998;5.2234;9.815700000000001;14.0033;15.5038;11.164399999999999;11.164399999999999;8.7374;7.7441;9.1517;13.786;13.786;8.7374;7.2926;8.2657;8.8658;7.7441;9.1517;9.815700000000001;8.7374;11.164399999999999;9.5197;8.707799999999999;22.4058;22.475900000000003;8.479;26.3923;19.6527;26.3923;15.5038;22.475900000000003;17.722;15.7795;14.5202;7.7441;20.1881;9.5197;38.223;26.3923;44.6099;25.3508;35.4433;29.5762;31.3236;38.3835;38.652;22.4058;26.3923;26.3923;48.9875;21.4734;39.801300000000005;30.3201;20.608400000000003;33.5863;20.445400000000003;9.6462;56.779;8.707799999999999;23.0819;20.8778;22.1829;29.3703;13.4394;29.3703;31.319599999999998;9.6462;17.5502;21.210099999999997;22.6975;21.025299999999998;35.4781;16.9305;16.8573;34.496;28.7958;36.4557;30.9404;31.9516;41.501;55.027;39.2339;14.2685;11.885399999999999;12.7494;18.4007;7.2178;21.016599999999997;18.201;10.8061;4.8727;9.0045;5.700699999999999;1.5875;1.5232999999999999;3.6965;9.0045;3.5707;5.700699999999999;0.0;6.9624;4.9205;3.1685;2.4465;8.7501;8.254100000000001;3.1685;5.8151;4.9547;1.694;3.7701;2.3789000000000002;17.0895;27.9975;9.648299999999999;13.151299999999999;10.8769;8.8593;20.3687;12.4315;11.421100000000001;17.736;11.6143;17.6614;13.2539;9.9771;11.989799999999999;8.8593;8.8593;8.5686;14.1407;9.0661;8.205200000000001;8.2704;17.736;8.0792;9.0661;10.2596;9.076600000000001;6.934699999999999;14.1407;12.901200000000001;17.5698;9.0661;11.989799999999999;14.1407;8.0792;18.5405;9.0661;8.2704;14.311399999999999;26.374200000000002;13.7363;8.8593;8.8593;31.646;8.205200000000001
Wellingsbüttel 2.;41.379599999999996;41.2558;45.7376;34.6533;54.9238;49.110800000000005;50.5462;44.3197;44.8686;43.1267;27.5731;30.9878;41.7528;62.8708;26.5373;38.6665;32.281400000000005;26.700200000000002;20.0441;19.531200000000002;26.5373;29.1738;47.1795;32.281400000000005;23.6421;27.8647;29.8669;29.9836;40.932900000000004;26.2939;24.110799999999998;40.6472;41.9105;36.395199999999996;39.9507;23.168400000000002;46.9557;56.4403;49.9885;42.2406;29.8669;20.0441;15.1708;12.283299999999999;26.9696;19.5323;26.0171;19.531200000000002;19.5215;12.283299999999999;15.681799999999999;18.1519;23.6421;26.0654;19.2587;40.932900000000004;13.8363;19.5323;12.8425;16.3329;23.168400000000002;21.8581;10.1975;12.1228;11.6895;29.8669;15.1708;29.9836;5.2745;9.7416;10.1975;5.2745;11.8319;12.156;4.018800000000001;19.4466;13.2228;8.0845;15.1708;15.681799999999999;8.8846;9.4;12.283299999999999;7.280600000000001;19.5323;6.9624;5.2745;4.523;8.8846;4.018800000000001;6.8024;10.1975;6.8024;14.7058;12.732700000000001;10.1975;9.0592;9.751;8.4398;9.6157;9.385200000000001;8.3264;5.3431999999999995;9.6214;5.8108;8.8846;6.8024;7.7101999999999995;9.5994;23.9443;14.380799999999999;11.6069;17.4892;19.2587;19.4332;16.5177;13.6991;14.7058;16.2608;14.0665;11.9254;14.0665;15.5677;27.6399;11.9254;16.5177;8.3264;22.2057;17.866400000000002;17.866400000000002;15.44;14.446;15.8537;20.4879;20.4879;15.44;13.9945;14.967600000000001;15.5677;14.446;15.8537;16.5177;15.44;17.866400000000002;16.2216;14.7996;29.1077;28.4121;14.5709;40.2273;25.589;40.2273;22.2057;28.4121;24.424;22.4815;21.222099999999998;14.446;28.952900000000003;16.2216;44.1593;40.2273;50.5462;31.287;41.379599999999996;35.5125;37.259800000000006;44.3197;34.6533;29.1077;40.2273;40.2273;54.9238;23.9443;45.7376;37.210800000000006;26.700200000000002;40.288199999999996;26.5373;15.738100000000001;62.8708;14.7996;29.1738;26.9696;28.2748;32.804;19.531200000000002;32.804;36.4;15.738100000000001;23.6421;22.6234;24.110799999999998;27.2632;40.932900000000004;23.168400000000002;23.095200000000002;39.9507;34.2506;41.9105;36.395199999999996;33.3649;46.9557;56.4403;40.6472;15.681799999999999;12.156;6.5608;19.4466;4.4399;11.8319;14.0706;6.2505;8.5033;7.847300000000001;11.6895;7.3501;6.868600000000001;4.523;7.847300000000001;9.662600000000001;11.6895;6.9624;0.0;8.0612;9.757299999999999;8.646;13.4225;2.6305;9.757299999999999;11.839;10.9786;7.4837;9.798;6.7919;17.267;29.732599999999998;15.5432;7.5278;5.2533;14.8832;18.1798;7.0877;8.1743;19.5622;16.43;19.2195;12.6618;15.872;17.884700000000002;14.8832;14.8832;14.4635;20.035700000000002;15.445200000000002;14.100200000000001;14.202399999999999;19.5622;14.2105;15.445200000000002;16.154600000000002;14.9716;12.9586;20.035700000000002;19.0299;23.4648;15.445200000000002;17.884700000000002;20.035700000000002;14.2105;24.4354;15.445200000000002;14.202399999999999;20.206400000000002;32.3982;19.6313;14.8832;14.8832;37.276900000000005;14.100200000000001
Wandsetal 2.;39.7744;39.6506;44.1325;42.9831;53.318599999999996;47.5057;48.941;42.7146;42.3091;41.5215;39.2375;29.3826;40.1476;62.3737;27.0455;38.1694;25.1541;27.2085;14.6981;14.1852;27.0455;29.732;46.6824;25.1541;23.145;28.423;23.5186;23.6354;34.5846;19.945700000000002;17.7626;34.299;35.5623;30.0469;33.6025;16.8202;40.6075;50.0921;43.6403;35.8924;23.5186;14.6981;9.173399999999999;6.9373000000000005;27.527900000000002;13.1841;26.525299999999998;14.1852;14.1755;6.9373000000000005;9.3336;12.8059;23.145;19.717200000000002;12.9104;34.5846;7.4881;13.1841;6.6468;9.9847;16.8202;15.5099;6.097600000000001;5.5536;5.434;23.5186;9.173399999999999;23.6354;3.4153000000000002;3.5810999999999997;6.097600000000001;3.4153000000000002;16.0817;6.0908;6.277699999999999;10.1071;6.8745;0.0;9.173399999999999;9.3336;3.6071;4.6736;6.9373000000000005;5.7127;13.1841;4.9205;3.4153000000000002;4.242;3.6071;6.277699999999999;6.5617;6.097600000000001;6.5617;19.7766;16.7413;6.097600000000001;4.993600000000001;7.0895;14.7552;9.5366;7.082;14.6418;11.6586;5.5557;12.1262;3.6071;6.5617;11.0547;6.3965;22.8861;11.3018;13.4748;23.4983;12.9104;22.1934;12.3379;15.623899999999999;19.7766;18.1857;11.6957;9.622200000000001;11.6957;13.1969;26.0347;9.622200000000001;12.3379;14.6418;19.8349;15.4956;15.4956;10.8612;12.103;13.4828;16.589299999999998;16.589299999999998;10.8612;10.6318;12.6247;13.1969;12.103;13.4828;12.3379;10.8612;15.4956;12.8391;10.220799999999999;26.736900000000002;26.807;9.9921;30.7234;23.9838;30.7234;19.8349;26.807;22.053099999999997;20.110599999999998;15.837299999999999;12.103;24.5192;12.8391;42.5541;30.7234;48.941;29.681900000000002;39.7744;33.907300000000006;35.6547;42.7146;42.9831;26.736900000000002;30.7234;30.7234;53.318599999999996;22.8861;44.1325;34.651300000000006;27.2085;33.1609;27.0455;10.392100000000001;62.3737;10.220799999999999;29.732;27.527900000000002;28.783;33.362300000000005;14.1852;33.362300000000005;36.9582;10.392100000000001;23.145;16.2752;17.7626;20.915;34.5846;16.8202;16.747;33.6025;27.9024;35.5623;30.0469;27.0167;40.6075;50.0921;34.299;9.3336;6.0908;10.4182;10.1071;4.2013;16.0817;14.649;7.7561;0.5187;5.0579;5.434;3.3192;4.1055;4.242;5.0579;3.9124;5.434;4.9205;8.0612;0.0;6.4129;4.8595;7.0813999999999995;9.502799999999999;6.4129;5.4697;6.0939;3.3154;5.9497;6.5779;21.5811;32.4891;13.235100000000001;14.3438;12.1256;9.960899999999999;24.8603;13.680200000000001;14.7668;21.3229;15.2011;22.153;17.6602;13.5639;15.576600000000001;9.960899999999999;9.960899999999999;12.114799999999999;16.14;10.5229;11.7921;10.259799999999998;21.3229;10.5012;10.5229;12.259;11.507700000000002;6.705;16.14;14.2406;19.5691;10.5229;15.576600000000001;16.14;10.5012;21.2718;10.5229;10.259799999999998;16.7395;27.014400000000002;17.3232;9.960899999999999;9.960899999999999;35.232800000000005;11.7921
FC Winterhude 1.;33.9148;33.7909;38.272800000000004;37.123400000000004;47.459;41.646;43.081300000000006;36.8549;36.449400000000004;35.6618;35.5276;23.5229;34.2879;55.2325;18.8989;31.0281;24.050900000000002;19.0619;12.405700000000001;11.8929;18.8989;21.535400000000003;39.5411;24.050900000000002;16.003700000000002;20.2264;29.090400000000002;22.2285;33.177699999999994;20.6919;23.334400000000002;39.8708;34.1554;28.64;32.1956;17.5664;39.2006;49.6446;42.2334;34.4854;29.090400000000002;12.405700000000001;7.5324;4.645;19.3313;13.930299999999999;18.378700000000002;11.8929;11.8832;4.645;14.9054;10.5135;16.003700000000002;15.118;13.656600000000001;33.177699999999994;10.084100000000001;13.930299999999999;6.5262;15.5565;17.5664;21.081599999999998;3.0299;7.3107;6.3376;29.090400000000002;7.5324;22.2285;8.249600000000001;10.8047;3.0299;8.249600000000001;21.6535;12.5223;9.699;19.037599999999998;9.283299999999999;6.4129;7.5324;14.9054;3.5326;11.946399999999999;4.645;3.133;13.930299999999999;3.1685;8.249600000000001;5.8602;3.5326;9.699;5.0958000000000006;3.0299;5.0958000000000006;18.6177;15.5824;3.0299;1.5435999999999999;1.2298;13.0806;6.6004;2.2889;16.167;12.529200000000001;1.9757;13.651399999999999;3.5326;5.0958000000000006;8.6405;0.0;17.8942;5.4421;10.4925;19.788400000000003;13.656600000000001;14.3868;7.7954;11.914100000000001;18.6177;14.4758;5.836;4.630199999999999;5.836;7.3372;20.175;4.630199999999999;7.7954;16.167;13.975200000000001;9.6359;9.6359;6.3187;6.243399999999999;7.6232;12.2853;12.2853;6.3187;5.0948;6.765;7.3372;6.243399999999999;7.6232;7.7954;6.3187;9.6359;8.019;7.1405;20.877200000000002;20.9473;6.0007;24.8637;18.124200000000002;24.8637;13.975200000000001;20.9473;16.1934;14.251;12.9916;6.243399999999999;18.6595;8.019;36.6944;24.8637;43.081300000000006;23.822200000000002;33.9148;28.0477;29.795;36.8549;37.123400000000004;20.877200000000002;24.8637;24.8637;47.459;17.8942;38.272800000000004;28.7916;19.0619;32.057700000000004;18.8989;8.0997;55.2325;7.1405;21.535400000000003;19.3313;20.636400000000002;27.8417;11.8929;27.8417;29.791;8.0997;16.003700000000002;21.847;23.334400000000002;21.6612;33.177699999999994;17.5664;17.4932;32.1956;26.4954;34.1554;28.64;32.5885;39.2006;49.6446;39.8708;14.9054;12.5223;14.9131;19.037599999999998;9.0356;21.6535;29.8012;12.9698;6.39;10.707799999999999;6.3376;3.4200999999999997;3.1526;5.8602;10.707799999999999;3.6791;6.3376;3.1685;9.757299999999999;6.4129;0.0;1.6741;9.5771;10.8911;0.0;6.4075;3.3966;3.154;2.0813;5.104;17.9067;25.5296;8.1051;15.7883;13.5139;7.4489;25.6949;15.944700000000001;13.421899999999999;15.2847;10.0711;14.2;14.7072;7.5257;9.5384;7.4489;7.4489;6.2141;11.786200000000001;6.4002;4.958600000000001;5.6045;15.2847;5.4133000000000004;6.4002;7.9051;6.7221;5.4601999999999995;11.786200000000001;10.2352;15.2153;6.4002;9.5384;11.786200000000001;5.4133000000000004;16.089100000000002;6.4002;5.6045;11.9569;26.509400000000003;11.2849;7.4489;7.4489;29.194599999999998;4.958600000000001
Paloma 3.;35.052;34.9282;39.4101;38.2607;48.596199999999996;42.783300000000004;44.218599999999995;37.9922;37.5867;36.799099999999996;35.7219;24.6602;35.4252;54.783699999999996;18.450200000000002;30.5794;22.413;18.6131;11.957;11.4442;18.450200000000002;21.0867;39.092400000000005;22.413;15.555;19.7776;27.537;21.779799999999998;32.729;19.6783;21.780900000000003;38.3174;33.7066;28.1913;31.7469;16.5527;38.7519;54.1104;41.784699999999994;34.036699999999996;27.537;11.957;7.083699999999999;4.1963;18.8826;12.9167;17.93;11.4442;11.4344;4.1963;13.352;10.0648;15.555;14.1044;12.643;32.729;8.189;12.9167;5.5346;14.0031;16.5527;19.528200000000002;2.1104000000000003;5.7573;4.7841000000000005;27.537;7.083699999999999;21.779799999999998;7.1383;9.251299999999999;2.1104000000000003;7.1383;20.100099999999998;10.9689;8.5877;17.4842;7.7299;4.8595;7.083699999999999;13.352;1.9792;10.393;4.1963;2.6541;12.9167;2.4465;7.1383;4.7489;1.9792;8.5877;4.6097;2.1104000000000003;4.6097;18.812;15.7767;2.1104000000000003;0.0;2.3670999999999998;12.436200000000001;6.7947;3.5664000000000002;15.0557;11.884799999999998;1.301;12.5401;1.9792;4.6097;7.9961;1.6741;19.0315;6.5794;10.6868;19.9827;12.643;18.677799999999998;8.829600000000001;12.1084;18.812;14.6701;6.9733;5.7675;6.9733;8.4745;21.3123;5.7675;8.829600000000001;15.0557;15.1125;10.773200000000001;10.773200000000001;7.353;7.3807;8.7605;13.4225;13.4225;7.353;6.2678;7.9023;8.4745;7.3807;8.7605;8.829600000000001;7.353;10.773200000000001;9.1562;6.7126;22.0145;22.0846;6.4838000000000005;26.001;19.261400000000002;26.001;15.1125;22.0846;17.3307;15.388200000000001;14.1289;7.3807;19.796799999999998;9.1562;37.8317;26.001;44.218599999999995;24.9595;35.052;29.185;30.932299999999998;37.9922;38.2607;22.0145;26.001;26.001;48.596199999999996;19.0315;39.4101;29.928900000000002;18.6131;30.4198;18.450200000000002;7.651;54.783699999999996;6.7126;21.0867;18.8826;20.1877;24.717;11.4442;24.717;28.312900000000003;7.651;15.555;20.293599999999998;21.780900000000003;20.647599999999997;32.729;16.5527;16.479599999999998;31.7469;26.0467;33.7066;28.1913;31.035;38.7519;54.1104;38.3174;13.352;10.9689;13.8018;17.4842;7.924300000000001;20.100099999999998;28.247799999999998;11.8585;4.836600000000001;9.2943;4.7841000000000005;2.3114;2.0413;4.7489;9.2943;2.0481;4.7841000000000005;2.4465;8.646;4.8595;1.6741;0.0;8.1471;10.3509;1.5435999999999999;4.977399999999999;2.7436;2.6138000000000003;1.3093;4.7005;18.075400000000002;28.9835;9.322899999999999;15.2481;12.973700000000001;6.6482;21.354599999999998;15.5415;13.0187;16.5025;11.2889;18.6474;14.8759;8.7435;10.756200000000002;6.6482;6.6482;7.4319;12.8273;7.210100000000001;6.176399999999999;6.4238;16.5025;6.2388;7.210100000000001;8.946200000000001;7.9399;4.7255;12.8273;10.9279;16.2564;7.210100000000001;10.756200000000002;12.8273;6.2388;17.306900000000002;7.210100000000001;6.4238;13.4268;24.1631;12.5027;6.6482;6.6482;30.4124;6.176399999999999
Billstedt-Horn 2.;42.0205;41.896699999999996;46.3785;45.229099999999995;55.564699999999995;49.7517;51.187;40.2479;43.9628;43.7676;43.8486;31.628700000000002;42.393699999999995;56.107;20.7788;31.9026;23.5325;20.9417;13.0765;12.563600000000001;20.7788;23.4653;40.415699999999994;23.5325;16.8782;22.156200000000002;22.3905;17.3687;28.3179;12.8958;12.5146;33.1709;29.2955;23.7802;27.3358;9.770299999999999;34.3408;44.784800000000004;37.373599999999996;29.6256;22.3905;13.0765;6.3508000000000004;6.6737;21.2611;4.370100000000001;20.258599999999998;12.563600000000001;12.5539;6.6737;2.3316999999999997;11.184299999999999;16.8782;7.317399999999999;4.3906;28.3179;0.0;4.370100000000001;4.583600000000001;4.8854;9.770299999999999;8.8482;7.7572;2.6168;3.9806;22.3905;6.3508000000000004;17.3687;8.7765;5.2398;7.7572;8.7765;14.9647;6.9575;11.639;12.3377;1.1381;7.0813999999999995;6.3508000000000004;2.3316999999999997;7.0853;6.3815;6.6737;9.542200000000001;4.370100000000001;8.7501;8.7765;10.3559;7.0853;11.639;10.913200000000002;7.7572;10.913200000000002;23.606099999999998;20.5708;7.7572;8.1471;10.4795;19.3243;13.366100000000001;10.9115;20.0031;17.0198;8.944;17.6006;7.0853;10.913200000000002;14.8842;9.5771;28.8667;14.9094;17.304299999999998;27.3278;4.3906;26.0229;12.7884;19.4535;23.606099999999998;22.0152;15.3059;13.7864;15.3059;14.9439;28.2808;13.7864;12.7884;20.0031;20.4523;18.1678;18.1678;12.0511;13.8412;16.8155;17.6189;17.6189;12.0511;11.8217;13.346;14.9439;13.8412;16.8155;12.7884;12.0511;18.1678;13.7433;10.9903;26.8259;29.053;11.182;30.8124;26.2299;30.8124;20.4523;29.053;22.1422;21.719;15.722700000000001;13.8412;26.172900000000002;13.7433;44.8002;30.8124;51.187;31.9279;42.0205;36.153400000000005;37.9007;40.2479;45.229099999999995;26.8259;30.8124;30.8124;55.564699999999995;28.8667;46.3785;36.3049;20.9417;31.5393;20.7788;8.7705;56.107;10.9903;23.4653;21.2611;22.516299999999998;27.0955;12.563600000000001;27.0955;30.6915;8.7705;16.8782;15.1471;12.5146;13.8651;28.3179;9.770299999999999;9.6971;27.3358;21.6356;29.2955;23.7802;25.8885;34.3408;44.784800000000004;33.1709;2.3316999999999997;6.9575;15.500399999999999;12.3377;9.5625;14.9647;23.1124;11.925;7.5001999999999995;8.767100000000001;3.9806;7.1487;7.935;10.3559;8.767100000000001;6.3046999999999995;3.9806;8.7501;13.4225;7.0813999999999995;9.5771;8.1471;0.0;15.254700000000001;10.084100000000001;4.2395;8.2534;7.377800000000001;8.8425;11.1301;25.6435;36.5515;17.2527;19.7874;17.9875;10.901299999999999;28.9227;19.4321;19.8898;23.489099999999997;19.218700000000002;26.215400000000002;21.7226;16.6483;18.1557;10.901299999999999;10.901299999999999;13.828100000000001;16.8191;12.065100000000001;14.215200000000001;11.802;23.489099999999997;12.0434;12.065100000000001;13.338799999999999;13.0499;6.3837;16.8191;14.3493;18.631700000000002;12.065100000000001;18.1557;16.8191;12.0434;21.9509;12.065100000000001;11.802;17.418599999999998;27.092;20.2197;10.901299999999999;10.901299999999999;37.399;14.215200000000001
Sasel 3.;39.3885;39.2646;43.7465;32.6622;52.9327;47.119699999999995;48.555;42.3286;42.8775;41.1355;25.5819;28.996599999999997;39.7616;64.1625;27.829;39.9582;35.0751;27.9919;21.3358;20.8229;27.829;30.4655;48.471199999999996;35.0751;24.933799999999998;29.1564;32.1617;31.402;42.3512;27.7122;26.4056;43.531800000000004;43.3288;37.8135;41.369099999999996;24.5867;48.3741;59.3249;51.4069;43.6589;32.1617;21.3358;16.462400000000002;13.575;28.2613;20.950599999999998;27.308799999999998;20.8229;20.813200000000002;13.575;17.1002;19.4436;24.933799999999998;27.483700000000002;20.677;42.3512;15.254700000000001;20.950599999999998;14.1341;17.7513;24.5867;22.6734;11.4891;13.4145;12.981200000000001;32.1617;16.462400000000002;31.402;6.6929;11.1599;11.4891;6.6929;11.639100000000001;13.5743;4.1508;19.2538;14.6411;9.502799999999999;16.462400000000002;17.1002;10.176200000000001;10.818299999999999;13.575;8.572299999999998;20.950599999999998;8.254100000000001;6.6929;5.8147;10.176200000000001;4.1508;8.094100000000001;11.4891;8.094100000000001;12.7147;10.7416;11.4891;10.3509;11.0427;6.4487;7.6246;10.6769;5.6696;3.352;10.913;3.1539;10.176200000000001;8.094100000000001;5.7191;10.8911;21.953200000000002;14.9895;9.6157;15.4981;20.677;17.442;18.0009;11.7079;12.7147;14.2697;14.6752;12.4846;14.6752;16.1764;25.6487;12.4846;18.0009;5.6696;25.8613;18.8089;18.8089;16.7317;15.9293;16.338;25.0093;25.0093;16.7317;15.564;16.4509;16.1764;15.9293;16.338;18.0009;16.7317;18.8089;17.7048;16.0913;33.6132;26.421;15.8626;38.2362;23.597900000000003;38.2362;25.8613;26.421;28.9294;23.1702;24.0158;15.9293;26.9617;17.7048;42.168099999999995;38.2362;48.555;29.295900000000003;39.3885;33.5214;35.268699999999995;42.3286;32.6622;33.6132;38.2362;38.2362;52.9327;21.953200000000002;43.7465;35.2196;27.9919;43.081900000000005;27.829;17.029799999999998;64.1625;16.0913;30.4655;28.2613;29.5665;38.8659;20.8229;38.8659;40.8151;17.029799999999998;24.933799999999998;20.758;26.4056;28.6815;42.3512;24.5867;27.527099999999997;41.369099999999996;35.6689;43.3288;37.8135;35.659699999999994;48.3741;59.3249;43.531800000000004;17.1002;13.5743;5.2245;19.2538;5.8582;11.639100000000001;11.913799999999998;6.057600000000001;9.9216;8.433200000000001;12.981200000000001;8.6418;8.1603;5.8147;8.433200000000001;10.9543;12.981200000000001;8.254100000000001;2.6305;9.502799999999999;10.8911;10.3509;15.254700000000001;0.0;11.0343;13.116100000000001;12.255600000000001;8.7607;11.075;8.0689;15.5052;27.9708;14.202;5.7175;3.4431;16.1602;16.418;5.3259;6.4125;17.8004;14.6682;17.4577;10.899899999999999;16.4803;19.8065;16.1602;16.1602;15.8043;25.457;16.7222;14.7084;15.8106;17.8004;15.818700000000002;16.7222;17.4953;16.3123;14.2356;25.457;24.689700000000002;27.826;16.7222;19.8065;25.457;15.818700000000002;26.8191;16.7222;15.8106;24.8095;37.791599999999995;22.0149;16.1602;16.1602;35.515;14.7084
Sperber 2.;33.9148;33.7909;38.272800000000004;37.123400000000004;47.459;41.646;43.081300000000006;36.8549;36.449400000000004;35.6618;35.5276;23.5229;34.2879;55.2325;18.8989;31.0281;24.050900000000002;19.0619;12.405700000000001;11.8929;18.8989;21.535400000000003;39.5411;24.050900000000002;16.003700000000002;20.2264;29.090400000000002;22.2285;33.177699999999994;20.6919;23.334400000000002;39.8708;34.1554;28.64;32.1956;17.5664;39.2006;49.6446;42.2334;34.4854;29.090400000000002;12.405700000000001;7.5324;4.645;19.3313;13.930299999999999;18.378700000000002;11.8929;11.8832;4.645;14.9054;10.5135;16.003700000000002;15.118;13.656600000000001;33.177699999999994;10.084100000000001;13.930299999999999;6.5262;15.5565;17.5664;21.081599999999998;3.0299;7.3107;6.3376;29.090400000000002;7.5324;22.2285;8.249600000000001;10.8047;3.0299;8.249600000000001;21.6535;12.5223;9.699;19.037599999999998;9.283299999999999;6.4129;7.5324;14.9054;3.5326;11.946399999999999;4.645;3.133;13.930299999999999;3.1685;8.249600000000001;5.8602;3.5326;9.699;5.0958000000000006;3.0299;5.0958000000000006;18.6177;15.5824;3.0299;1.5435999999999999;1.2298;13.0806;6.6004;2.2889;16.167;12.529200000000001;1.9757;13.651399999999999;3.5326;5.0958000000000006;8.6405;0.0;17.8942;5.4421;10.4925;19.788400000000003;13.656600000000001;14.3868;7.7954;11.914100000000001;18.6177;14.4758;5.836;4.630199999999999;5.836;7.3372;20.175;4.630199999999999;7.7954;16.167;13.975200000000001;9.6359;9.6359;6.3187;6.243399999999999;7.6232;12.2853;12.2853;6.3187;5.0948;6.765;7.3372;6.243399999999999;7.6232;7.7954;6.3187;9.6359;8.019;7.1405;20.877200000000002;20.9473;6.0007;24.8637;18.124200000000002;24.8637;13.975200000000001;20.9473;16.1934;14.251;12.9916;6.243399999999999;18.6595;8.019;36.6944;24.8637;43.081300000000006;23.822200000000002;33.9148;28.0477;29.795;36.8549;37.123400000000004;20.877200000000002;24.8637;24.8637;47.459;17.8942;38.272800000000004;28.7916;19.0619;32.057700000000004;18.8989;8.0997;55.2325;7.1405;21.535400000000003;19.3313;20.636400000000002;27.8417;11.8929;27.8417;29.791;8.0997;16.003700000000002;21.847;23.334400000000002;21.6612;33.177699999999994;17.5664;17.4932;32.1956;26.4954;34.1554;28.64;32.5885;39.2006;49.6446;39.8708;14.9054;12.5223;14.9131;19.037599999999998;9.0356;21.6535;29.8012;12.9698;6.39;10.707799999999999;6.3376;3.4200999999999997;3.1526;5.8602;10.707799999999999;3.6791;6.3376;3.1685;9.757299999999999;6.4129;0.0;1.5435999999999999;10.084100000000001;11.0343;0.0;6.4075;3.3966;3.154;2.0813;5.104;17.9067;25.5296;8.1051;15.7883;13.5139;7.4489;25.6949;15.944700000000001;13.421899999999999;15.2847;10.0711;14.2;14.7072;7.5257;9.5384;7.4489;7.4489;6.2141;11.786200000000001;6.4002;4.958600000000001;5.6045;15.2847;5.4133000000000004;6.4002;7.9051;6.7221;5.4601999999999995;11.786200000000001;10.2352;15.2153;6.4002;9.5384;11.786200000000001;5.4133000000000004;16.089100000000002;6.4002;5.6045;11.9569;26.509400000000003;11.2849;7.4489;7.4489;29.194599999999998;4.958600000000001
TuS Hamburg 1.;39.0601;38.9363;43.4182;42.268800000000006;52.6044;46.7914;48.226699999999994;42.0003;41.588300000000004;40.807199999999995;40.1321;28.6683;39.4333;53.5081;17.174599999999998;29.3037;21.137400000000003;17.3375;10.6814;10.1685;17.174599999999998;19.811;37.8168;21.137400000000003;14.279399999999999;18.502;24.5778;20.115;31.0642;15.642100000000001;18.8218;35.3582;32.0418;26.5265;30.082099999999997;12.5166;37.0871;51.151300000000006;40.1199;32.371900000000004;24.5778;10.6814;4.7151000000000005;4.3744;17.606900000000003;8.8805;16.654400000000003;10.1685;10.1588;4.3744;5.6216;8.789200000000001;14.279399999999999;10.068200000000001;8.6069;31.0642;4.2395;8.8805;2.1885;11.043899999999999;12.5166;16.5691;5.0662;1.8077999999999999;0.0;24.5778;4.7151000000000005;20.115;9.8288;6.2921000000000005;5.0662;9.8288;17.140900000000002;8.0097;12.6912;14.525;3.7804;5.4697;4.7151000000000005;5.6216;3.9156999999999997;7.4338;4.3744;6.6073;8.8805;5.8151;9.8288;7.9418999999999995;3.9156999999999997;12.6912;7.9782;5.0662;7.9782;20.671200000000002;17.6358;5.0662;4.977399999999999;7.1005;16.389400000000002;10.4312;7.9766;18.2488;15.1927;5.162;15.7331;3.9156999999999997;7.9782;11.9493;6.4075;25.9064;11.3128;14.369399999999999;24.3929;8.6069;23.088;10.3933;16.5185;20.671200000000002;19.080299999999998;11.706700000000001;10.5168;11.706700000000001;11.9835;25.320400000000003;10.5168;10.3933;18.2488;17.2682;15.2075;15.2075;9.0908;10.8809;13.4939;14.4348;14.4348;9.0908;8.8613;10.3856;11.9835;10.8809;13.4939;10.3933;9.0908;15.2075;11.068700000000002;8.0664;23.6418;26.0927;8.2216;27.6283;23.2695;27.6283;17.2682;26.0927;18.958099999999998;19.3899;13.3276;10.8809;23.7985;11.068700000000002;41.839800000000004;27.6283;48.226699999999994;28.967599999999997;39.0601;33.1931;34.940400000000004;42.0003;42.268800000000006;23.6418;27.6283;27.6283;52.6044;25.9064;43.4182;33.9305;17.3375;29.1442;17.174599999999998;6.3754;53.5081;8.0664;19.811;17.606900000000003;18.9121;23.4413;10.1685;23.4413;27.0373;6.3754;14.279399999999999;17.334400000000002;18.8218;16.6114;31.0642;12.5166;12.4434;30.082099999999997;24.3819;32.0418;26.5265;28.0759;37.0871;51.151300000000006;35.3582;5.6216;8.0097;16.552599999999998;14.525;10.614799999999999;17.140900000000002;25.288700000000002;12.9773;5.446899999999999;9.8193;0.0;4.875100000000001;5.2343;7.9418999999999995;9.8193;3.1351;0.0;5.8151;11.839;5.4697;6.4075;4.977399999999999;4.2395;13.116100000000001;6.4075;0.0;4.929;4.7465;5.174;7.8728;22.386200000000002;33.2942;13.9305;17.878400000000003;15.604;8.2248;25.6654;17.1586;16.6325;20.534299999999998;15.8965;22.958099999999998;18.4653;13.3511;15.200899999999999;8.2248;8.2248;10.873299999999999;14.1835;9.110299999999999;11.2605;8.847299999999999;20.534299999999998;9.088700000000001;9.110299999999999;10.7032;10.0951;3.7481999999999998;14.1835;11.713799999999999;15.9961;9.110299999999999;15.200899999999999;14.1835;9.088700000000001;19.3153;9.110299999999999;8.847299999999999;14.783;23.3903;17.2649;8.2248;8.2248;34.444300000000005;11.2605
Polonia 1.;35.9403;35.8165;40.2984;39.149;49.4846;43.6716;45.1069;38.8805;38.4685;37.687400000000004;37.7685;25.5485;36.3135;53.4018;17.0682;29.197400000000002;21.031;17.2312;10.575;10.0622;17.0682;19.7047;37.7104;21.031;14.173;18.3957;27.6889;20.3978;31.347;18.8612;21.9328;38.469300000000004;32.3247;26.8093;30.364900000000002;15.735700000000001;37.3699;47.813900000000004;40.402699999999996;32.6547;27.6889;10.575;5.7017;2.8143000000000002;17.5006;12.0996;16.548;10.0622;10.0525;2.8143000000000002;9.6355;8.682799999999999;14.173;13.2873;11.826;31.347;8.2534;12.0996;4.6955;14.155;15.735700000000001;19.6801;0.0;5.9022;4.929;27.6889;5.7017;20.3978;9.1923;9.4031;0.0;9.1923;20.251900000000003;11.1208;10.9203;17.6361;7.8748000000000005;6.0939;5.7017;9.6355;4.1323;10.5449;2.8143000000000002;5.2112;12.0996;4.9547;9.1923;7.0813999999999995;4.1323;10.9203;7.1178;0.0;7.1178;20.9998;17.9645;0.0;2.7436;3.5725;14.9933;8.9825;4.631600000000001;17.3883;14.3322;2.037;14.8727;4.1323;7.1178;10.5532;3.3966;22.7866;7.6912;12.874600000000001;22.1706;11.826;16.635900000000003;7.4477;14.2962;20.9998;13.506;8.0851;6.8793;8.0851;8.863700000000001;22.200599999999998;6.8793;7.4477;17.3883;14.5325;12.0877;12.0877;5.971;7.761100000000001;9.8723;11.699;11.699;5.971;5.7415;7.2658000000000005;8.863700000000001;7.761100000000001;9.8723;7.4477;5.971;12.0877;7.9489;5.3306000000000004;20.9061;22.972900000000003;5.1018;24.892599999999998;20.1497;24.892599999999998;14.5325;22.972900000000003;16.2223;16.2701;10.947;7.761100000000001;20.6786;7.9489;38.72;24.892599999999998;45.1069;25.8478;35.9403;30.0733;31.8206;38.8805;39.149;20.9061;24.892599999999998;24.892599999999998;49.4846;22.7866;40.2984;30.8107;17.2312;29.0378;17.0682;6.269;53.4018;5.3306000000000004;19.7047;17.5006;18.8057;23.335;10.0622;23.335;26.9309;6.269;14.173;20.445400000000003;21.9328;19.8305;31.347;15.735700000000001;15.6625;30.364900000000002;24.6648;32.3247;26.8093;31.1869;37.3699;47.813900000000004;38.469300000000004;9.6355;11.1208;16.1953;17.6361;9.978299999999999;20.251900000000003;28.3997;13.6985;6.071;10.7875;4.929;4.6438999999999995;4.3738;7.0813999999999995;10.7875;2.8694;4.929;4.9547;10.9786;6.0939;3.3966;2.7436;8.2534;12.255600000000001;3.3966;4.929;0.0;3.752;1.4887000000000001;6.277699999999999;19.561799999999998;30.4698;10.450299999999999;16.386400000000002;14.112;6.1499;22.8409;15.6666;15.077;17.629900000000003;12.4164;16.5453;16.3622;9.870899999999999;11.8836;6.1499;6.1499;8.559299999999999;12.329;6.7119;7.3039;6.4488;17.629900000000003;6.6902;6.7119;8.448;7.6967;2.9138;12.329;10.4296;15.7581;6.7119;11.8836;12.329;6.6902;17.4608;6.7119;6.4488;12.9285;22.729200000000002;13.6302;6.1499;6.1499;31.539900000000003;7.3039
Hamburg Hurricanes 1.;36.6156;36.491699999999994;40.9736;39.8242;50.159800000000004;44.3468;45.7821;39.555699999999995;39.1502;38.3626;36.0109;26.2237;36.988699999999994;56.4254;20.091900000000003;32.2211;26.7517;20.2548;13.598700000000001;13.085799999999999;20.091900000000003;22.7284;40.7341;26.7517;17.1967;21.4193;27.499299999999998;22.948700000000002;33.8979;18.475900000000003;21.743299999999998;38.2797;34.8756;29.3603;32.915800000000004;15.350299999999999;39.9208;54.0728;42.9536;35.2057;27.499299999999998;13.598700000000001;8.4261;5.837899999999999;20.5242;11.7142;19.5717;13.085799999999999;13.0761;5.837899999999999;8.7599;11.7065;17.1967;12.902;11.4406;33.8979;7.377800000000001;11.7142;5.8994;13.965399999999999;15.350299999999999;19.490599999999997;3.752;4.9462;4.7465;27.499299999999998;8.4261;22.948700000000002;5.3492;7.3282;3.752;5.3492;20.0624;9.0458;7.4254;17.4465;6.9188;3.3154;8.4261;8.7599;1.8788;8.469899999999999;5.837899999999999;2.4861999999999997;11.7142;1.694;5.3492;3.5866;1.8788;7.4254;3.8571;3.752;3.8571;16.55;13.514700000000001;3.752;2.6138000000000003;3.386;12.2683;6.3101;3.8555;13.8934;10.837299999999999;3.176;11.377799999999999;1.8788;3.8571;7.8282;3.154;19.659599999999998;8.8511;10.248299999999999;20.2718;11.4406;18.9668;10.4713;12.3974;16.55;14.959200000000001;8.5368;6.3957;8.5368;10.038;22.8759;6.3957;10.4713;13.8934;16.676;12.3367;12.3367;8.9946;8.8606;10.324;14.9025;14.9025;8.9946;7.712;9.382200000000001;10.038;8.8606;10.324;10.4713;8.9946;12.3367;10.6362;8.3542;23.578;23.6481;8.1255;27.5645;20.825;27.5645;16.676;23.6481;18.8942;16.9518;15.6924;8.8606;21.3603;10.6362;39.395199999999996;27.5645;45.7821;26.523;36.6156;30.7485;32.4958;39.555699999999995;39.8242;23.578;27.5645;27.5645;50.159800000000004;19.659599999999998;40.9736;31.4924;20.2548;34.7585;20.091900000000003;9.2927;56.4254;8.3542;22.7284;20.5242;21.8294;26.3586;13.085799999999999;26.3586;29.9546;9.2927;17.1967;20.2559;21.743299999999998;19.4452;33.8979;15.350299999999999;15.2772;32.915800000000004;27.215700000000002;34.8756;29.3603;30.997400000000003;39.9208;54.0728;38.2797;8.7599;9.0458;12.3522;17.4465;6.1352;20.0624;17.3413;10.4484;3.2925999999999997;7.7503;4.7465;0.0927;0.8789;3.5866;7.7503;2.9191;4.7465;1.694;7.4837;3.3154;3.154;2.6138000000000003;7.377800000000001;8.7607;3.154;4.7465;3.752;0.0;3.4707;3.8523;18.3657;29.2737;10.0197;13.6318;11.357299999999999;8.5559;21.6449;12.9119;12.612;18.1075;11.9858;18.9376;14.444799999999999;10.3485;12.3612;8.5559;8.5559;8.940100000000001;14.5122;9.117899999999999;8.5767;8.361;18.1075;8.423399999999999;9.117899999999999;10.6311;9.4481;5.966399999999999;14.5122;12.835600000000001;17.9413;9.117899999999999;12.3612;14.5122;8.423399999999999;18.911900000000003;9.117899999999999;8.361;14.6829;26.0709;14.1078;8.5559;8.5559;32.0174;8.5767
UH-Adler 2.;34.6511;34.527300000000004;39.0092;37.8598;48.1954;42.382400000000004;43.817699999999995;37.591300000000004;37.1858;36.398199999999996;36.1291;24.2593;35.024300000000004;53.9909;17.657400000000003;29.7865;21.6202;17.8203;11.164200000000001;10.651299999999999;17.657400000000003;20.2938;38.2996;21.6202;14.7622;18.9848;27.933799999999998;20.986900000000002;31.9361;19.4503;22.177799999999998;38.7142;32.9138;27.3985;30.954;16.3248;37.959;48.4031;40.991800000000005;33.243900000000004;27.933799999999998;11.164200000000001;6.2908;3.4034;18.0897;12.6887;17.1372;10.651299999999999;10.6416;3.4034;10.2246;9.272;14.7622;13.8764;12.4151;31.9361;8.8425;12.6887;5.2846;14.399899999999999;16.3248;19.925;1.4887000000000001;6.1472;5.174;27.933799999999998;6.2908;20.986900000000002;8.290299999999998;9.648100000000001;1.4887000000000001;8.290299999999998;20.4969;11.3657;9.739700000000001;17.881;8.1198;5.9497;6.2908;10.2246;2.8513;10.7898;3.4034;3.7345;12.6887;3.7701;8.290299999999998;5.9009;2.8513;9.739700000000001;5.6974;1.4887000000000001;5.6974;19.2192;16.1839;1.4887000000000001;1.3093;2.0598;13.6822;7.201899999999999;3.1189;16.2078;13.130700000000001;0.0;13.6921;2.8513;5.6974;9.242;2.0813;18.630599999999998;6.1785;11.094;20.3899;12.4151;15.1232;7.519399999999999;12.515600000000001;19.2192;15.077399999999999;6.5724;5.3666;6.5724;8.0736;20.9114;5.3666;7.519399999999999;16.2078;14.7116;10.3723;10.3723;6.0427;6.9798;8.3596;12.2869;12.2869;6.0427;5.2657;6.882899999999999;8.0736;6.9798;8.3596;7.519399999999999;6.0427;10.3723;8.0206;5.898899999999999;21.613599999999998;21.6837;5.6701999999999995;25.600099999999998;18.860599999999998;25.600099999999998;14.7116;21.6837;16.9298;14.9873;11.8745;6.9798;19.3959;8.0206;37.430800000000005;25.600099999999998;43.817699999999995;24.5586;34.6511;28.7841;30.5314;37.591300000000004;37.8598;21.613599999999998;25.600099999999998;25.600099999999998;48.1954;18.630599999999998;39.0092;29.528;17.8203;29.627;17.657400000000003;6.8582;53.9909;5.898899999999999;20.2938;18.0897;19.3949;23.9241;10.651299999999999;23.9241;27.5201;6.8582;14.7622;20.6904;22.177799999999998;20.4196;31.9361;16.3248;16.2516;30.954;25.2539;32.9138;27.3985;31.431900000000002;37.959;48.4031;38.7142;10.2246;11.3657;14.9538;17.881;9.0763;20.4969;28.644599999999997;13.0105;5.9269;9.9595;5.174;3.4634;3.1933000000000002;5.9009;9.9595;2.7251999999999996;5.174;3.7701;9.798;5.9497;2.0813;1.3093;8.8425;11.075;2.0813;5.174;1.4887000000000001;3.4707;0.0;5.7016;18.5075;29.415599999999998;8.9089;15.8103;13.5359;5.9372;21.7867;16.5456;14.0228;16.0884;10.8749;15.0038;15.308;8.3294;10.3422;5.9372;5.9372;7.0179;11.898100000000001;6.2809;5.7623999999999995;5.4852;16.0884;5.3002;6.2809;8.017;7.2658000000000005;4.1006;11.898100000000001;10.116;15.327200000000001;6.2809;10.3422;11.898100000000001;5.3002;16.8929;6.2809;5.4852;12.4976;23.456599999999998;12.088700000000001;5.9372;5.9372;29.9984;5.7623999999999995
Bramfeld 3.;38.9208;38.797;43.278800000000004;42.129400000000004;52.465;46.6521;48.0874;41.861;42.409800000000004;40.6679;34.8538;28.529;39.294;58.9511;22.6175;34.7467;27.0389;22.7805;16.124299999999998;15.6115;22.6175;25.254;43.259699999999995;27.0389;19.7223;23.945;30.6256;26.701;37.6502;22.228099999999998;24.8696;41.406;38.6278;33.1125;36.668099999999995;19.1026;43.6731;57.1991;46.7059;38.9579;30.6256;16.124299999999998;11.251;8.3636;23.0499;15.4665;22.0973;15.6115;15.601799999999999;8.3636;16.4406;14.2321;19.7223;16.6542;15.1928;37.6502;11.1301;15.4665;9.0257;17.0917;19.1026;22.6169;6.277699999999999;8.6984;7.8728;30.6256;11.251;26.701;5.63;10.0615;6.277699999999999;5.63;14.119399999999999;14.0575;6.7336;20.5728;10.671;6.5779;11.251;16.4406;5.0679;9.7555;8.3636;2.0381;15.4665;2.3789000000000002;5.63;2.8948;5.0679;6.7336;0.0;6.277699999999999;0.0;17.943900000000003;14.9086;6.277699999999999;4.7005;4.986;11.623700000000001;5.9266000000000005;4.142600000000001;13.201600000000001;10.1455;5.7016;10.686;5.0679;0.0;7.1835;5.104;21.6223;9.138200000000001;9.818700000000002;19.1146;15.1928;17.8097;11.2751;11.2403;17.943900000000003;13.802100000000001;8.824;6.6828;8.824;10.3252;25.181099999999997;6.6828;11.2751;13.201600000000001;16.9632;12.6238;12.6238;9.981;9.2035;10.6111;15.2454;15.2454;9.981;8.752;9.725100000000001;10.3252;9.2035;10.6111;11.2751;9.981;12.6238;10.9791;10.8799;23.865099999999998;25.9533;9.663;27.8517;23.130200000000002;27.8517;16.9632;25.9533;19.1814;17.2389;15.9796;9.2035;26.4941;10.9791;41.7005;27.8517;48.0874;28.8283;38.9208;33.0537;34.8011;41.861;42.129400000000004;23.865099999999998;27.8517;27.8517;52.465;21.6223;43.278800000000004;34.752;22.7805;35.0457;22.6175;11.818299999999999;58.9511;10.8799;25.254;23.0499;24.355;30.8297;15.6115;30.8297;32.779;11.818299999999999;19.7223;23.3822;24.8696;23.197400000000002;37.6502;19.1026;19.029400000000003;36.668099999999995;30.9679;38.6278;33.1125;34.1237;43.6731;57.1991;41.406;16.4406;14.0575;11.947700000000001;20.5728;6.416;14.119399999999999;17.3993;10.0044;6.8467;8.2028;7.8728;3.7596;3.5905;2.8948;8.2028;5.7428;7.8728;2.3789000000000002;6.7919;6.5779;5.104;4.7005;11.1301;8.0689;5.104;7.8728;6.277699999999999;3.8523;5.7016;0.0;17.2368;28.1449;10.2844;12.991299999999999;10.716899999999999;11.0224;20.516;12.2715;11.6874;17.9745;14.8422;17.808799999999998;13.520299999999999;10.6132;12.6259;11.0224;11.0224;9.2047;14.7768;10.0674;8.8414;8.9436;17.9745;8.9517;10.0674;10.8958;9.7127;9.0978;14.7768;13.7711;18.2059;10.0674;12.6259;14.7768;8.9517;19.176599999999997;10.0674;8.9436;14.9475;29.5969;14.372399999999999;11.0224;11.0224;35.689099999999996;8.8414
Hasloh 1.;22.8142;22.6904;27.1722;18.5793;25.7775;30.5454;31.9808;21.994400000000002;29.961;24.5613;11.499;12.014700000000001;23.1874;45.3299;34.1744;35.8865;27.9309;35.2111;31.0748;29.672400000000003;34.1744;32.226099999999995;49.1872;27.9309;33.0064;32.2801;45.1391;39.231199999999994;50.1804;36.7415;39.383;55.9194;51.158;45.6427;49.1983;33.616;56.203300000000006;71.7125;59.2361;51.488099999999996;45.1391;31.0748;24.5351;21.647599999999997;31.778599999999997;29.9799;34.528;29.672400000000003;29.843;21.647599999999997;30.954;27.5162;33.0064;31.1676;29.7063;50.1804;25.6435;29.9799;23.5552;31.6051;33.616;37.130300000000005;19.561799999999998;23.2118;22.386200000000002;45.1391;24.5351;39.231199999999994;21.3338;26.8533;19.561799999999998;21.3338;26.798;28.5709;19.7938;35.0862;25.1844;21.5811;24.5351;30.954;19.5813;27.995;21.647599999999997;16.476599999999998;29.9799;17.0895;21.3338;18.5985;19.5813;19.7938;17.2368;19.561799999999998;17.2368;9.024700000000001;6.562399999999999;19.561799999999998;18.075400000000002;16.595;9.219899999999999;11.663200000000002;15.7516;18.1118;12.4655;18.5075;17.349400000000003;19.5813;17.2368;12.4941;17.9067;6.663600000000001;13.8049;8.6405;9.9677;29.7063;4.4327;16.7792;10.0692;9.024700000000001;7.1768;13.3382;13.1422;13.3382;13.5855;8.8271;13.1422;16.7792;18.1118;17.0477;10.9385;10.9385;16.6936;15.5631;12.6176;17.8652;17.8652;16.6936;16.675900000000002;15.072700000000001;13.5855;15.5631;12.6176;16.7792;16.6936;10.9385;15.6494;18.4336;23.0469;13.3948;16.8258;25.3197;13.307799999999999;25.3197;17.0477;13.3948;18.858700000000002;15.6999;16.871599999999997;15.5631;15.583;15.6494;25.5939;25.3197;31.9808;8.578;22.8142;16.5394;18.6944;21.994400000000002;18.5793;23.0469;25.3197;25.3197;25.7775;6.663600000000001;27.1722;22.303099999999997;35.2111;35.9377;34.1744;25.102400000000003;45.3299;18.4336;32.226099999999995;31.778599999999997;36.417199999999994;31.721799999999998;29.672400000000003;31.721799999999998;33.671;25.102400000000003;33.0064;37.8956;39.383;37.710800000000006;50.1804;33.616;33.5428;49.1983;43.4981;51.158;45.6427;48.6371;56.203300000000006;71.7125;55.9194;30.954;28.5709;20.3834;35.0862;22.119799999999998;26.798;27.102400000000003;21.2166;21.5582;23.9065;22.386200000000002;18.273;18.2088;18.5985;23.9065;20.0247;22.386200000000002;17.0895;17.267;21.5811;17.9067;18.075400000000002;25.6435;15.5052;17.9067;22.386200000000002;19.561799999999998;18.3657;18.5075;17.2368;0.0;8.991700000000002;9.647200000000002;19.6062;17.331799999999998;19.1403;5.8114;12.6132;9.2023;8.501299999999999;7.4607;4.4323999999999995;8.8351;12.629700000000001;10.9773;19.1403;19.1403;16.0347;18.176099999999998;17.485599999999998;13.129299999999999;16.0199;8.501299999999999;17.3071;17.485599999999998;16.6166;16.3825;22.2755;18.176099999999998;17.4088;20.545099999999998;17.485599999999998;10.9773;18.176099999999998;17.3071;18.895;17.485599999999998;16.0199;17.528599999999997;30.5108;13.1857;19.1403;19.1403;18.4749;13.129299999999999
Ellerau 1.;24.8643;24.237599999999997;28.7194;14.3785;21.576700000000002;32.5955;22.2821;27.8044;32.7996;21.6747;10.1199;14.853299999999999;22.175099999999997;53.9945;42.839;44.551;36.5955;43.875699999999995;39.7394;38.337;42.839;40.890699999999995;57.851800000000004;36.5955;41.9496;40.9447;56.0471;47.049099999999996;57.9983;47.2648;50.291;66.8275;58.976;53.4606;57.0162;44.139300000000006;64.0212;74.4652;67.054;59.306;56.0471;39.7394;32.3609;30.2733;40.4432;40.5032;43.1925;38.337;38.5075;30.2733;41.8621;35.3341;41.9496;43.1308;40.2296;57.9983;36.5515;40.5032;33.121199999999995;42.5132;44.139300000000006;48.0383;30.4698;34.1199;33.2942;56.0471;32.3609;47.049099999999996;32.2418;37.7614;30.4698;32.2418;40.731199999999994;39.479;33.3454;45.9943;36.092400000000005;32.4891;32.3609;41.8621;30.4893;38.9031;30.2733;27.3846;40.5032;27.9975;32.2418;29.5066;30.4893;33.3454;28.1449;30.4698;28.1449;9.2738;12.989700000000001;30.4698;28.9835;24.71;16.2841;22.5141;26.6597;21.3688;19.5296;29.415599999999998;24.0403;30.4893;28.1449;23.1463;25.5296;11.084700000000002;22.139400000000002;21.7271;7.8576999999999995;40.2296;12.189;25.4438;17.577099999999998;9.2738;16.2576;21.6726;21.4767;21.6726;22.2501;14.6491;21.4767;25.4438;21.3688;27.3818;20.3293;20.3293;25.3582;24.227700000000002;22.4034;26.529799999999998;26.529799999999998;25.3582;25.3405;23.7372;22.2501;24.227700000000002;22.4034;25.4438;25.3582;20.3293;24.3139;27.098200000000002;35.1336;18.1353;25.4904;28.1583;25.118299999999998;28.1583;27.3818;18.1353;30.449900000000003;24.6907;25.5362;24.227700000000002;22.0642;24.3139;27.644;28.1583;22.2821;11.4167;24.8643;19.3781;20.7445;27.8044;14.3785;35.1336;28.1583;28.1583;21.576700000000002;11.084700000000002;28.7194;25.1418;43.875699999999995;44.6023;42.839;32.920300000000005;53.9945;27.098200000000002;40.890699999999995;40.4432;45.0817;40.386300000000006;38.337;40.386300000000006;42.3356;32.920300000000005;41.9496;48.8037;50.291;48.2341;57.9983;44.139300000000006;44.0661;57.0162;51.316;58.976;53.4606;59.5451;64.0212;74.4652;66.8275;41.8621;39.479;32.849;45.9943;33.027800000000006;40.731199999999994;30.3595;33.682199999999995;32.4663;34.8146;33.2942;29.181;29.116799999999998;29.5066;34.8146;30.9327;33.2942;27.9975;29.732599999999998;32.4891;25.5296;28.9835;36.5515;27.9708;25.5296;33.2942;30.4698;29.2737;29.415599999999998;28.1449;8.991700000000002;0.0;17.793200000000002;24.784299999999998;24.1432;27.2849;5.8466000000000005;19.751;16.3401;19.5522;16.42;12.2111;12.2869;22.2975;20.6703;27.2849;27.2849;24.179299999999998;26.3208;25.630200000000002;21.2752;25.8197;19.5522;25.451700000000002;25.630200000000002;24.7613;24.527099999999997;30.630599999999998;26.3208;25.5535;28.689799999999998;25.630200000000002;20.6703;26.3208;25.451700000000002;27.6829;25.630200000000002;25.8197;25.673299999999998;38.6554;22.878700000000002;27.2849;27.2849;20.7963;21.2752
Niendorf 4.;26.4464;26.322599999999998;30.8045;29.655099999999997;39.9907;34.177699999999994;35.613;29.386599999999998;29.9355;28.1935;25.534299999999998;16.0546;26.819599999999998;40.475300000000004;29.3198;31.0319;23.0763;30.3565;18.6097;18.096799999999998;29.3198;27.3715;44.3326;23.0763;22.2077;27.4255;36.6834;28.4324;39.3816;27.8605;30.9273;47.463800000000006;40.359300000000005;34.843900000000005;38.3995;24.735;45.4045;55.8486;48.4373;40.6894;36.6834;18.6097;13.744200000000001;11.656600000000001;26.924;21.0989;29.6734;18.096799999999998;18.0871;11.656600000000001;18.6348;16.7175;22.2077;24.514200000000002;20.8253;39.3816;17.2527;21.0989;13.694799999999999;23.1495;24.735;28.674599999999998;10.450299999999999;14.8659;13.9305;36.6834;13.744200000000001;28.4324;14.3814;18.397599999999997;10.450299999999999;14.3814;29.2464;20.115299999999998;15.4849;26.630599999999998;16.8384;13.235100000000001;13.744200000000001;18.6348;11.1256;19.5394;11.656600000000001;8.8732;21.0989;9.648299999999999;14.3814;11.6461;11.1256;15.4849;10.2844;10.450299999999999;10.2844;21.010900000000003;11.5758;10.450299999999999;9.322899999999999;7.2855;13.3058;7.7368999999999994;6.772399999999999;19.327;12.9255;8.9089;16.811400000000003;11.1256;10.2844;9.377600000000001;8.1051;10.1597;4.714899999999999;8.9207;19.5948;20.8253;6.6523;8.780700000000001;4.304;21.010900000000003;3.5224;4.2481;4.0521;4.2481;5.100899999999999;9.8625;4.0521;8.780700000000001;19.327;11.7389;5.888199999999999;5.888199999999999;7.9886;6.2264;3.3286;13.0106;13.0106;7.9886;6.759600000000001;6.5811;5.100899999999999;6.2264;3.3286;8.780700000000001;7.9886;5.888199999999999;7.8854;9.0688;21.6144;13.479;7.6706;25.2942;9.4206;25.2942;11.7389;13.479;13.9572;10.2495;12.017;6.2264;14.0197;7.8854;29.2261;25.2942;35.613;16.3539;26.4464;20.5794;22.326700000000002;29.386599999999998;29.655099999999997;21.6144;25.2942;25.2942;39.9907;10.1597;30.8045;22.2776;30.3565;31.083099999999998;29.3198;14.303700000000001;40.475300000000004;9.0688;27.3715;26.924;31.5625;26.867099999999997;18.096799999999998;26.867099999999997;28.8164;14.303700000000001;22.2077;29.4399;30.9273;28.8298;39.3816;24.735;24.6618;38.3995;32.699400000000004;40.359300000000005;34.843900000000005;40.181400000000004;45.4045;55.8486;47.463800000000006;18.6348;20.115299999999998;19.080299999999998;26.630599999999998;15.167399999999999;29.2464;25.769599999999997;18.7557;13.212299999999999;16.954099999999997;13.9305;9.927;9.8628;11.6461;16.954099999999997;11.2721;13.9305;9.648299999999999;15.5432;13.235100000000001;8.1051;9.322899999999999;17.2527;14.202;8.1051;13.9305;10.450299999999999;10.0197;8.9089;10.2844;9.647200000000002;17.793200000000002;0.0;19.1588;16.8843;9.030100000000001;18.1345;16.2129;12.802;6.0155;2.5107;6.639600000000001;12.4348;3.3286;4.8168999999999995;9.030100000000001;9.030100000000001;6.1974;12.821;7.958;4.0267;6.9173;6.0155;6.9254;7.958;8.193200000000001;7.0102;11.7279;12.821;12.053799999999999;15.19;7.958;4.8168999999999995;12.821;6.9254;11.8295;7.958;6.9173;12.1736;25.1557;7.025399999999999;9.030100000000001;9.030100000000001;21.8994;4.0267
Hoisbüttel 1.;44.2776;44.153800000000004;48.6357;39.0306;57.8219;52.008900000000004;53.444199999999995;47.217800000000004;47.7667;46.024699999999996;29.6644;33.8858;44.650800000000004;69.05969999999999;32.7262;44.8554;39.9642;32.8891;26.233;25.720200000000002;32.7262;35.3627;53.3684;39.9642;29.831;34.053599999999996;35.4003;35.9348;46.884;32.245;34.357;41.435300000000005;45.027800000000006;41.7076;45.901900000000005;29.1195;52.906800000000004;57.2284;55.9396;48.1917;35.4003;26.233;21.3597;18.4723;33.1586;25.483400000000003;32.206;25.720200000000002;25.7104;18.4723;21.632900000000003;24.340799999999998;29.831;32.0165;25.209799999999998;46.884;19.7874;25.483400000000003;19.0314;22.284;29.1195;30.6248;16.386400000000002;18.311799999999998;17.878400000000003;35.4003;21.3597;35.9348;11.1555;15.6927;16.386400000000002;11.1555;15.999600000000001;18.1071;9.1866;27.205099999999998;19.1739;14.3438;21.3597;21.632900000000003;15.0735;15.3511;18.4723;13.4695;25.483400000000003;13.151299999999999;11.1555;10.7119;15.0735;9.1866;12.991299999999999;16.386400000000002;12.991299999999999;16.797099999999997;14.8241;16.386400000000002;15.2481;15.9399;10.5311;12.5138;15.5741;5.0069;8.241200000000001;15.8103;3.4775;15.0735;12.991299999999999;10.6083;15.7883;26.035700000000002;19.878700000000002;14.5049;20.4697;25.209799999999998;21.5245;22.890099999999997;16.597099999999998;16.797099999999997;19.158900000000003;19.564400000000003;17.3738;19.564400000000003;21.0656;25.919;17.3738;22.890099999999997;5.0069;30.7505;23.6981;23.6981;21.6289;20.8185;21.2272;29.8985;29.8985;21.6289;20.453200000000002;21.3401;21.0656;20.8185;21.2272;22.890099999999997;21.6289;23.6981;22.594;20.988599999999998;38.5024;31.310200000000002;20.7598;43.1254;28.487099999999998;43.1254;30.7505;31.310200000000002;33.818599999999996;28.0594;28.9049;20.8185;31.850900000000003;22.594;47.057300000000005;43.1254;53.444199999999995;34.1851;44.2776;38.410599999999995;40.1579;47.217800000000004;39.0306;38.5024;43.1254;43.1254;57.8219;26.035700000000002;48.6357;40.1088;32.8891;47.9711;32.7262;21.927;69.05969999999999;20.988599999999998;35.3627;33.1586;34.463699999999996;43.7551;25.720200000000002;43.7551;45.7043;21.927;29.831;32.8696;34.357;38.485699999999994;46.884;29.1195;35.4784;45.901900000000005;40.201699999999995;45.027800000000006;41.7076;43.6111;52.906800000000004;57.2284;41.435300000000005;21.632900000000003;18.1071;6.163;27.205099999999998;10.149700000000001;15.999600000000001;8.6274;8.423;14.7626;12.776;17.878400000000003;13.539100000000001;13.0575;10.7119;12.776;15.8515;17.878400000000003;13.151299999999999;7.5278;14.3438;15.7883;15.2481;19.7874;5.7175;15.7883;17.878400000000003;16.386400000000002;13.6318;15.8103;12.991299999999999;19.6062;24.784299999999998;19.1588;0.0;3.4861999999999997;21.0605;20.5454;7.0017;10.5399;22.6929;19.5607;21.585099999999997;15.027299999999999;21.372799999999998;24.699;21.0605;21.0605;20.6968;30.3495;21.622400000000003;19.600900000000003;20.7031;22.6929;20.7112;21.622400000000003;22.3878;21.2048;19.135900000000003;30.3495;29.5822;32.7185;21.622400000000003;24.699;30.3495;20.7112;31.711599999999997;21.622400000000003;20.7031;29.702;42.6841;26.907400000000003;21.0605;21.0605;40.4075;19.600900000000003
Bergstedt 1.;42.0032;41.879400000000004;46.3613;34.4702;55.5474;49.7345;51.1698;44.943400000000004;45.4923;43.7503;27.39;31.6114;42.376400000000004;66.7853;30.4518;42.581;37.689800000000005;30.6147;23.958599999999997;23.445700000000002;30.4518;33.088300000000004;51.094;37.689800000000005;27.5566;31.7792;34.7224;34.1349;45.0841;30.4451;28.9663;46.0925;46.061699999999995;40.5464;44.102;27.319599999999998;51.107;61.8855;54.1398;46.3918;34.7224;23.958599999999997;19.0853;16.1978;30.8841;23.6835;29.9316;23.445700000000002;23.436;16.1978;19.833099999999998;22.0664;27.5566;30.2166;23.4099;45.0841;17.9875;23.6835;16.757;20.4842;27.319599999999998;25.234099999999998;14.112;16.0373;15.604;34.7224;19.0853;34.1349;9.3556;13.8928;14.112;9.3556;14.1997;16.3072;7.386699999999999;21.814400000000003;17.374;12.1256;19.0853;19.833099999999998;12.799100000000001;13.551200000000001;16.1978;11.1951;23.6835;10.8769;9.3556;8.4375;12.799100000000001;7.386699999999999;10.716899999999999;14.112;10.716899999999999;14.5227;12.5496;14.112;12.973700000000001;13.6655;8.2567;10.2394;13.299700000000001;3.8346999999999998;5.9668;13.5359;0.0;12.799100000000001;10.716899999999999;8.3339;13.5139;23.761200000000002;17.6043;12.2305;17.306099999999997;23.4099;19.2501;20.6157;14.322700000000001;14.5227;16.8845;17.29;15.0993;17.29;18.7912;23.6445;15.0993;20.6157;3.8346999999999998;28.4761;21.423599999999997;21.423599999999997;19.3545;18.544;18.9528;27.6241;27.6241;19.3545;18.1787;19.0657;18.7912;18.544;18.9528;20.6157;19.3545;21.423599999999997;20.319599999999998;18.7141;36.2279;29.0358;18.485400000000002;40.8509;26.2126;40.8509;28.4761;29.0358;31.5442;25.785;26.6305;18.544;29.5765;20.319599999999998;44.7829;40.8509;51.1698;31.910700000000002;42.0032;36.1361;37.8835;44.943400000000004;34.4702;36.2279;40.8509;40.8509;55.5474;23.761200000000002;46.3613;37.8344;30.6147;45.6966;30.4518;19.6526;66.7853;18.7141;33.088300000000004;30.8841;32.189299999999996;41.4807;23.445700000000002;41.4807;43.4299;19.6526;27.5566;23.3186;28.9663;31.4144;45.0841;27.319599999999998;30.0877;44.102;38.4018;46.061699999999995;40.5464;38.2204;51.107;61.8855;46.0925;19.833099999999998;16.3072;4.3631;21.814400000000003;8.3498;14.1997;10.6437;6.6231;12.5444;10.9762;15.604;11.2646;10.783100000000001;8.4375;10.9762;13.5771;15.604;10.8769;5.2533;12.1256;13.5139;12.973700000000001;17.9875;3.4431;13.5139;15.604;14.112;11.357299999999999;13.5359;10.716899999999999;17.331799999999998;24.1432;16.8843;3.4861999999999997;0.0;18.7773;18.2622;4.7186;8.2567;20.4097;17.2775;19.3019;12.7441;19.089599999999997;22.4158;18.7773;18.7773;18.4136;28.0663;19.339299999999998;17.3178;18.419900000000002;20.4097;18.428;19.339299999999998;20.1047;18.921599999999998;16.852700000000002;28.0663;27.299;30.435299999999998;19.339299999999998;22.4158;28.0663;18.428;29.4284;19.339299999999998;18.419900000000002;27.4188;40.4009;24.624200000000002;18.7773;18.7773;38.1244;17.3178
St. Pauli IV;32.3565;32.2326;36.7145;35.5651;45.9007;40.0877;41.523;29.878400000000003;33.593300000000006;34.1035;34.184599999999996;21.964599999999997;32.7296;34.518800000000006;17.9638;25.075400000000002;17.119799999999998;18.1267;11.470600000000001;10.957799999999999;17.9638;21.415;38.606;17.119799999999998;15.0686;19.2912;31.269;21.293400000000002;32.242599999999996;21.5091;25.512900000000002;42.0493;33.2202;27.704900000000002;31.2605;18.383599999999998;38.2655;48.7095;41.298300000000005;33.5503;31.269;11.470600000000001;6.6052;4.5175;18.3962;14.7475;17.4436;10.957799999999999;10.948;4.5175;12.2834;9.5784;15.0686;17.3751;14.4739;32.242599999999996;10.901299999999999;14.7475;7.3655;16.5828;18.383599999999998;23.2602;6.1499;9.0198;8.2248;31.269;6.6052;21.293400000000002;13.0594;12.9832;6.1499;13.0594;23.832;14.7008;14.8249;21.216099999999997;11.4804;9.960899999999999;6.6052;12.2834;7.9994;14.1249;4.5175;9.1158;14.7475;8.8593;13.0594;10.9861;7.9994;14.8249;11.0224;6.1499;11.0224;30.5027;21.0675;6.1499;6.6482;6.6293;17.1982;10.202;7.6114;21.292900000000003;16.6468;5.9372;18.7773;7.9994;11.0224;12.7581;7.4489;19.2027;5.8932;14.094100000000001;29.0865;14.4739;16.1454;3.0091;12.1279;30.5027;13.0155;6.2897;7.0161999999999995;6.2897;5.7847;18.616799999999998;7.0161999999999995;3.0091;21.292900000000003;10.0829;8.5038;8.5038;2.5684;5.1925;7.1515;7.2494;7.2494;2.5684;2.8055;3.682;5.7847;5.1925;7.1515;3.0091;2.5684;8.5038;3.3739;0.0;16.4565;19.389;1.6992;20.443;16.565900000000003;20.443;10.0829;19.389;11.7727;11.3496;5.9435;5.1925;15.8035;3.3739;35.1361;20.443;41.523;22.263900000000003;32.3565;26.4894;28.2367;29.878400000000003;35.5651;16.4565;20.443;20.443;45.9007;19.2027;36.7145;25.9355;18.1267;25.1266;17.9638;7.1646;34.518800000000006;0.0;21.415;18.3962;19.7013;20.9106;10.957799999999999;20.9106;22.859900000000003;7.1646;15.0686;24.0255;25.512900000000002;22.4784;32.242599999999996;18.383599999999998;18.3104;31.2605;25.560299999999998;33.2202;27.704900000000002;34.767;38.2655;48.7095;42.0493;12.2834;14.7008;20.0624;21.216099999999997;13.8454;23.832;31.9798;19.668400000000002;9.9381;16.5104;8.2248;8.5485;8.2784;10.9861;16.5104;6.7364;8.2248;8.8593;14.8832;9.960899999999999;7.4489;6.6482;10.901299999999999;16.1602;7.4489;8.2248;6.1499;8.5559;5.9372;11.0224;19.1403;27.2849;9.030100000000001;21.0605;18.7773;0.0;27.2635;20.0748;17.552;13.930299999999999;12.5441;15.4385;21.5638;7.0895;8.5969;0.0;0.0;4.8565;6.9218;2.6281;5.2437;2.783;13.930299999999999;3.0471999999999997;2.6281;3.4414000000000002;3.4911;4.909;6.9218;4.5322;8.8146;2.6281;8.5969;6.9218;3.0471999999999997;12.053600000000001;2.6281;2.783;7.5213;19.852400000000003;9.5447;0.0;0.0;27.8402;5.2437
1. FC Quickborn 1.;23.969099999999997;25.1821;29.6639;16.305;23.5032;31.7003;24.208599999999997;26.909200000000002;32.4527;22.6539;9.2247;14.5064;21.28;54.159800000000004;43.0043;44.716300000000004;36.7608;44.041;39.9047;38.502300000000005;43.0043;41.056;58.0171;36.7608;42.1149;41.11;48.4182;47.214400000000005;58.163599999999995;47.4302;42.6622;59.1986;59.1413;53.6259;57.1815;44.3046;64.1865;74.6305;67.2193;59.4713;48.4182;39.9047;32.5262;30.438599999999997;40.6085;40.6685;43.357800000000005;38.502300000000005;38.6728;30.438599999999997;34.2332;35.4994;42.1149;43.296099999999996;40.3949;58.163599999999995;28.9227;40.6685;33.2865;34.8843;44.3046;40.4095;22.8409;26.491;25.6654;48.4182;32.5262;47.214400000000005;21.962400000000002;30.1325;22.8409;21.962400000000002;27.7108;31.850099999999998;20.706599999999998;38.3654;28.4636;24.8603;32.5262;34.2332;22.8605;26.0879;30.438599999999997;19.7557;40.6685;20.3687;21.962400000000002;21.8777;22.8605;20.706599999999998;20.516;22.8409;20.516;5.1352;7.2889;22.8409;21.354599999999998;24.8753;10.132700000000002;14.2995;19.0308;18.261;13.3783;21.7867;18.2622;22.8605;20.516;15.1151;25.6949;10.6078;22.3047;11.2768;5.1618;40.3949;9.008700000000001;25.609099999999998;17.7424;5.1352;16.422900000000002;21.8379;21.642;21.8379;22.4154;13.4032;21.642;25.609099999999998;18.261;27.547099999999997;20.4946;20.4946;25.5235;24.393;22.5687;26.6951;26.6951;25.5235;25.5058;23.9025;22.4154;24.393;22.5687;25.609099999999998;25.5235;20.4946;24.479200000000002;27.2635;35.2989;17.788400000000003;25.6557;27.811400000000003;25.2836;27.811400000000003;27.547099999999997;17.788400000000003;30.6152;24.856;25.7015;24.393;21.717299999999998;24.479200000000002;26.7488;27.811400000000003;24.208599999999997;11.069700000000001;23.969099999999997;19.0311;19.8493;26.909200000000002;16.305;35.2989;27.811400000000003;27.811400000000003;23.5032;10.6078;29.6639;24.7948;44.041;44.7676;43.0043;33.0856;54.159800000000004;27.2635;41.056;40.6085;45.247;40.5516;38.502300000000005;40.5516;42.5009;33.0856;42.1149;41.174800000000005;42.6622;48.3994;58.163599999999995;44.3046;44.2314;57.1815;51.4814;59.1413;53.6259;51.9163;64.1865;74.6305;59.1986;34.2332;31.850099999999998;21.296200000000002;38.3654;21.1278;27.7108;27.2517;22.1294;24.837400000000002;24.5351;25.6654;21.5522;21.488;21.8777;24.5351;23.3038;25.6654;20.3687;18.1798;24.8603;25.6949;21.354599999999998;28.9227;16.418;25.6949;25.6654;22.8409;21.6449;21.7867;20.516;5.8114;5.8466000000000005;18.1345;20.5454;18.2622;27.2635;0.0;13.6315;10.220600000000001;13.0775;17.139599999999998;9.008700000000001;6.6251999999999995;23.017;21.3898;28.0045;28.0045;24.8989;27.0403;26.3498;21.994799999999998;26.5392;13.0775;26.1713;26.3498;25.4808;25.2467;31.350099999999998;27.0403;26.2731;29.409299999999998;26.3498;21.3898;27.0403;26.1713;28.4024;26.3498;26.5392;26.392799999999998;39.375;23.5983;28.0045;28.0045;20.9655;21.994799999999998
Lemsahl 1.;39.152699999999996;39.0289;43.5107;29.7517;52.6969;46.883900000000004;48.319300000000005;42.092800000000004;42.6417;40.899800000000006;22.671400000000002;28.760900000000003;39.5259;52.2382;32.0064;42.7948;34.8393;32.1693;25.5132;25.0003;32.0064;39.1345;56.0956;34.8393;29.1112;39.1884;35.4626;35.5794;46.5286;31.889599999999998;29.7065;46.243;47.5062;41.9909;45.5465;28.7641;52.5515;62.036;55.584300000000006;47.8363;35.4626;25.5132;20.6398;17.7524;38.687;25.128;31.4862;25.0003;24.990599999999997;17.7524;21.2776;23.621;29.1112;31.661099999999998;24.854400000000002;46.5286;19.4321;25.128;18.3116;21.9287;28.7641;27.453799999999998;15.6666;17.591900000000003;17.1586;35.4626;20.6398;35.5794;10.870299999999999;15.337299999999999;15.6666;10.870299999999999;16.6187;17.7518;9.6145;24.233400000000003;18.8185;13.680200000000001;20.6398;21.2776;14.3537;14.995700000000001;17.7524;13.0434;25.128;12.4315;10.870299999999999;9.9921;14.3537;9.6145;12.2715;15.6666;12.2715;9.804200000000002;7.8311;15.6666;15.5415;14.633;3.5381;9.905899999999999;13.7897;5.13;3.1103;16.5456;4.7186;14.3537;12.2715;7.6324;15.944700000000001;19.0427;17.191200000000002;8.6478;12.5875;24.854400000000002;14.5315;20.202599999999997;13.6213;9.804200000000002;14.0339;16.876900000000003;14.680399999999999;16.876900000000003;20.4939;18.926;14.680399999999999;20.202599999999997;5.13;25.6255;18.5731;18.5731;18.9947;18.1309;20.6472;24.7735;24.7735;18.9947;17.7656;18.6526;20.4939;18.1309;20.6472;20.202599999999997;18.9947;18.5731;19.9065;20.0748;33.3774;26.185200000000002;18.676599999999997;38.0004;23.362099999999998;38.0004;25.6255;26.185200000000002;28.6937;22.9345;23.78;18.1309;26.726;19.9065;41.9324;38.0004;48.319300000000005;21.0121;39.152699999999996;33.285599999999995;35.0329;42.092800000000004;29.7517;33.3774;38.0004;38.0004;52.6969;19.0427;43.5107;34.9839;32.1693;42.8461;32.0064;21.2072;52.2382;20.0748;39.1345;38.687;33.743900000000004;38.6301;25.0003;38.6301;40.5794;21.2072;29.1112;25.7377;29.7065;32.8589;46.5286;28.7641;28.690900000000003;45.5465;39.8463;47.5062;41.9909;38.9606;52.5515;62.036;46.243;21.2776;17.7518;8.8117;24.233400000000003;10.0356;16.6187;14.1592;11.0373;14.099;13.443;17.1586;12.8192;12.3377;9.9921;13.443;15.1317;17.1586;12.4315;7.0877;13.680200000000001;15.944700000000001;15.5415;19.4321;5.3259;15.944700000000001;17.1586;15.6666;12.9119;16.5456;12.2715;12.6132;19.751;16.2129;7.0017;4.7186;20.0748;13.6315;0.0;3.5381;18.6522;14.4555;14.5833;8.0256;21.221;19.593700000000002;20.0991;20.0991;17.98;25.2442;19.027;16.8842;17.9863;18.6522;17.994400000000002;19.027;19.6711;18.4881;18.33;25.2442;24.477;27.6132;19.027;19.593700000000002;25.2442;17.994400000000002;26.6063;19.027;17.9863;24.596799999999998;37.578900000000004;21.8022;20.0991;20.0991;35.3023;16.8842
Glashütte 1.;35.741800000000005;35.618;40.0998;26.340799999999998;49.286;43.473;44.9084;38.6819;39.2308;37.4889;19.2605;25.35;36.115;48.8273;31.4168;39.383900000000004;31.4284;31.5798;24.9237;24.4108;31.4168;35.7236;52.6847;31.4284;28.5216;35.7775;36.5492;36.666;47.615199999999994;30.9878;30.7931;47.3296;48.5929;43.0775;46.6331;27.862299999999998;53.6381;63.1226;56.6709;48.9229;36.5492;24.9237;20.0503;17.1629;35.276;24.226200000000002;30.8967;24.4108;24.4011;17.1629;22.3642;23.0315;28.5216;25.4139;23.9525;47.615199999999994;19.8898;24.226200000000002;17.743299999999998;23.0153;27.862299999999998;28.5404;15.077;17.458099999999998;16.6325;36.5492;20.0503;36.666;11.9569;16.4239;15.077;11.9569;17.705299999999998;18.8384;10.7011;25.32;19.4307;14.7668;20.0503;22.3642;13.8276;16.0824;17.1629;10.5206;24.226200000000002;11.421100000000001;11.9569;11.078700000000001;13.8276;10.7011;11.6874;15.077;11.6874;6.3932;4.4201999999999995;15.077;13.0187;12.1102;0.0;7.383100000000001;11.2669;9.9542;3.3728000000000002;14.0228;8.2567;13.8276;11.6874;5.1096;13.421899999999999;15.6318;14.6684;5.236800000000001;9.1766;23.9525;11.1206;20.2766;9.4301;6.3932;10.623;14.3541;12.1576;14.3541;17.083;15.5151;12.1576;20.2766;9.9542;22.214599999999997;15.1622;15.1622;16.4719;15.6081;17.2363;21.362599999999997;21.362599999999997;16.4719;15.242799999999999;18.5701;17.083;15.6081;17.2363;20.2766;16.4719;15.1622;19.1468;17.552;29.9665;22.7743;16.1538;34.5895;19.9512;34.5895;22.214599999999997;22.7743;25.282799999999998;19.5236;20.3691;15.6081;23.315099999999997;19.1468;38.5215;34.5895;44.9084;17.601200000000002;35.741800000000005;29.8747;31.622;38.6819;26.340799999999998;29.9665;34.5895;34.5895;49.286;15.6318;40.0998;31.573;31.5798;39.435199999999995;31.4168;20.6177;48.8273;17.552;35.7236;35.276;39.9146;35.219199999999994;24.4108;35.219199999999994;37.1685;20.6177;28.5216;26.8243;30.7931;31.957099999999997;47.615199999999994;27.862299999999998;27.789099999999998;46.6331;40.932900000000004;48.5929;43.0775;40.0472;53.6381;63.1226;47.3296;22.3642;18.8384;11.290700000000001;25.32;11.1223;17.705299999999998;17.6973;12.123899999999999;15.1856;14.5296;16.6325;12.5193;12.4551;11.078700000000001;14.5296;14.2568;16.6325;11.421100000000001;8.1743;14.7668;13.421899999999999;13.0187;19.8898;6.4125;13.421899999999999;16.6325;15.077;12.612;14.0228;11.6874;9.2023;16.3401;12.802;10.5399;8.2567;17.552;10.220600000000001;3.5381;0.0;15.241299999999999;11.0445;11.1724;4.6147;17.81;16.1828;17.1982;17.1982;15.0792;21.833299999999998;16.1262;13.9833;15.0855;15.241299999999999;15.0935;16.1262;16.7702;15.587200000000001;16.9753;21.833299999999998;21.0661;24.2023;16.1262;16.1828;21.833299999999998;15.0935;23.195400000000003;16.1262;15.0855;21.1858;34.168;18.391299999999998;17.1982;17.1982;31.8914;13.9833
Egenbüttel 2.;21.8872;21.7634;26.2452;25.0959;35.431400000000004;29.6185;31.0538;24.8274;25.3762;23.6343;23.715400000000002;11.4954;22.2604;40.8265;29.6711;31.3831;23.427599999999998;30.7077;26.5715;25.1691;29.6711;27.7228;44.6839;23.427599999999998;28.7817;27.7767;43.2942;33.8812;44.830400000000004;34.0969;37.5381;54.0746;45.808;40.292699999999996;43.8483;30.971400000000003;50.853300000000004;61.2973;53.8861;46.1381;43.2942;26.5715;19.193;17.105400000000003;27.275299999999998;27.3353;30.0246;25.1691;25.339599999999997;17.105400000000003;24.8712;22.1662;28.7817;29.9629;27.061700000000002;44.830400000000004;23.489099999999997;27.3353;19.9533;29.7603;30.971400000000003;35.2854;17.629900000000003;21.1967;20.534299999999998;43.2942;19.193;33.8812;22.0714;25.0084;17.629900000000003;22.0714;35.8572;26.7261;23.175;33.2413;24.0682;21.3229;19.193;24.8712;18.3052;26.1502;17.105400000000003;16.961;27.3353;17.736;22.0714;19.3362;18.3052;23.175;17.9745;17.629900000000003;17.9745;15.6716;13.177;17.629900000000003;16.5025;14.4651;15.241299999999999;12.3437;14.8602;24.1331;16.523799999999998;16.0884;20.4097;18.3052;17.9745;12.9759;15.2847;5.103;11.917399999999999;11.556700000000001;21.3538;27.061700000000002;4.6108;12.2759;7.4067;15.6716;4.4494;10.4891;9.523;10.4891;9.0822;4.8057;9.523;12.2759;24.1331;10.1663;6.75;6.75;12.190299999999999;11.0598;9.2355;13.361799999999999;13.361799999999999;12.190299999999999;12.1725;10.5693;9.0822;11.0598;9.2355;12.2759;12.190299999999999;6.75;11.146;13.930299999999999;15.3786;8.9197;12.3225;20.734900000000003;5.6395;20.734900000000003;10.1663;8.9197;11.1904;8.031600000000001;12.3683;11.0598;10.5101;11.146;24.666900000000002;20.734900000000003;31.0538;11.7947;21.8872;16.0201;17.7675;24.8274;25.0959;15.3786;20.734900000000003;20.734900000000003;35.431400000000004;5.103;26.2452;17.718400000000003;30.7077;31.4344;29.6711;19.7524;40.8265;13.930299999999999;27.7228;27.275299999999998;31.9138;27.218400000000003;25.1691;27.218400000000003;29.1677;19.7524;28.7817;36.0507;37.5381;35.066199999999995;44.830400000000004;30.971400000000003;30.8982;43.8483;38.1481;45.808;40.292699999999996;46.792199999999994;50.853300000000004;61.2973;54.0746;24.8712;26.7261;22.6786;33.2413;22.857400000000002;35.8572;29.368;23.5118;21.3;24.6442;20.534299999999998;18.0148;17.950599999999998;19.3362;24.6442;18.451700000000002;20.534299999999998;17.736;19.5622;21.3229;15.2847;16.5025;23.489099999999997;17.8004;15.2847;20.534299999999998;17.629900000000003;18.1075;16.0884;17.9745;8.501299999999999;19.5522;6.0155;22.6929;20.4097;13.930299999999999;13.0775;18.6522;15.241299999999999;0.0;3.4838;4.5926;14.8039;8.8565;7.204;14.9147;14.9147;11.8091;13.9505;13.26;9.3541;13.449399999999999;0.0;13.0815;13.26;12.391;12.1569;18.2603;13.9505;13.183200000000001;16.3195;13.26;7.204;13.9505;13.0815;11.2087;13.26;13.449399999999999;13.303;26.2852;9.4125;14.9147;14.9147;17.7196;9.3541
Germania 2.;24.971400000000003;24.8476;29.3294;28.18;38.5156;32.7027;34.138;27.9115;28.4604;26.7185;24.161;14.579600000000001;25.3446;39.440400000000004;28.2849;29.997;22.041400000000003;29.3216;25.185299999999998;23.7829;28.2849;26.336599999999997;43.2978;22.041400000000003;27.3955;26.3906;38.6494;30.3985;41.347699999999996;29.8265;32.8933;49.4298;42.325300000000006;36.81;40.3656;26.701;47.370599999999996;57.8146;50.403400000000005;42.6554;38.6494;25.185299999999998;15.7102;13.6226;25.8891;23.0649;28.6385;23.7829;23.9535;13.6226;20.6008;18.6835;27.3955;26.4802;22.7913;41.347699999999996;19.218700000000002;23.0649;15.6608;25.1155;26.701;30.6406;12.4164;16.8319;15.8965;38.6494;15.7102;30.3985;18.9392;20.3637;12.4164;18.9392;31.2125;22.0813;20.0428;28.5966;18.8045;15.2011;15.7102;20.6008;13.0916;21.5054;13.6226;10.8393;23.0649;11.6143;18.9392;16.204;13.0916;20.0428;14.8422;12.4164;14.8422;12.3499;9.3146;12.4164;11.2889;9.2515;11.0445;9.2115;8.7384;19.936400000000003;13.3916;10.8749;17.2775;13.0916;14.8422;9.8437;10.0711;7.7715;6.680899999999999;8.4245;18.2216;22.7913;4.4658;10.889700000000001;4.2745;12.3499;1.3996;6.2141;6.0182;6.2141;7.696;7.4742;6.0182;10.889700000000001;19.936400000000003;10.5224;4.4131;4.4131;10.8041;9.6736;6.0922;11.975700000000002;11.975700000000002;10.8041;8.7256;9.183200000000001;7.696;9.6736;6.0922;10.889700000000001;10.8041;4.4131;9.7599;12.5441;17.6846;12.0039;10.9363;23.8191;7.9455;23.8191;10.5224;12.0039;12.7406;8.7745;10.9821;9.6736;12.5447;9.7599;27.751099999999997;23.8191;34.138;14.8789;24.971400000000003;19.1043;20.851599999999998;27.9115;28.18;17.6846;23.8191;23.8191;38.5156;7.7715;29.3294;20.802599999999998;29.3216;30.048299999999998;28.2849;16.2697;39.440400000000004;12.5441;26.336599999999997;25.8891;30.5277;25.8323;23.7829;25.8323;27.7815;16.2697;27.3955;31.406;32.8933;30.7958;41.347699999999996;26.701;26.6278;40.3656;34.6654;42.325300000000006;36.81;42.147400000000005;47.370599999999996;57.8146;49.4298;20.6008;22.0813;19.546400000000002;28.5966;19.7252;31.2125;26.235799999999998;20.3796;15.1783;21.512;15.8965;11.8931;11.8288;16.204;21.512;13.238100000000001;15.8965;11.6143;16.43;15.2011;10.0711;11.2889;19.218700000000002;14.6682;10.0711;15.8965;12.4164;11.9858;10.8749;14.8422;7.4607;16.42;2.5107;19.5607;17.2775;12.5441;17.139599999999998;14.4555;11.0445;3.4838;0.0;4.4601999999999995;10.6562;7.463;4.6129;12.4505;12.4505;9.344899999999999;11.4863;10.7958;5.9653;8.856;3.6409000000000002;8.864;10.7958;9.9268;9.6927;13.6666;11.4863;10.719;13.8553;10.7958;4.6129;11.4863;8.864;11.6255;10.7958;8.856;10.838799999999999;23.821;6.8213;12.4505;12.4505;20.558799999999998;5.9653
Rugenbergen 2.;21.862299999999998;21.7385;26.220299999999998;25.0709;35.4065;29.5935;31.0289;18.8246;26.7718;23.6094;14.6961;11.4705;22.2355;42.3348;31.179299999999998;32.8913;24.9358;32.216;28.0797;26.6773;31.179299999999998;29.231;46.192099999999996;24.9358;30.289900000000003;29.285;45.711;35.3894;46.3386;35.6051;39.9549;56.4914;47.316300000000005;41.8009;45.3565;32.4796;52.3615;62.8055;55.3943;47.646300000000004;45.711;28.0797;20.7012;18.613599999999998;28.7835;28.8435;31.532799999999998;26.6773;26.8478;18.613599999999998;31.526;23.674400000000002;30.289900000000003;31.4711;28.5699;46.3386;26.215400000000002;28.8435;21.4615;32.177099999999996;32.4796;37.7022;16.5453;23.7838;22.958099999999998;45.711;20.7012;35.3894;21.9057;27.4253;16.5453;21.9057;28.7505;29.1429;23.0093;35.658199999999994;25.7563;22.153;20.7012;31.526;20.153200000000002;28.567;18.613599999999998;17.0485;28.8435;17.6614;21.9057;19.1705;20.153200000000002;23.0093;17.808799999999998;16.5453;17.808799999999998;11.6027;9.1082;16.5453;18.6474;13.3804;11.1724;12.4338;12.867299999999998;20.0643;14.418;15.0038;19.3019;20.153200000000002;17.808799999999998;13.066;14.2;5.0531999999999995;10.8098;9.7629;12.5457;28.5699;0.0;13.7841;7.9322;11.6027;4.1817;10.3431;10.1471;10.3431;10.590399999999999;4.9365;10.1471;13.7841;20.0643;13.944;7.9434;7.9434;13.6985;12.568;9.6225;14.8701;14.8701;13.6985;13.6808;12.0775;10.590399999999999;12.568;9.6225;13.7841;13.6985;7.9434;12.654200000000001;15.4385;19.156200000000002;9.504100000000001;13.8307;22.1305;9.4171;22.1305;13.944;9.504100000000001;14.9681;11.809299999999999;13.8765;12.568;11.6924;12.654200000000001;24.642;22.1305;31.0289;11.7697;21.862299999999998;13.3696;17.7425;18.8246;25.0709;19.156200000000002;22.1305;22.1305;35.4065;5.0531999999999995;26.220299999999998;19.114;32.216;32.9426;31.179299999999998;21.2606;42.3348;15.4385;29.231;28.7835;33.422;28.726599999999998;26.6773;28.726599999999998;30.675900000000002;21.2606;30.289900000000003;38.4676;39.9549;36.574400000000004;46.3386;32.4796;32.406400000000005;45.3565;39.656400000000005;47.316300000000005;41.8009;49.209;52.3615;62.8055;56.4914;31.526;29.1429;22.335900000000002;35.658199999999994;22.6917;28.7505;29.0549;23.1691;22.130200000000002;24.4785;22.958099999999998;18.844900000000003;18.7807;19.1705;24.4785;20.5966;22.958099999999998;17.6614;19.2195;22.153;14.2;18.6474;26.215400000000002;17.4577;14.2;22.958099999999998;16.5453;18.9376;15.0038;17.808799999999998;4.4323999999999995;12.2111;6.639600000000001;21.585099999999997;19.3019;15.4385;9.008700000000001;14.5833;11.1724;4.5926;4.4601999999999995;0.0;10.7533;9.634799999999998;7.982399999999999;16.1454;16.1454;13.0398;15.1812;14.4907;10.1344;13.025;4.6108;14.3122;14.4907;13.6217;13.3876;17.8357;15.1812;14.414;17.5502;14.4907;7.982399999999999;15.1812;14.3122;15.0046;14.4907;13.025;14.533700000000001;27.515900000000002;10.1908;16.1454;16.1454;17.33;10.1344
Harksheide 3.;35.3745;35.250699999999995;39.7326;22.7453;29.9436;43.1058;44.5411;38.314699999999995;38.8635;37.1216;15.6651;24.9827;35.747699999999995;48.4601;37.3046;39.0167;31.0611;38.341300000000004;26.2089;25.696;37.3046;35.356300000000005;52.3174;31.0611;29.806900000000002;35.4103;41.218199999999996;36.031699999999994;46.9809;32.8206;35.4621;51.998599999999996;47.9585;42.4432;45.9988;29.6951;53.003699999999995;67.7916;56.0365;48.288599999999995;41.218199999999996;26.2089;21.3355;18.4481;34.9088;26.059;37.658199999999994;25.696;25.6863;18.4481;27.0332;24.3167;29.806900000000002;27.2467;25.785400000000003;46.9809;21.7226;26.059;20.355700000000002;27.6843;29.6951;33.2094;16.3622;19.2909;18.4653;41.218199999999996;21.3355;36.031699999999994;16.4443;20.9114;16.3622;16.4443;22.1928;24.6501;15.188600000000001;29.8075;21.2635;17.6602;21.3355;27.0332;15.6604;20.5698;18.4481;12.353399999999999;26.059;13.2539;16.4443;14.882;15.6604;15.188600000000001;13.520299999999999;16.3622;13.520299999999999;2.8059000000000003;1.7162;16.3622;14.8759;13.1315;4.6147;8.3448;12.288200000000002;12.742899999999999;7.8602;15.308;12.7441;15.6604;13.520299999999999;9.597100000000001;14.7072;15.2645;16.605;5.322100000000001;5.2112;25.785400000000003;10.7533;19.9094;9.062899999999999;2.8059000000000003;10.255799999999999;16.1382;12.8944;16.1382;16.715700000000002;15.1478;12.8944;19.9094;12.742899999999999;21.8474;14.7949;14.7949;19.8238;18.6933;16.869;20.9954;20.9954;19.8238;16.0072;18.202900000000003;16.715700000000002;18.6933;16.869;19.9094;19.8238;14.7949;18.7795;21.5638;29.5992;22.4071;19.956;34.222199999999994;19.5839;34.222199999999994;21.8474;22.4071;24.9155;19.156299999999998;20.0018;18.6933;22.9478;18.7795;38.154199999999996;34.222199999999994;44.5411;17.510099999999998;35.3745;29.5074;31.2548;38.314699999999995;22.7453;29.5992;34.222199999999994;34.222199999999994;29.9436;15.2645;39.7326;31.2057;38.341300000000004;39.0679;37.3046;21.902900000000002;48.4601;21.5638;35.356300000000005;34.9088;39.5473;34.8519;25.696;34.8519;36.801199999999994;21.902900000000002;29.806900000000002;33.9748;35.4621;33.7899;46.9809;29.6951;29.6219;45.9988;40.2986;47.9585;42.4432;44.7162;53.003699999999995;67.7916;51.998599999999996;27.0332;24.6501;15.7782;29.8075;15.6097;22.1928;21.7336;16.6113;17.6373;19.0171;18.4653;14.3521;14.2879;14.882;19.0171;16.0896;18.4653;13.2539;12.6618;17.6602;14.7072;14.8759;21.7226;10.899899999999999;14.7072;18.4653;16.3622;14.444799999999999;15.308;13.520299999999999;8.8351;12.2869;12.4348;15.027299999999999;12.7441;21.5638;6.6251999999999995;8.0256;4.6147;14.8039;10.6562;10.7533;0.0;17.365599999999997;15.7384;18.323;18.323;19.247400000000003;21.388900000000003;20.6983;16.3434;16.2102;14.7968;16.2183;20.6983;19.8294;19.595200000000002;19.0854;21.388900000000003;20.621599999999997;23.757900000000003;20.6983;15.7384;21.388900000000003;16.2183;22.751;20.6983;16.2102;20.741400000000002;33.7235;17.9468;18.323;18.323;31.446900000000003;16.3434
West-Eimsbüttel 1.;26.298299999999998;26.1745;30.656299999999998;29.5069;39.8425;34.0295;35.464800000000004;29.238400000000002;29.4115;28.0454;28.1264;15.9064;26.671400000000002;35.1954;24.039900000000003;25.752;17.796400000000002;25.0766;17.217599999999997;19.5379;24.039900000000003;22.0916;39.052699999999994;17.796400000000002;20.8156;22.145599999999998;36.104;27.0404;37.989599999999996;27.2561;30.347900000000003;46.8844;38.9672;33.4519;37.0075;24.130599999999998;44.0125;54.4565;47.045300000000005;39.2973;36.104;17.217599999999997;12.3521;10.2645;21.644099999999998;20.4945;24.3935;19.5379;19.7084;10.2645;18.0304;15.3254;20.8156;23.1221;20.2209;37.989599999999996;16.6483;20.4945;13.1125;22.5701;24.130599999999998;28.095200000000002;9.870899999999999;14.3243;13.3511;36.104;12.3521;27.0404;14.7102;17.8182;9.870899999999999;14.7102;28.667;19.5359;15.8137;26.051099999999998;17.227400000000003;13.5639;12.3521;18.0304;10.5462;18.96;10.2645;9.202;20.4945;9.9771;14.7102;11.9749;10.5462;15.8137;10.6132;9.870899999999999;10.6132;25.5152;16.0801;9.870899999999999;8.7435;6.7061;17.81;8.759;7.1011999999999995;21.6052;15.203700000000001;8.3294;19.089599999999997;10.5462;10.6132;11.315;7.5257;13.1445;4.158399999999999;15.19;24.0991;20.2209;9.634799999999998;5.435;11.04;25.5152;8.028;2.9573;4.5711;2.9573;1.9197;12.5586;4.5711;5.435;21.6052;7.7207;2.7146999999999997;2.7146999999999997;5.349399999999999;3.902;0.0;6.759600000000001;6.759600000000001;5.349399999999999;5.0148;3.7285;1.9197;3.902;0.0;5.435;5.349399999999999;2.7146999999999997;4.3052;7.0895;14.6227;13.3308;5.4817;18.6092;10.507700000000002;18.6092;7.7207;13.3308;9.939;7.9965;6.737100000000001;3.902;11.6216;4.3052;29.078;18.6092;35.464800000000004;16.2057;26.298299999999998;20.4312;22.1785;29.238400000000002;29.5069;14.6227;18.6092;18.6092;39.8425;13.1445;30.656299999999998;21.7536;25.0766;25.8032;24.039900000000003;12.9116;35.1954;7.0895;22.0916;21.644099999999998;26.2826;21.5873;19.5379;21.5873;23.5365;12.9116;20.8156;28.8605;30.347900000000003;28.2254;37.989599999999996;24.130599999999998;24.0574;37.0075;31.307299999999998;38.9672;33.4519;39.602;44.0125;54.4565;46.8844;18.0304;19.5359;21.0278;26.051099999999998;15.4962;28.667;36.814800000000005;19.0845;13.541;17.2829;13.3511;10.255799999999999;10.191600000000001;11.9749;17.2829;10.6927;13.3511;9.9771;15.872;13.5639;7.5257;8.7435;16.6483;16.4803;7.5257;13.3511;9.870899999999999;10.3485;8.3294;10.6132;12.629700000000001;22.2975;3.3286;21.372799999999998;19.089599999999997;7.0895;23.017;21.221;17.81;8.8565;7.463;9.634799999999998;17.365599999999997;0.0;2.7146999999999997;7.1515;7.1515;3.7619000000000002;7.718;5.4968;3.4429000000000003;5.2125;9.2355;4.827;5.4968;4.6278999999999995;4.1243;10.4971;7.718;6.950699999999999;10.087;5.4968;2.7146999999999997;7.718;4.827;9.9716;5.4968;5.2125;6.785100000000001;20.052599999999998;5.1674;7.1515;7.1515;23.145400000000002;3.4429000000000003
SV Eidelstedt 1.;24.645799999999998;24.522;29.0038;27.854400000000002;38.19;32.3771;33.812400000000004;23.5358;27.250700000000002;26.3929;26.474;14.254;25.019;35.525800000000004;24.3703;26.0824;18.1268;25.407;21.2707;19.868299999999998;24.3703;22.422;39.3831;18.1268;23.480900000000002;22.476;37.960800000000006;28.5478;39.497;28.7635;32.2047;48.7412;40.4747;34.959300000000006;38.514900000000004;25.638;45.5199;55.9639;48.552699999999994;40.8047;37.960800000000006;21.2707;13.8596;11.772;21.9745;22.001900000000003;24.7239;19.868299999999998;20.0389;11.772;19.5378;16.8328;23.480900000000002;24.6295;21.7283;39.497;18.1557;22.001900000000003;14.6199;24.4269;25.638;29.952;11.8836;15.863299999999999;15.200899999999999;37.960800000000006;13.8596;28.5478;16.722900000000003;19.675099999999997;11.8836;16.722900000000003;30.523799999999998;21.3927;17.826400000000003;27.908;18.7348;15.576600000000001;13.8596;19.5378;12.5589;20.8168;11.772;11.2147;22.001900000000003;11.989799999999999;16.722900000000003;13.9876;12.5589;17.826400000000003;12.6259;11.8836;12.6259;23.888;14.4528;11.8836;10.756200000000002;8.7188;16.1828;10.771700000000001;9.1139;25.0747;18.5299;10.3422;22.4158;12.5589;12.6259;14.982;9.5384;11.4921;6.1711;13.5628;22.471799999999998;21.7283;7.982399999999999;6.9425;9.412799999999999;23.888;5.5038;4.9701;6.5838;4.9701;3.7488;10.9061;6.5838;6.9425;25.0747;6.4831;0.0;0.0;6.8568999999999996;5.7264;2.7146999999999997;5.5219;5.5219;6.8568999999999996;6.8392;5.2359;3.7488;5.7264;2.7146999999999997;6.9425;6.8568999999999996;0.0;5.812600000000001;8.5969;13.385;11.6783;6.9891000000000005;17.3715;6.618;17.3715;6.4831;11.6783;8.7013;5.4517;7.0675;5.7264;9.460799999999999;5.812600000000001;27.4255;17.3715;33.812400000000004;14.5533;24.645799999999998;18.7787;20.5261;23.5358;27.854400000000002;13.385;17.3715;17.3715;38.19;11.4921;29.0038;19.5928;25.407;26.133599999999998;24.3703;14.419;35.525800000000004;8.5969;22.422;21.9745;26.6131;21.9177;19.868299999999998;21.9177;23.8669;14.419;23.480900000000002;30.7174;32.2047;29.7328;39.497;25.638;25.564799999999998;38.514900000000004;32.814699999999995;40.4747;34.959300000000006;41.458800000000004;45.5199;55.9639;48.7412;19.5378;21.3927;24.6847;27.908;17.5089;30.523799999999998;38.6716;21.0972;15.553799999999999;19.2956;15.200899999999999;12.2685;12.2043;13.9876;19.2956;12.7054;15.200899999999999;11.989799999999999;17.884700000000002;15.576600000000001;9.5384;10.756200000000002;18.1557;19.8065;9.5384;15.200899999999999;11.8836;12.3612;10.3422;12.6259;10.9773;20.6703;4.8168999999999995;24.699;22.4158;8.5969;21.3898;19.593700000000002;16.1828;7.204;4.6129;7.982399999999999;15.7384;2.7146999999999997;0.0;8.5038;8.5038;5.3982;6.9517;6.8491;5.4556000000000004;7.0385;6.75;6.6706;6.8491;5.9802;5.746;11.8494;6.9517;6.8028;7.7092;6.8491;0.0;6.9517;6.6706;7.563899999999999;6.8491;7.0385;5.361800000000001;20.314400000000003;2.7598000000000003;8.5038;8.5038;20.6599;5.4556000000000004
Hansa 11 1.;32.3565;32.2326;36.7145;35.5651;45.9007;40.0877;41.523;29.878400000000003;33.593300000000006;34.1035;34.184599999999996;21.964599999999997;32.7296;34.518800000000006;17.9638;25.075400000000002;17.119799999999998;18.1267;11.470600000000001;10.957799999999999;17.9638;21.415;38.606;17.119799999999998;15.0686;19.2912;31.269;21.293400000000002;32.242599999999996;21.5091;25.512900000000002;42.0493;33.2202;27.704900000000002;31.2605;18.383599999999998;38.2655;48.7095;41.298300000000005;33.5503;31.269;11.470600000000001;6.6052;4.5175;18.3962;14.7475;17.4436;10.957799999999999;10.948;4.5175;12.2834;9.5784;15.0686;17.3751;14.4739;32.242599999999996;10.901299999999999;14.7475;7.3655;16.5828;18.383599999999998;23.2602;6.1499;9.0198;8.2248;31.269;6.6052;21.293400000000002;13.0594;12.9832;6.1499;13.0594;23.832;14.7008;14.8249;21.216099999999997;11.4804;9.960899999999999;6.6052;12.2834;7.9994;14.1249;4.5175;9.1158;14.7475;8.8593;13.0594;10.9861;7.9994;14.8249;11.0224;6.1499;11.0224;30.5027;21.0675;6.1499;6.6482;6.6293;17.1982;10.202;7.6114;21.292900000000003;16.6468;5.9372;18.7773;7.9994;11.0224;12.7581;7.4489;19.2027;5.8932;14.094100000000001;29.0865;14.4739;16.1454;3.0091;12.1279;30.5027;13.0155;6.2897;7.0161999999999995;6.2897;5.7847;18.616799999999998;7.0161999999999995;3.0091;21.292900000000003;10.0829;8.5038;8.5038;2.5684;5.1925;7.1515;7.2494;7.2494;2.5684;2.8055;3.682;5.7847;5.1925;7.1515;3.0091;2.5684;8.5038;3.3739;0.0;16.4565;19.389;1.6992;20.443;16.565900000000003;20.443;10.0829;19.389;11.7727;11.3496;5.9435;5.1925;15.8035;3.3739;35.1361;20.443;41.523;22.263900000000003;32.3565;26.4894;28.2367;29.878400000000003;35.5651;16.4565;20.443;20.443;45.9007;19.2027;36.7145;25.9355;18.1267;25.1266;17.9638;7.1646;34.518800000000006;0.0;21.415;18.3962;19.7013;20.9106;10.957799999999999;20.9106;22.859900000000003;7.1646;15.0686;24.0255;25.512900000000002;22.4784;32.242599999999996;18.383599999999998;18.3104;31.2605;25.560299999999998;33.2202;27.704900000000002;34.767;38.2655;48.7095;42.0493;12.2834;14.7008;20.0624;21.216099999999997;13.8454;23.832;31.9798;19.668400000000002;9.9381;16.5104;8.2248;8.5485;8.2784;10.9861;16.5104;6.7364;8.2248;8.8593;14.8832;9.960899999999999;7.4489;6.6482;10.901299999999999;16.1602;7.4489;8.2248;6.1499;8.5559;5.9372;11.0224;19.1403;27.2849;9.030100000000001;21.0605;18.7773;0.0;28.0045;20.0991;17.1982;14.9147;12.4505;16.1454;18.323;7.1515;8.5038;0.0;0.0;4.8565;6.9218;2.6281;5.2437;2.783;13.930299999999999;3.0471999999999997;2.6281;3.4414000000000002;3.4911;4.909;6.9218;4.5322;8.8146;2.6281;8.5969;6.9218;3.0471999999999997;12.053600000000001;2.6281;2.783;7.5213;19.852400000000003;9.5447;0.0;0.0;27.8402;5.2437
St. Pauli V;32.3565;32.2326;36.7145;35.5651;45.9007;40.0877;41.523;29.878400000000003;33.593300000000006;34.1035;34.184599999999996;21.964599999999997;32.7296;34.518800000000006;17.9638;25.075400000000002;17.119799999999998;18.1267;11.470600000000001;10.957799999999999;17.9638;21.415;38.606;17.119799999999998;15.0686;19.2912;31.269;21.293400000000002;32.242599999999996;21.5091;25.512900000000002;42.0493;33.2202;27.704900000000002;31.2605;18.383599999999998;38.2655;48.7095;41.298300000000005;33.5503;31.269;11.470600000000001;6.6052;4.5175;18.3962;14.7475;17.4436;10.957799999999999;10.948;4.5175;12.2834;9.5784;15.0686;17.3751;14.4739;32.242599999999996;10.901299999999999;14.7475;7.3655;16.5828;18.383599999999998;23.2602;6.1499;9.0198;8.2248;31.269;6.6052;21.293400000000002;13.0594;12.9832;6.1499;13.0594;23.832;14.7008;14.8249;21.216099999999997;11.4804;9.960899999999999;6.6052;12.2834;7.9994;14.1249;4.5175;9.1158;14.7475;8.8593;13.0594;10.9861;7.9994;14.8249;11.0224;6.1499;11.0224;30.5027;21.0675;6.1499;6.6482;6.6293;17.1982;10.202;7.6114;21.292900000000003;16.6468;5.9372;18.7773;7.9994;11.0224;12.7581;7.4489;19.2027;5.8932;14.094100000000001;29.0865;14.4739;16.1454;3.0091;12.1279;30.5027;13.0155;6.2897;7.0161999999999995;6.2897;5.7847;18.616799999999998;7.0161999999999995;3.0091;21.292900000000003;10.0829;8.5038;8.5038;2.5684;5.1925;7.1515;7.2494;7.2494;2.5684;2.8055;3.682;5.7847;5.1925;7.1515;3.0091;2.5684;8.5038;3.3739;0.0;16.4565;19.389;1.6992;20.443;16.565900000000003;20.443;10.0829;19.389;11.7727;11.3496;5.9435;5.1925;15.8035;3.3739;35.1361;20.443;41.523;22.263900000000003;32.3565;26.4894;28.2367;29.878400000000003;35.5651;16.4565;20.443;20.443;45.9007;19.2027;36.7145;25.9355;18.1267;25.1266;17.9638;7.1646;34.518800000000006;0.0;21.415;18.3962;19.7013;20.9106;10.957799999999999;20.9106;22.859900000000003;7.1646;15.0686;24.0255;25.512900000000002;22.4784;32.242599999999996;18.383599999999998;18.3104;31.2605;25.560299999999998;33.2202;27.704900000000002;34.767;38.2655;48.7095;42.0493;12.2834;14.7008;20.0624;21.216099999999997;13.8454;23.832;31.9798;19.668400000000002;9.9381;16.5104;8.2248;8.5485;8.2784;10.9861;16.5104;6.7364;8.2248;8.8593;14.8832;9.960899999999999;7.4489;6.6482;10.901299999999999;16.1602;7.4489;8.2248;6.1499;8.5559;5.9372;11.0224;19.1403;27.2849;9.030100000000001;21.0605;18.7773;0.0;28.0045;20.0991;17.1982;14.9147;12.4505;16.1454;18.323;7.1515;8.5038;0.0;0.0;4.8565;6.9218;2.6281;5.2437;2.783;13.930299999999999;3.0471999999999997;2.6281;3.4414000000000002;3.4911;4.909;6.9218;4.5322;8.8146;2.6281;8.5969;6.9218;3.0471999999999997;12.053600000000001;2.6281;2.783;7.5213;19.852400000000003;9.5447;0.0;0.0;27.8402;5.2437
GW Eimsbüttel 2.;29.250799999999998;29.127;33.6089;32.4595;42.795;36.982099999999996;38.4174;32.191;31.7855;30.9979;31.079;18.859;29.624;36.7859;20.8906;27.3425;19.387;21.0535;14.3974;13.8846;20.8906;23.6822;40.6433;19.387;17.9954;23.736099999999997;33.633199999999995;24.220200000000002;35.1694;24.4359;27.8771;44.413599999999995;36.147;30.631700000000002;34.1873;21.3104;41.1923;51.636300000000006;44.2251;36.4771;33.633199999999995;14.3974;9.532;7.4444;23.2347;17.6743;20.3704;13.8846;13.874799999999999;7.4444;15.2102;12.5052;17.9954;20.3019;17.4007;35.1694;13.828100000000001;17.6743;10.2923;20.0993;21.3104;25.6244;8.559299999999999;11.5357;10.873299999999999;33.633199999999995;9.532;24.220200000000002;13.3017;15.3474;8.559299999999999;13.3017;26.1962;17.065099999999997;14.4052;23.580299999999998;14.407200000000001;12.114799999999999;9.532;15.2102;9.2346;16.4892;7.4444;7.7936000000000005;17.6743;8.5686;13.3017;10.5664;9.2346;14.4052;9.2047;8.559299999999999;9.2047;27.397;17.9619;8.559299999999999;7.4319;5.3945;15.0792;8.083;5.692699999999999;20.9292;14.527700000000001;7.0179;18.4136;9.2346;9.2047;10.639;6.2141;16.0971;3.0605;11.975100000000001;25.980900000000002;17.4007;13.0398;4.1202;9.295200000000001;27.397;9.909799999999999;1.9482000000000002;4.8972;1.9482000000000002;2.3044000000000002;15.5111;4.8972;4.1202;20.9292;9.3113;5.3982;5.3982;3.5253;0.0;3.7619000000000002;7.5696;7.5696;3.5253;2.3145;1.6861;2.3044000000000002;0.0;3.7619000000000002;4.1202;3.5253;5.3982;2.9904;4.8565;16.2133;16.2834;3.6575;20.1998;13.4602;20.1998;9.3113;16.2834;11.5295;9.587;8.3277;0.0;13.9956;2.9904;32.0305;20.1998;38.4174;19.1583;29.250799999999998;23.3837;25.1311;32.191;32.4595;16.2133;20.1998;20.1998;42.795;16.0971;33.6089;24.1277;21.0535;27.3938;20.8906;10.0914;36.7859;4.8565;23.6822;23.2347;27.8732;23.177799999999998;13.8846;23.177799999999998;25.1271;10.0914;17.9954;26.3897;27.8771;25.4052;35.1694;21.3104;21.2372;34.1873;28.487099999999998;36.147;30.631700000000002;37.1312;41.1923;51.636300000000006;44.413599999999995;15.2102;17.065099999999997;19.6193;23.580299999999998;14.0877;26.1962;34.344;17.676;12.092;15.8744;10.873299999999999;8.8474;8.8545;10.5664;15.8744;9.3811;10.873299999999999;8.5686;14.4635;12.114799999999999;6.2141;7.4319;13.828100000000001;15.8043;6.2141;10.873299999999999;8.559299999999999;8.940100000000001;7.0179;9.2047;16.0347;24.179299999999998;6.1974;20.6968;18.4136;4.8565;24.8989;17.98;15.0792;11.8091;9.344899999999999;13.0398;19.247400000000003;3.7619000000000002;5.3982;4.8565;4.8565;0.0;6.8925;3.5376999999999996;2.4013;2.4966999999999997;11.0598;2.1111;3.5376999999999996;3.3201;1.9450999999999998;7.5228;6.8925;6.1251999999999995;10.3216;3.5376999999999996;5.7264;6.8925;2.1111;11.8689;3.5376999999999996;2.4966999999999997;6.7527;22.2845;7.0648;5.1925;5.1925;24.9697;2.4013
BSV 19 1.;31.3923;31.2685;35.7503;34.6009;44.9365;39.1235;40.5589;25.5906;29.3055;33.1394;33.2205;21.0005;31.7655;30.531299999999998;19.375799999999998;21.087799999999998;13.132299999999999;20.4125;16.2762;14.8738;19.375799999999998;17.4275;34.3886;13.132299999999999;18.4864;17.4815;37.2277;27.2112;45.899;27.4269;31.4716;48.0081;39.1381;33.622699999999995;37.1783;24.3014;44.1833;54.627300000000005;47.2161;39.4681;37.2277;16.2762;12.523;10.4354;16.98;20.6653;19.7293;14.8738;15.0443;10.4354;18.2012;18.5285;18.4864;23.292900000000003;20.3917;45.899;16.8191;20.6653;13.283299999999999;22.5006;24.3014;29.2189;12.329;15.477;14.1835;37.2277;12.523;27.2112;19.2385;18.942;12.329;19.2385;29.7908;20.659599999999998;19.977400000000003;27.1749;17.3982;16.14;12.523;18.2012;14.1785;20.0837;10.4354;13.3657;20.6653;14.1407;19.2385;16.1385;14.1785;19.977400000000003;14.7768;12.329;14.7768;29.5385;20.1034;12.329;12.8273;10.9666;21.833299999999998;13.655100000000001;11.2648;30.7252;24.180400000000002;11.898100000000001;28.0663;14.1785;14.7768;20.6325;11.786200000000001;18.2385;8.9374;19.2133;28.1223;20.3917;15.1812;4.571899999999999;15.0633;29.5385;12.0513;8.3593;10.469299999999999;8.3593;7.972300000000001;17.6526;10.469299999999999;4.571899999999999;30.7252;5.0866999999999996;6.9517;6.9517;5.7431;6.8925;7.718;2.8564000000000003;2.8564000000000003;5.7431;6.8784;5.382;7.972300000000001;6.8925;7.718;4.571899999999999;5.7431;6.9517;4.5861;6.9218;11.4603;15.876100000000001;6.5156;15.4468;9.099200000000002;15.4468;5.0866999999999996;15.876100000000001;6.7765;6.8871;0.0;6.8925;11.515600000000001;4.5861;26.931900000000002;15.4468;40.5589;21.2997;31.3923;19.1985;27.2725;25.5906;34.6009;11.4603;15.4468;15.4468;44.9365;18.2385;35.7503;21.647599999999997;20.4125;21.1391;19.375799999999998;13.0824;30.531299999999998;6.9218;17.4275;16.98;21.6185;16.923099999999998;14.8738;16.923099999999998;18.872400000000003;13.0824;18.4864;29.984299999999998;31.4716;28.3962;45.899;24.3014;24.2282;37.1783;31.478099999999998;39.1381;33.622699999999995;40.725699999999996;44.1833;54.627300000000005;48.0081;18.2012;20.659599999999998;25.1915;27.1749;20.0245;29.7908;37.9385;23.2482;16.1171;22.4692;14.1835;14.4195;14.4266;16.1385;22.4692;12.9155;14.1835;14.1407;20.035700000000002;16.14;11.786200000000001;12.8273;16.8191;25.457;11.786200000000001;14.1835;12.329;14.5122;11.898100000000001;14.7768;18.176099999999998;26.3208;12.821;30.3495;28.0663;6.9218;27.0403;25.2442;21.833299999999998;13.9505;11.4863;15.1812;21.388900000000003;7.718;6.9517;6.9218;6.9218;6.8925;0.0;5.9779;8.811399999999999;6.7537;12.3683;6.7618;5.9779;4.1843;5.966600000000001;10.3231;0.0;1.7359;3.823;5.9779;7.0675;0.0;6.7618;7.2048000000000005;5.9779;6.7537;3.3104;14.2274;5.4064;5.9435;5.9435;26.278200000000002;8.811399999999999
Sternschanze 2.;30.701700000000002;30.577900000000003;35.0598;33.9104;44.2459;38.433;39.868300000000005;33.6419;33.2299;32.4488;32.529900000000005;20.309900000000003;31.074900000000003;34.436099999999996;19.127599999999997;24.9927;17.0371;19.2905;12.6344;12.1216;19.127599999999997;21.3324;38.2935;17.0371;16.2324;21.3863;31.8702;22.4572;33.406400000000005;22.672900000000002;26.114099999999997;42.6505;34.384;28.8687;32.4243;19.547400000000003;39.429300000000005;49.8733;42.4621;34.7141;31.8702;12.6344;7.7688999999999995;5.6813;20.8848;15.911299999999999;18.607400000000002;12.1216;12.111799999999999;5.6813;13.4472;10.7422;16.2324;18.5389;15.6377;33.406400000000005;12.065100000000001;15.911299999999999;8.5293;18.3362;19.547400000000003;23.8614;6.7119;9.7727;9.110299999999999;31.8702;7.7688999999999995;22.4572;13.6214;13.5844;6.7119;13.6214;24.4332;15.302;15.386899999999999;21.8173;12.644200000000001;10.5229;7.7688999999999995;13.4472;8.561399999999999;14.7261;5.6813;8.6563;15.911299999999999;9.0661;13.6214;11.548;8.561399999999999;15.386899999999999;10.0674;6.7119;10.0674;28.847900000000003;19.4128;6.7119;7.210100000000001;5.5806000000000004;16.1262;9.13;6.5554;21.8549;15.5747;6.2809;19.339299999999998;8.561399999999999;10.0674;11.686;6.4002;17.548;4.8211;13.0221;27.4318;15.6377;14.4907;1.8635;11.0558;28.847900000000003;11.3608;5.2176;5.944100000000001;5.2176;4.13;16.962;5.944100000000001;1.8635;21.8549;9.223600000000001;6.8491;6.8491;0.0;3.5376999999999996;5.4968;6.3902;6.3902;0.0;1.6869;2.0272;4.13;3.5376999999999996;5.4968;1.8635;0.0;6.8491;2.2561999999999998;2.6281;15.5972;17.734299999999998;0.8985;19.5837;14.911100000000001;19.5837;9.223600000000001;17.734299999999998;10.9135;11.0315;5.9779;3.5376999999999996;15.44;2.2561999999999998;33.4814;19.5837;39.868300000000005;20.6092;30.701700000000002;24.8347;26.582;33.6419;33.9104;15.5972;19.5837;19.5837;44.2459;17.548;35.0598;25.5721;19.2905;25.044;19.127599999999997;8.3284;34.436099999999996;2.6281;21.3324;20.8848;20.865099999999998;20.828;12.1216;20.828;22.7772;8.3284;16.2324;24.6267;26.114099999999997;23.6422;33.406400000000005;19.547400000000003;19.4742;32.4243;26.7241;34.384;28.8687;35.368199999999995;39.429300000000005;49.8733;42.6505;13.4472;15.302;20.624299999999998;21.8173;14.407399999999999;24.4332;32.581;18.1275;10.5;17.1116;9.110299999999999;9.1105;8.840399999999999;11.548;17.1116;7.2984;9.110299999999999;9.0661;15.445200000000002;10.5229;6.4002;7.210100000000001;12.065100000000001;16.7222;6.4002;9.110299999999999;6.7119;9.117899999999999;6.2809;10.0674;17.485599999999998;25.630200000000002;7.958;21.622400000000003;19.339299999999998;2.6281;26.3498;19.027;16.1262;13.26;10.7958;14.4907;20.6983;5.4968;6.8491;2.6281;2.6281;3.5376999999999996;5.9779;0.0;4.1635;1.3662999999999998;12.190299999999999;1.538;0.0;2.5023;1.7510999999999999;5.7326999999999995;5.7431;4.2675;9.1722;0.0;6.8568999999999996;5.7431;1.538;10.8749;0.0;1.3662999999999998;6.3426;19.304599999999997;8.9208;2.5684;2.5684;26.1002;4.1635
Victoria 3.;29.7345;29.6107;34.0925;32.9431;43.2787;37.4658;38.9011;32.6747;32.2692;31.4816;31.5627;19.3427;30.1077;37.2696;21.2778;27.8262;19.8707;21.4407;14.784600000000001;14.271700000000001;21.2778;24.1659;41.127;19.8707;18.3826;24.2198;34.020300000000006;24.6073;35.5565;24.8231;28.2643;44.8007;36.5342;31.018900000000002;34.574400000000004;21.6975;41.5794;52.0235;44.612199999999994;36.8643;34.020300000000006;14.784600000000001;9.9191;7.8315;23.7183;18.0615;20.7576;14.271700000000001;14.262;7.8315;15.5974;12.8924;18.3826;20.6891;17.7878;35.5565;14.215200000000001;18.0615;10.6795;20.4864;21.6975;26.0115;7.3039;11.9229;11.2605;34.020300000000006;9.9191;24.6073;12.9383;15.7346;7.3039;12.9383;26.5834;17.4522;14.0419;23.9675;14.7944;11.7921;9.9191;15.5974;7.979100000000001;16.8763;7.8315;7.4302;18.0615;8.205200000000001;12.9383;10.203100000000001;7.979100000000001;14.0419;8.8414;7.3039;8.8414;24.493;15.057799999999999;7.3039;6.176399999999999;4.139;13.9833;6.987100000000001;5.3294;19.8334;13.431899999999999;5.7623999999999995;17.3178;7.979100000000001;8.8414;9.5432;4.958600000000001;13.6417;0.8897999999999999;10.8792;23.0768;17.7878;10.1344;4.9556000000000004;7.1244;24.493;7.0043999999999995;1.2862;2.6258000000000004;1.2862;3.1569000000000003;15.9948;2.6258000000000004;4.9556000000000004;19.8334;9.795;5.4556000000000004;5.4556000000000004;4.1635;2.4013;3.4429000000000003;8.8338;8.8338;4.1635;2.9345;3.1940999999999997;3.1569000000000003;2.4013;3.4429000000000003;4.9556000000000004;4.1635;5.4556000000000004;4.4983;5.2437;16.696900000000003;16.767;3.8455;20.683400000000002;13.9439;20.683400000000002;9.795;16.767;12.013200000000001;10.0707;8.811399999999999;2.4013;14.479299999999999;4.4983;32.5142;20.683400000000002;38.9011;19.642;29.7345;23.8674;25.6148;32.6747;32.9431;16.696900000000003;20.683400000000002;20.683400000000002;43.2787;13.6417;34.0925;24.6113;21.4407;27.8775;21.2778;10.4786;37.2696;5.2437;24.1659;23.7183;28.356900000000003;23.6615;14.271700000000001;23.6615;25.610799999999998;10.4786;18.3826;26.7769;28.2643;25.7924;35.5565;21.6975;21.6244;34.574400000000004;28.874299999999998;36.5342;31.018900000000002;37.5184;41.5794;52.0235;44.8007;15.5974;17.4522;19.256;23.9675;13.7243;26.5834;34.7311;17.3127;11.769200000000001;15.5111;11.2605;8.484;8.419799999999999;10.203100000000001;15.5111;8.1256;11.2605;8.205200000000001;14.100200000000001;11.7921;4.958600000000001;6.176399999999999;14.215200000000001;14.7084;4.958600000000001;11.2605;7.3039;8.5767;5.7623999999999995;8.8414;13.129299999999999;21.2752;4.0267;19.600900000000003;17.3178;5.2437;21.994799999999998;16.8842;13.9833;9.3541;5.9653;10.1344;16.3434;3.4429000000000003;5.4556000000000004;5.2437;5.2437;2.4013;8.811399999999999;4.1635;0.0;2.8907;11.851;2.8988;3.9314;4.166600000000001;2.9835;7.7013;8.047600000000001;7.0419;11.476700000000001;3.9314;6.1047;8.047600000000001;2.8988;12.6554;3.9314;2.8907;8.0302;23.0757;7.8513;5.0034;5.0034;25.760900000000003;0.0
Alsterbrüder 2.;30.8912;30.767400000000002;35.249199999999995;34.0998;44.4354;38.6225;40.0578;33.831300000000006;33.4194;32.6383;32.7194;20.4994;31.264400000000002;35.2119;18.8645;25.7685;17.813;19.0275;12.3714;11.8585;18.8645;22.1082;39.506800000000005;17.813;15.969299999999999;22.1621;31.6071;22.1941;33.1433;22.4099;25.851;42.3875;34.121;28.6056;32.1612;19.284299999999998;39.166199999999996;49.6102;42.199;34.451;31.6071;12.3714;7.5059;5.4183;21.660700000000002;15.648200000000001;18.3444;11.8585;11.848799999999999;5.4183;13.1841;10.4792;15.969299999999999;18.2759;15.374600000000001;33.1433;11.802;15.648200000000001;8.266200000000001;18.0732;19.284299999999998;23.5983;6.4488;9.5096;8.847299999999999;31.6071;7.5059;22.1941;13.3583;13.321399999999999;6.4488;13.3583;24.1702;15.039;14.1441;21.554299999999998;12.3811;10.259799999999998;7.5059;13.1841;8.2983;14.4631;5.4183;7.5325;15.648200000000001;8.2704;13.3583;10.305299999999999;8.2983;14.1441;8.9436;6.4488;8.9436;18.283099999999997;15.2478;6.4488;6.4238;4.7848999999999995;15.0855;8.0893;5.4316;20.9355;14.534;5.4852;18.419900000000002;8.2983;8.9436;10.645299999999999;5.6045;17.7375;3.7804;11.981399999999999;27.621299999999998;15.374600000000001;13.025;2.843;10.0151;18.283099999999997;9.895100000000001;4.1769;4.9033999999999995;4.1769;3.5993000000000004;17.1515;4.9033999999999995;2.843;20.9355;9.9994;7.0385;7.0385;1.3662999999999998;2.4966999999999997;5.2125;7.166;7.166;1.3662999999999998;0.0;1.9305999999999999;3.5993000000000004;2.4966999999999997;5.2125;2.843;1.3662999999999998;7.0385;2.8996999999999997;2.783;16.373;17.9237;1.0483;20.359599999999997;15.1006;20.359599999999997;9.9994;17.9237;11.6893;11.2209;6.7537;2.4966999999999997;15.6295;2.8996999999999997;33.6709;20.359599999999997;40.0578;20.7987;30.8912;25.024099999999997;26.7715;33.831300000000006;34.0998;16.373;20.359599999999997;20.359599999999997;44.4354;17.7375;35.249199999999995;25.761599999999998;19.0275;25.8198;18.8645;8.0654;35.2119;2.783;22.1082;21.660700000000002;20.602;21.6038;11.8585;21.6038;23.553099999999997;8.0654;15.969299999999999;24.3637;25.851;23.3792;33.1433;19.284299999999998;19.2112;32.1612;26.4611;34.121;28.6056;35.1051;39.166199999999996;49.6102;42.3875;13.1841;15.039;19.3582;21.554299999999998;14.1443;24.1702;32.3179;17.8645;10.237;16.848599999999998;8.847299999999999;8.3536;8.0835;10.305299999999999;16.848599999999998;7.0353;8.847299999999999;8.2704;14.202399999999999;10.259799999999998;5.6045;6.4238;11.802;15.8106;5.6045;8.847299999999999;6.4488;8.361;5.4852;8.9436;16.0199;25.8197;6.9173;20.7031;18.419900000000002;2.783;26.5392;17.9863;15.0855;13.449399999999999;8.856;13.025;16.2102;5.2125;7.0385;2.783;2.783;2.4966999999999997;6.7537;1.3662999999999998;2.8907;0.0;12.1725;0.7355;1.6869;2.9973;2.2460999999999998;5.5033;6.8784;5.522;10.3075;1.6869;6.8392;6.8784;0.7355;12.010200000000001;1.6869;0.0;7.4779;20.559099999999997;8.1775;2.8055;2.8055;26.0825;2.9345
Egenbüttel 3.;21.8872;21.7634;26.2452;25.0959;35.431400000000004;29.6185;31.0538;24.8274;25.3762;23.6343;23.715400000000002;11.4954;22.2604;40.8265;29.6711;31.3831;23.427599999999998;30.7077;26.5715;25.1691;29.6711;27.7228;44.6839;23.427599999999998;28.7817;27.7767;43.2942;33.8812;44.830400000000004;34.0969;37.5381;54.0746;45.808;40.292699999999996;43.8483;30.971400000000003;50.853300000000004;61.2973;53.8861;46.1381;43.2942;26.5715;19.193;17.105400000000003;27.275299999999998;27.3353;30.0246;25.1691;25.339599999999997;17.105400000000003;24.8712;22.1662;28.7817;29.9629;27.061700000000002;44.830400000000004;23.489099999999997;27.3353;19.9533;29.7603;30.971400000000003;35.2854;17.629900000000003;21.1967;20.534299999999998;43.2942;19.193;33.8812;22.0714;25.0084;17.629900000000003;22.0714;35.8572;26.7261;23.175;33.2413;24.0682;21.3229;19.193;24.8712;18.3052;26.1502;17.105400000000003;16.961;27.3353;17.736;22.0714;19.3362;18.3052;23.175;17.9745;17.629900000000003;17.9745;15.6716;13.177;17.629900000000003;16.5025;14.4651;15.241299999999999;12.3437;14.8602;24.1331;16.523799999999998;16.0884;20.4097;18.3052;17.9745;12.9759;15.2847;5.103;11.917399999999999;11.556700000000001;21.3538;27.061700000000002;4.6108;12.2759;7.4067;15.6716;4.4494;10.4891;9.523;10.4891;9.0822;4.8057;9.523;12.2759;24.1331;10.1663;6.75;6.75;12.190299999999999;11.0598;9.2355;13.361799999999999;13.361799999999999;12.190299999999999;12.1725;10.5693;9.0822;11.0598;9.2355;12.2759;12.190299999999999;6.75;11.146;13.930299999999999;15.3786;8.9197;12.3225;20.734900000000003;5.6395;20.734900000000003;10.1663;8.9197;11.1904;8.031600000000001;12.3683;11.0598;10.5101;11.146;24.666900000000002;20.734900000000003;31.0538;11.7947;21.8872;16.0201;17.7675;24.8274;25.0959;15.3786;20.734900000000003;20.734900000000003;35.431400000000004;5.103;26.2452;17.718400000000003;30.7077;31.4344;29.6711;19.7524;40.8265;13.930299999999999;27.7228;27.275299999999998;31.9138;27.218400000000003;25.1691;27.218400000000003;29.1677;19.7524;28.7817;36.0507;37.5381;35.066199999999995;44.830400000000004;30.971400000000003;30.8982;43.8483;38.1481;45.808;40.292699999999996;46.792199999999994;50.853300000000004;61.2973;54.0746;24.8712;26.7261;22.6786;33.2413;22.857400000000002;35.8572;29.368;23.5118;21.3;24.6442;20.534299999999998;18.0148;17.950599999999998;19.3362;24.6442;18.451700000000002;20.534299999999998;17.736;19.5622;21.3229;15.2847;16.5025;23.489099999999997;17.8004;15.2847;20.534299999999998;17.629900000000003;18.1075;16.0884;17.9745;8.501299999999999;19.5522;6.0155;22.6929;20.4097;13.930299999999999;13.0775;18.6522;15.241299999999999;0.0;3.6409000000000002;4.6108;14.7968;9.2355;6.75;13.930299999999999;13.930299999999999;11.0598;12.3683;12.190299999999999;11.851;12.1725;0.0;13.0815;13.26;12.391;12.1569;18.2603;13.9505;13.183200000000001;16.3195;13.26;7.204;13.9505;13.0815;11.2087;13.26;13.449399999999999;13.303;26.2852;9.4125;14.9147;14.9147;17.7196;9.3541
Eimsbüttel 3.;30.5232;30.3994;34.8813;33.7319;44.0675;38.2545;39.689800000000005;33.4634;33.057900000000004;32.2703;32.3514;20.131400000000003;30.8964;35.22;19.105900000000002;25.7766;17.821099999999998;19.268900000000002;12.6127;12.0999;19.105900000000002;22.1163;39.077400000000004;17.821099999999998;16.2107;22.1702;31.8485;22.4355;33.384699999999995;22.6513;26.0924;42.6289;34.3624;28.847;32.4026;19.5257;39.407599999999995;49.8516;42.440400000000004;34.6924;31.8485;12.6127;7.7473;5.6597;21.6687;15.8896;18.5857;12.0999;12.090200000000001;5.6597;13.4255;10.7205;16.2107;18.5172;15.616;33.384699999999995;12.0434;15.8896;8.5076;18.3146;19.5257;23.8397;6.6902;9.751;9.088700000000001;31.8485;7.7473;22.4355;13.0487;13.5628;6.6902;13.0487;24.4115;15.2804;14.1522;21.7957;12.6225;10.5012;7.7473;13.4255;7.5565;14.7045;5.6597;7.5406;15.8896;8.0792;13.0487;10.3134;7.5565;14.1522;8.9517;6.6902;8.9517;18.2912;15.2559;6.6902;6.2388;4.5937;15.0935;8.0974;5.4397;20.9436;14.5421;5.3002;18.428;7.5565;8.9517;10.6534;5.4133000000000004;17.3695;3.7885;11.9895;27.2533;15.616;14.3122;3.2039;10.023200000000001;18.2912;11.1823;3.5779;4.9115;3.5779;3.2138;16.7835;4.9115;3.2039;20.9436;10.0075;6.6706;6.6706;1.538;2.1111;4.827;7.1741;7.1741;1.538;0.7355;1.9247;3.2138;2.1111;4.827;3.2039;1.538;6.6706;2.9078000000000004;3.0471999999999997;16.3811;17.555799999999998;1.3124;20.3676;14.7326;20.3676;10.0075;17.555799999999998;11.6974;10.859399999999999;6.7618;2.1111;15.268;2.9078000000000004;33.3029;20.3676;39.689800000000005;20.4307;30.5232;24.656200000000002;26.4035;33.4634;33.7319;16.3811;20.3676;20.3676;44.0675;17.3695;34.8813;25.4001;19.268900000000002;25.827900000000003;19.105900000000002;8.306700000000001;35.22;3.0471999999999997;22.1163;21.6687;20.843400000000003;21.611900000000002;12.0999;21.611900000000002;23.5612;8.306700000000001;16.2107;24.6051;26.0924;23.6206;33.384699999999995;19.5257;19.4525;32.4026;26.7025;34.3624;28.847;35.3465;39.407599999999995;49.8516;42.6289;13.4255;15.2804;19.3663;21.7957;13.834700000000002;24.4115;32.5593;17.423;10.478299999999999;17.09;9.088700000000001;8.3307;8.0538;10.3134;17.09;7.2767;9.088700000000001;8.0792;14.2105;10.5012;5.4133000000000004;6.2388;12.0434;15.818700000000002;5.4133000000000004;9.088700000000001;6.6902;8.423399999999999;5.3002;8.9517;17.3071;25.451700000000002;6.9254;20.7112;18.428;3.0471999999999997;26.1713;17.994400000000002;15.0935;13.0815;8.864;14.3122;16.2183;4.827;6.6706;3.0471999999999997;3.0471999999999997;2.1111;6.7618;1.538;2.8988;0.7355;13.0815;0.0;1.5771;2.6814;1.9302000000000001;5.7439;6.5625;5.5568;9.9916;1.5771;6.635800000000001;6.5625;0.0;11.6943;1.5771;0.4116;7.162;20.594;7.9742;2.8535999999999997;2.8535999999999997;25.879099999999998;3.1248
Hammonia 2.;30.701700000000002;30.577900000000003;35.0598;33.9104;44.2459;38.433;39.868300000000005;33.6419;33.2299;32.4488;32.529900000000005;20.309900000000003;31.074900000000003;34.436099999999996;19.127599999999997;24.9927;17.0371;19.2905;12.6344;12.1216;19.127599999999997;21.3324;38.2935;17.0371;16.2324;21.3863;31.8702;22.4572;33.406400000000005;22.672900000000002;26.114099999999997;42.6505;34.384;28.8687;32.4243;19.547400000000003;39.429300000000005;49.8733;42.4621;34.7141;31.8702;12.6344;7.7688999999999995;5.6813;20.8848;15.911299999999999;18.607400000000002;12.1216;12.111799999999999;5.6813;13.4472;10.7422;16.2324;18.5389;15.6377;33.406400000000005;12.065100000000001;15.911299999999999;8.5293;18.3362;19.547400000000003;23.8614;6.7119;9.7727;9.110299999999999;31.8702;7.7688999999999995;22.4572;13.6214;13.5844;6.7119;13.6214;24.4332;15.302;15.386899999999999;21.8173;12.644200000000001;10.5229;7.7688999999999995;13.4472;8.561399999999999;14.7261;5.6813;8.6563;15.911299999999999;9.0661;13.6214;11.548;8.561399999999999;15.386899999999999;10.0674;6.7119;10.0674;28.847900000000003;19.4128;6.7119;7.210100000000001;5.5806000000000004;16.1262;9.13;6.5554;21.8549;15.5747;6.2809;19.339299999999998;8.561399999999999;10.0674;11.686;6.4002;17.548;4.8211;13.0221;27.4318;15.6377;14.4907;1.8635;11.0558;28.847900000000003;11.3608;5.2176;5.944100000000001;5.2176;4.13;16.962;5.944100000000001;1.8635;21.8549;9.223600000000001;6.8491;6.8491;0.0;3.5376999999999996;5.4968;6.3902;6.3902;0.0;1.6869;2.0272;4.13;3.5376999999999996;5.4968;1.8635;0.0;6.8491;2.2561999999999998;2.6281;15.5972;17.734299999999998;0.8985;19.5837;14.911100000000001;19.5837;9.223600000000001;17.734299999999998;10.9135;11.0315;5.9779;3.5376999999999996;15.44;2.2561999999999998;33.4814;19.5837;39.868300000000005;20.6092;30.701700000000002;24.8347;26.582;33.6419;33.9104;15.5972;19.5837;19.5837;44.2459;17.548;35.0598;25.5721;19.2905;25.044;19.127599999999997;8.3284;34.436099999999996;2.6281;21.3324;20.8848;20.865099999999998;20.828;12.1216;20.828;22.7772;8.3284;16.2324;24.6267;26.114099999999997;23.6422;33.406400000000005;19.547400000000003;19.4742;32.4243;26.7241;34.384;28.8687;35.368199999999995;39.429300000000005;49.8733;42.6505;13.4472;15.302;20.624299999999998;21.8173;14.407399999999999;24.4332;32.581;18.1275;10.5;17.1116;9.110299999999999;9.1105;8.840399999999999;11.548;17.1116;7.2984;9.110299999999999;9.0661;15.445200000000002;10.5229;6.4002;7.210100000000001;12.065100000000001;16.7222;6.4002;9.110299999999999;6.7119;9.117899999999999;6.2809;10.0674;17.485599999999998;25.630200000000002;7.958;21.622400000000003;19.339299999999998;2.6281;26.3498;19.027;16.1262;13.26;10.7958;14.4907;20.6983;5.4968;6.8491;2.6281;2.6281;3.5376999999999996;5.9779;0.0;3.9314;1.6869;13.26;1.5771;0.0;2.5023;1.7510999999999999;5.7326999999999995;5.7431;4.2675;9.1722;0.0;6.8568999999999996;5.7431;1.538;10.8749;0.0;1.3662999999999998;6.3426;19.304599999999997;8.9208;2.5684;2.5684;26.1002;4.1635
Blau-Weiss Ellas 1.;29.8328;29.709;34.1908;33.0414;43.377;37.564099999999996;38.9994;27.2257;30.9406;31.579900000000002;31.661;19.441;30.206;32.6426;21.487099999999998;23.1992;15.2436;22.523799999999998;13.908100000000001;13.3952;21.487099999999998;19.5389;36.5;15.2436;17.5061;19.5928;33.606199999999994;23.730900000000002;34.680099999999996;23.9466;27.8502;44.3866;35.6577;30.142400000000002;33.698;20.821099999999998;40.703;51.147;43.735800000000005;35.9878;33.606199999999994;13.908100000000001;9.0426;6.955;19.0913;17.185;21.840700000000002;13.3952;13.3855;6.955;14.7209;12.0159;17.5061;19.8126;16.9114;34.680099999999996;13.338799999999999;17.185;9.803;19.0203;20.821099999999998;25.5974;8.448;11.9967;10.7032;33.606199999999994;9.0426;23.730900000000002;15.3574;15.3205;8.448;15.3574;26.1693;17.0381;16.0963;23.5534;13.9179;12.259;9.0426;14.7209;10.2974;16.4622;6.955;9.4846;17.185;10.2596;15.3574;12.2575;10.2974;16.0963;10.8958;8.448;10.8958;27.979;18.5439;8.448;8.946200000000001;7.0855;16.7702;9.774;7.3838;22.6203;16.218799999999998;8.017;20.1047;10.2974;10.8958;12.3301;7.9051;16.6791;5.0563;13.6661;26.562900000000003;16.9114;13.6217;1.4114;13.5038;27.979;10.4918;4.786899999999999;6.5882;4.786899999999999;3.8312;16.0931;6.5882;1.4114;22.6203;7.4301;5.9802;5.9802;2.5023;3.3201;4.6278999999999995;4.5967;4.5967;2.5023;2.9973;1.8095999999999999;3.8312;3.3201;4.6278999999999995;1.4114;2.5023;5.9802;0.0;3.4414000000000002;13.803700000000001;16.865299999999998;2.6345;17.790200000000002;10.7343;17.790200000000002;7.4301;16.865299999999998;9.12;8.6968;4.1843;3.3201;13.1507;0.0;32.6125;17.790200000000002;38.9994;19.740299999999998;29.8328;23.965700000000002;25.713099999999997;27.2257;33.0414;13.803700000000001;17.790200000000002;17.790200000000002;43.377;16.6791;34.1908;23.282700000000002;22.523799999999998;23.2505;21.487099999999998;9.6021;32.6426;3.4414000000000002;19.5389;19.0913;23.7299;19.0345;13.3952;19.0345;20.983700000000002;9.6021;17.5061;26.3628;27.8502;24.9159;34.680099999999996;20.821099999999998;20.7479;33.698;27.997799999999998;35.6577;30.142400000000002;37.1043;40.703;51.147;44.3866;14.7209;17.0381;21.3104;23.5534;16.1434;26.1693;34.317;19.367099999999997;12.2361;18.8477;10.7032;10.5384;10.5456;12.2575;18.8477;9.0345;10.7032;10.2596;16.154600000000002;12.259;7.9051;8.946200000000001;13.338799999999999;17.4953;7.9051;10.7032;8.448;10.6311;8.017;10.8958;16.6166;24.7613;8.193200000000001;22.3878;20.1047;3.4414000000000002;25.4808;19.6711;16.7702;12.391;9.9268;13.6217;19.8294;4.6278999999999995;5.9802;3.4414000000000002;3.4414000000000002;3.3201;4.1843;2.5023;4.166600000000001;2.9973;12.391;2.6814;2.5023;0.0;1.9915;7.7106;4.5861;3.5804;8.0152;2.2561999999999998;5.812600000000001;4.5861;2.9078000000000004;9.7179;2.2561999999999998;2.8996999999999997;5.1856;18.6176;7.6283;3.3739;3.3739;25.0559;4.4983
HEBC 3.;29.598599999999998;29.4748;33.9567;32.807300000000005;43.142900000000004;37.3299;38.7652;32.5388;32.126799999999996;31.3457;31.4268;19.206799999999998;29.971799999999998;34.4249;20.1124;24.9815;17.0259;20.2754;13.619200000000001;13.106399999999999;20.1124;21.321099999999998;38.282199999999996;17.0259;17.217200000000002;21.3751;32.855;23.442;34.3912;23.657700000000002;27.0989;43.635400000000004;35.368900000000004;29.8535;33.409099999999995;20.5322;40.4141;50.8581;43.4469;35.6989;32.855;13.619200000000001;8.7538;6.6662;20.8736;16.896099999999997;19.592200000000002;13.106399999999999;13.0967;6.6662;14.432;11.727;17.217200000000002;19.5237;16.6225;34.3912;13.0499;16.896099999999997;9.514100000000001;19.321099999999998;20.5322;24.8462;7.6967;10.7575;10.0951;32.855;8.7538;23.442;13.809700000000001;14.5692;7.6967;13.809700000000001;25.418;16.2869;14.9133;22.8022;13.629;11.507700000000002;8.7538;14.432;9.5462;15.711;6.6662;8.3016;16.896099999999997;9.076600000000001;13.809700000000001;11.074399999999999;9.5462;14.9133;9.7127;7.6967;9.7127;27.744799999999998;18.3097;7.6967;7.9399;5.9025;15.587200000000001;8.591;6.200699999999999;21.4372;15.0357;7.2658000000000005;18.921599999999998;9.5462;9.7127;11.1471;6.7221;16.4449;3.8733;12.4831;26.3287;16.6225;13.3876;2.4086999999999996;10.108;27.744799999999998;10.257700000000002;3.4119;5.4052;3.4119;2.5111;15.8589;5.4052;2.4086999999999996;21.4372;9.212399999999999;5.746;5.746;1.7510999999999999;1.9450999999999998;4.1243;6.379;6.379;1.7510999999999999;2.2460999999999998;0.6872;2.5111;1.9450999999999998;4.1243;2.4086999999999996;1.7510999999999999;5.746;1.9915;3.4911;15.586;16.6312;1.8833;19.5725;13.808;19.5725;9.212399999999999;16.6312;10.9022;9.9284;5.966600000000001;1.9450999999999998;14.337;1.9915;32.378299999999996;19.5725;38.7652;19.5061;29.598599999999998;23.7316;25.478900000000003;32.5388;32.807300000000005;15.586;19.5725;19.5725;43.142900000000004;16.4449;33.9567;24.469;20.2754;25.032700000000002;20.1124;9.3132;34.4249;3.4911;21.321099999999998;20.8736;25.5121;20.8168;13.106399999999999;20.8168;22.766;9.3132;17.217200000000002;25.6115;27.0989;24.627;34.3912;20.5322;20.459;33.409099999999995;27.7089;35.368900000000004;29.8535;36.353;40.4141;50.8581;43.635400000000004;14.432;16.2869;20.1274;22.8022;14.5957;25.418;33.5658;18.184099999999997;11.4848;18.0965;10.0951;9.3554;9.3625;11.074399999999999;18.0965;8.2832;10.0951;9.076600000000001;14.9716;11.507700000000002;6.7221;7.9399;13.0499;16.3123;6.7221;10.0951;7.6967;9.4481;7.2658000000000005;9.7127;16.3825;24.527099999999997;7.0102;21.2048;18.921599999999998;3.4911;25.2467;18.4881;15.587200000000001;12.1569;9.6927;13.3876;19.595200000000002;4.1243;5.746;3.4911;3.4911;1.9450999999999998;5.966600000000001;1.7510999999999999;2.9835;2.2460999999999998;12.1569;1.9302000000000001;1.7510999999999999;1.9915;0.0;6.762899999999999;5.7058;4.7;9.1349;1.7625;5.7373;5.7058;1.7038;10.424700000000001;1.7625;1.7097;5.6825;19.7372;7.8013;3.4172;3.4172;24.9806;3.2403000000000004
HafenCity 1.;35.7021;35.578300000000006;40.0601;38.9107;49.246300000000005;43.4333;44.8687;33.9065;37.6214;37.4492;37.530300000000004;25.310299999999998;36.075300000000006;51.5183;15.184700000000001;27.3139;19.1475;15.347700000000001;8.691600000000001;8.1787;15.184700000000001;17.8212;35.827;19.1475;12.2895;16.5122;26.7923;18.5143;29.4635;16.9916;21.0363;37.5727;30.441200000000002;24.9258;28.4814;13.866;35.4864;45.9304;38.5192;30.7712;26.7923;8.691600000000001;3.2694;0.0;15.6171;10.229899999999999;14.6646;8.1787;8.169;0.0;7.7658000000000005;6.7993999999999994;12.2895;11.4177;9.956299999999999;29.4635;6.3837;10.229899999999999;2.8479;12.065299999999999;13.866;18.7836;2.9138;5.0417;3.7481999999999998;26.7923;3.2694;18.5143;12.043299999999999;8.5066;2.9138;12.043299999999999;19.355400000000003;10.224200000000002;12.9003;16.7395;6.9628000000000005;6.705;3.2694;7.7658000000000005;5.0352;9.648299999999999;0.0;7.1931;10.229899999999999;6.934699999999999;12.043299999999999;9.0615;5.0352;12.9003;9.0978;2.9138;9.0978;22.9818;19.9465;2.9138;4.7255;5.636100000000001;16.9753;10.9645;6.6953000000000005;19.368299999999998;16.3122;4.1006;16.852700000000002;5.0352;9.0978;12.5351;5.4601999999999995;22.548299999999998;8.591;14.8566;24.1525;9.956299999999999;17.8357;7.3888;16.278200000000002;22.9818;14.7057;8.9875;8.943;8.9875;8.6255;21.962400000000002;8.943;7.3888;19.368299999999998;14.110899999999999;11.8494;11.8494;5.7326999999999995;7.5228;10.4971;11.2775;11.2775;5.7326999999999995;5.5033;7.0276000000000005;8.6255;7.5228;10.4971;7.3888;5.7326999999999995;11.8494;7.7106;4.909;20.4845;22.734599999999997;4.8636;24.471;19.9115;24.471;14.110899999999999;22.734599999999997;15.800799999999999;15.377600000000001;10.3231;7.5228;19.8315;7.7106;38.4818;24.471;44.8687;25.609599999999997;35.7021;29.835;31.5823;33.9065;38.9107;20.4845;24.471;24.471;49.246300000000005;22.548299999999998;40.0601;29.9635;15.347700000000001;27.1543;15.184700000000001;4.3856;51.5183;4.909;17.8212;15.6171;16.9222;21.4515;8.1787;21.4515;25.047400000000003;4.3856;12.2895;19.5489;21.0363;17.960900000000002;29.4635;13.866;13.7929;28.4814;22.781299999999998;30.441200000000002;24.9258;30.2904;35.4864;45.9304;37.5727;7.7658000000000005;10.224200000000002;18.7672;16.7395;12.8293;19.355400000000003;27.5032;15.191799999999999;6.6821;12.0338;3.7481999999999998;5.959;6.353899999999999;9.0615;12.0338;3.7894;3.7481999999999998;6.934699999999999;12.9586;6.705;5.4601999999999995;4.7255;6.3837;14.2356;5.4601999999999995;3.7481999999999998;2.9138;5.966399999999999;4.1006;9.0978;22.2755;30.630599999999998;11.7279;19.135900000000003;16.852700000000002;4.909;31.350099999999998;18.33;16.9753;18.2603;13.6666;17.8357;19.0854;10.4971;11.8494;4.909;4.909;7.5228;10.3231;5.7326999999999995;7.7013;5.5033;18.2603;5.7439;5.7326999999999995;7.7106;6.762899999999999;0.0;10.4354;7.9656;12.248;5.6813;11.772;10.4354;5.6597;15.567200000000001;5.6813;5.4183;11.0349;20.3259;13.835899999999999;4.5175;4.5175;31.0153;7.8315
Altona 93 3.;31.3923;31.2685;35.7503;34.6009;44.9365;39.1235;40.5589;25.5906;29.3055;33.1394;33.2205;21.0005;31.7655;30.531299999999998;19.375799999999998;21.087799999999998;13.132299999999999;20.4125;16.2762;14.8738;19.375799999999998;17.4275;34.3886;13.132299999999999;18.4864;17.4815;37.2277;27.2112;45.899;27.4269;31.4716;48.0081;39.1381;33.622699999999995;37.1783;24.3014;44.1833;54.627300000000005;47.2161;39.4681;37.2277;16.2762;12.523;10.4354;16.98;20.6653;19.7293;14.8738;15.0443;10.4354;18.2012;18.5285;18.4864;23.292900000000003;20.3917;45.899;16.8191;20.6653;13.283299999999999;22.5006;24.3014;29.2189;12.329;15.477;14.1835;37.2277;12.523;27.2112;19.2385;18.942;12.329;19.2385;29.7908;20.659599999999998;19.977400000000003;27.1749;17.3982;16.14;12.523;18.2012;14.1785;20.0837;10.4354;13.3657;20.6653;14.1407;19.2385;16.1385;14.1785;19.977400000000003;14.7768;12.329;14.7768;29.5385;20.1034;12.329;12.8273;10.9666;21.833299999999998;13.655100000000001;11.2648;30.7252;24.180400000000002;11.898100000000001;28.0663;14.1785;14.7768;20.6325;11.786200000000001;18.2385;8.9374;19.2133;28.1223;20.3917;15.1812;4.571899999999999;15.0633;29.5385;12.0513;8.3593;10.469299999999999;8.3593;7.972300000000001;17.6526;10.469299999999999;4.571899999999999;30.7252;5.0866999999999996;6.9517;6.9517;5.7431;6.8925;7.718;2.8564000000000003;2.8564000000000003;5.7431;6.8784;5.382;7.972300000000001;6.8925;7.718;4.571899999999999;5.7431;6.9517;4.5861;6.9218;11.4603;15.876100000000001;6.5156;15.4468;9.099200000000002;15.4468;5.0866999999999996;15.876100000000001;6.7765;6.8871;0.0;6.8925;11.515600000000001;4.5861;26.931900000000002;15.4468;40.5589;21.2997;31.3923;19.1985;27.2725;25.5906;34.6009;11.4603;15.4468;15.4468;44.9365;18.2385;35.7503;21.647599999999997;20.4125;21.1391;19.375799999999998;13.0824;30.531299999999998;6.9218;17.4275;16.98;21.6185;16.923099999999998;14.8738;16.923099999999998;18.872400000000003;13.0824;18.4864;29.984299999999998;31.4716;28.3962;45.899;24.3014;24.2282;37.1783;31.478099999999998;39.1381;33.622699999999995;40.725699999999996;44.1833;54.627300000000005;48.0081;18.2012;20.659599999999998;25.1915;27.1749;20.0245;29.7908;37.9385;23.2482;16.1171;22.4692;14.1835;14.4195;14.4266;16.1385;22.4692;12.9155;14.1835;14.1407;20.035700000000002;16.14;11.786200000000001;12.8273;16.8191;25.457;11.786200000000001;14.1835;12.329;14.5122;11.898100000000001;14.7768;18.176099999999998;26.3208;12.821;30.3495;28.0663;6.9218;27.0403;25.2442;21.833299999999998;13.9505;11.4863;15.1812;21.388900000000003;7.718;6.9517;6.9218;6.9218;6.8925;0.0;5.7431;8.047600000000001;6.8784;13.9505;6.5625;5.7431;4.5861;5.7058;10.4354;0.0;1.7359;3.823;5.9779;7.0675;0.0;6.7618;7.2048000000000005;5.9779;6.7537;3.3104;14.2274;5.4064;5.9435;5.9435;26.278200000000002;8.811399999999999
Teutonia 05 3.;30.625;30.5012;34.983;33.8337;44.1692;38.356300000000005;39.791599999999995;26.9923;30.7072;32.372099999999996;32.4532;20.2332;30.9982;30.3112;19.1557;20.8678;12.9122;20.192400000000003;16.0561;14.6537;19.1557;17.2074;34.1685;12.9122;18.266299999999998;17.261400000000002;34.758;24.741400000000002;35.690599999999996;24.9572;29.001900000000003;45.5383;36.6683;31.153;34.7085;21.831599999999998;41.7135;52.157599999999995;44.746300000000005;36.998400000000004;34.758;16.0561;10.0532;7.9656;16.759900000000002;18.1956;19.5093;14.6537;14.824200000000001;7.9656;15.7315;13.0265;18.266299999999998;20.8232;17.9219;35.690599999999996;14.3493;18.1956;10.813600000000001;20.030900000000003;21.831599999999998;26.749200000000002;10.4296;13.007299999999999;11.713799999999999;34.758;10.0532;24.741400000000002;17.3391;16.4722;10.4296;17.3391;27.321;18.189799999999998;18.9716;24.705099999999998;14.9285;14.2406;10.0532;15.7315;12.2791;17.6139;7.9656;12.36;18.1956;12.901200000000001;17.3391;15.1328;12.2791;18.9716;13.7711;10.4296;13.7711;28.7712;19.3361;10.4296;10.9279;9.415700000000001;21.0661;12.6494;10.2591;29.957900000000002;23.4131;10.116;27.299;12.2791;13.7711;15.2054;10.2352;17.4713;7.9317;18.446;27.3551;17.9219;14.414;2.4036;14.296;28.7712;11.284;7.592;9.4636;7.592;7.205;16.8853;9.4636;2.4036;29.957900000000002;6.4883999999999995;6.8028;6.8028;4.2675;6.1251999999999995;6.950699999999999;4.258100000000001;4.258100000000001;4.2675;5.522;4.6147;7.205;6.1251999999999995;6.950699999999999;2.4036;4.2675;6.8028;3.5804;4.5322;12.862;17.6576;4.7335;16.8485;10.501;16.8485;6.4883999999999995;17.6576;8.1783;8.288799999999998;1.7359;6.1251999999999995;12.9173;3.5804;28.333599999999997;16.8485;39.791599999999995;20.5325;30.625;20.6003;26.5053;26.9923;33.8337;12.862;16.8485;16.8485;44.1692;17.4713;34.983;23.049400000000002;20.192400000000003;20.919;19.1557;10.6127;30.3112;4.5322;17.2074;16.759900000000002;21.398400000000002;16.703;14.6537;16.703;18.6523;10.6127;18.266299999999998;27.5145;29.001900000000003;25.9265;35.690599999999996;21.831599999999998;21.7585;34.7085;29.0084;36.6683;31.153;38.256;41.7135;52.157599999999995;45.5383;15.7315;18.189799999999998;24.1857;24.705099999999998;18.1251;27.321;35.4688;23.157400000000003;14.2177;19.9994;11.713799999999999;12.8282;12.5581;15.1328;19.9994;10.9231;11.713799999999999;12.901200000000001;19.0299;14.2406;10.2352;10.9279;14.3493;24.689700000000002;10.2352;11.713799999999999;10.4296;12.835600000000001;10.116;13.7711;17.4088;25.5535;12.053799999999999;29.5822;27.299;4.5322;26.2731;24.477;21.0661;13.183200000000001;10.719;14.414;20.621599999999997;6.950699999999999;6.8028;4.5322;4.5322;6.1251999999999995;1.7359;4.2675;7.0419;5.522;13.183200000000001;5.5568;4.2675;3.5804;4.7;7.9656;1.7359;0.0;5.2486999999999995;4.1868;6.7785;3.0286;5.464300000000001;8.1604;4.1868;5.4562;4.266;15.5679;6.362;4.3807;4.3807;26.4172;7.216
Nienstedten 2.;33.761300000000006;33.6375;38.1193;36.9699;47.3055;41.4925;42.9279;25.277099999999997;28.992;35.5084;35.5895;17.671599999999998;34.1345;32.2761;21.1207;22.8327;14.8772;22.1573;18.021099999999997;16.6187;21.1207;19.172400000000003;36.1335;14.8772;20.2313;19.2263;39.0403;29.023799999999998;47.643800000000006;29.2396;33.2843;49.820699999999995;40.9507;35.435300000000005;38.9909;26.114;45.9959;56.4399;49.0287;41.280699999999996;39.0403;18.021099999999997;14.335600000000001;12.248;18.7249;22.4779;21.4742;16.6187;16.7892;12.248;20.0138;20.2733;20.2313;25.1056;22.2043;47.643800000000006;18.631700000000002;22.4779;15.0959;24.313200000000002;26.114;31.0315;15.7581;17.2896;15.9961;39.0403;14.335600000000001;29.023799999999998;22.6676;20.7546;15.7581;22.6676;31.6034;22.4722;23.4065;28.9875;19.2108;19.5691;14.335600000000001;20.0138;17.607599999999998;21.8963;12.248;16.7948;22.4779;17.5698;22.6676;19.5676;17.607599999999998;23.4065;18.2059;15.7581;18.2059;31.9075;22.4724;15.7581;16.2564;14.395700000000001;24.2023;17.777;14.6939;33.094199999999994;26.549400000000002;15.327200000000001;30.435299999999998;17.607599999999998;18.2059;23.0015;15.2153;20.6075;13.1765;21.5823;30.4913;22.2043;17.5502;7.0363999999999995;17.432299999999998;31.9075;14.4203;11.7482;13.5892;11.7482;10.3412;20.0216;13.5892;7.0363999999999995;33.094199999999994;3.9553000000000003;7.7092;7.7092;9.1722;10.3216;10.087;3.8007;3.8007;9.1722;10.3075;8.8111;10.3412;10.3216;10.087;7.0363999999999995;9.1722;7.7092;8.0152;8.8146;9.008799999999999;15.562700000000001;9.944700000000001;13.7449;9.405700000000001;13.7449;3.9553000000000003;15.562700000000001;4.1088000000000005;6.1197;3.823;10.3216;11.2021;8.0152;26.6184;13.7449;42.9279;23.6687;33.761300000000006;18.885099999999998;29.6415;25.277099999999997;36.9699;9.008799999999999;13.7449;13.7449;47.3055;20.6075;38.1193;21.3342;22.1573;22.884;21.1207;14.895100000000001;32.2761;8.8146;19.172400000000003;18.7249;23.363400000000002;18.668;16.6187;18.668;20.6173;14.895100000000001;20.2313;31.7969;33.2843;30.2089;47.643800000000006;26.114;26.0409;38.9909;33.290800000000004;40.9507;35.435300000000005;42.5384;45.9959;56.4399;49.820699999999995;20.0138;22.4722;32.7042;28.9875;23.453599999999998;31.6034;39.7511;27.439700000000002;19.546200000000002;24.2818;15.9961;17.848599999999998;17.855700000000002;19.5676;24.2818;16.3446;15.9961;17.5698;23.4648;19.5691;15.2153;16.2564;18.631700000000002;27.826;15.2153;15.9961;15.7581;17.9413;15.327200000000001;18.2059;20.545099999999998;28.689799999999998;15.19;32.7185;30.435299999999998;8.8146;29.409299999999998;27.6132;24.2023;16.3195;13.8553;17.5502;23.757900000000003;10.087;7.7092;8.8146;8.8146;10.3216;3.823;9.1722;11.476700000000001;10.3075;16.3195;9.9916;9.1722;8.0152;9.1349;12.248;3.823;5.2486999999999995;0.0;9.121;8.8014;4.984100000000001;9.9049;4.122;9.121;9.896799999999999;3.7763;16.9455;5.7272;9.1592;9.1592;29.3994;11.9326
Hammonia 3.;30.701700000000002;30.577900000000003;35.0598;33.9104;44.2459;38.433;39.868300000000005;33.6419;33.2299;32.4488;32.529900000000005;20.309900000000003;31.074900000000003;34.436099999999996;19.127599999999997;24.9927;17.0371;19.2905;12.6344;12.1216;19.127599999999997;21.3324;38.2935;17.0371;16.2324;21.3863;31.8702;22.4572;33.406400000000005;22.672900000000002;26.114099999999997;42.6505;34.384;28.8687;32.4243;19.547400000000003;39.429300000000005;49.8733;42.4621;34.7141;31.8702;12.6344;7.7688999999999995;5.6813;20.8848;15.911299999999999;18.607400000000002;12.1216;12.111799999999999;5.6813;13.4472;10.7422;16.2324;18.5389;15.6377;33.406400000000005;12.065100000000001;15.911299999999999;8.5293;18.3362;19.547400000000003;23.8614;6.7119;9.7727;9.110299999999999;31.8702;7.7688999999999995;22.4572;13.6214;13.5844;6.7119;13.6214;24.4332;15.302;15.386899999999999;21.8173;12.644200000000001;10.5229;7.7688999999999995;13.4472;8.561399999999999;14.7261;5.6813;8.6563;15.911299999999999;9.0661;13.6214;11.548;8.561399999999999;15.386899999999999;10.0674;6.7119;10.0674;28.847900000000003;19.4128;6.7119;7.210100000000001;5.5806000000000004;16.1262;9.13;6.5554;21.8549;15.5747;6.2809;19.339299999999998;8.561399999999999;10.0674;11.686;6.4002;17.548;4.8211;13.0221;27.4318;15.6377;14.4907;1.8635;11.0558;28.847900000000003;11.3608;5.2176;5.944100000000001;5.2176;4.13;16.962;5.944100000000001;1.8635;21.8549;9.223600000000001;6.8491;6.8491;0.0;3.5376999999999996;5.4968;6.3902;6.3902;0.0;1.6869;2.0272;4.13;3.5376999999999996;5.4968;1.8635;0.0;6.8491;2.2561999999999998;2.6281;15.5972;17.734299999999998;0.8985;19.5837;14.911100000000001;19.5837;9.223600000000001;17.734299999999998;10.9135;11.0315;5.9779;3.5376999999999996;15.44;2.2561999999999998;33.4814;19.5837;39.868300000000005;20.6092;30.701700000000002;24.8347;26.582;33.6419;33.9104;15.5972;19.5837;19.5837;44.2459;17.548;35.0598;25.5721;19.2905;25.044;19.127599999999997;8.3284;34.436099999999996;2.6281;21.3324;20.8848;20.865099999999998;20.828;12.1216;20.828;22.7772;8.3284;16.2324;24.6267;26.114099999999997;23.6422;33.406400000000005;19.547400000000003;19.4742;32.4243;26.7241;34.384;28.8687;35.368199999999995;39.429300000000005;49.8733;42.6505;13.4472;15.302;20.624299999999998;21.8173;14.407399999999999;24.4332;32.581;18.1275;10.5;17.1116;9.110299999999999;9.1105;8.840399999999999;11.548;17.1116;7.2984;9.110299999999999;9.0661;15.445200000000002;10.5229;6.4002;7.210100000000001;12.065100000000001;16.7222;6.4002;9.110299999999999;6.7119;9.117899999999999;6.2809;10.0674;17.485599999999998;25.630200000000002;7.958;21.622400000000003;19.339299999999998;2.6281;26.3498;19.027;16.1262;13.26;10.7958;14.4907;20.6983;5.4968;6.8491;2.6281;2.6281;3.5376999999999996;5.9779;0.0;3.9314;1.6869;13.26;1.5771;0.0;2.2561999999999998;1.7625;5.6813;5.9779;4.1868;9.121;0.0;6.8568999999999996;5.7431;1.538;10.8749;0.0;1.3662999999999998;6.3426;19.304599999999997;8.9208;2.5684;2.5684;26.1002;4.1635
Lohkamp 1.;24.645799999999998;24.522;29.0038;27.854400000000002;38.19;32.3771;33.812400000000004;23.5358;27.250700000000002;26.3929;26.474;14.254;25.019;35.525800000000004;24.3703;26.0824;18.1268;25.407;21.2707;19.868299999999998;24.3703;22.422;39.3831;18.1268;23.480900000000002;22.476;37.960800000000006;28.5478;39.497;28.7635;32.2047;48.7412;40.4747;34.959300000000006;38.514900000000004;25.638;45.5199;55.9639;48.552699999999994;40.8047;37.960800000000006;21.2707;13.8596;11.772;21.9745;22.001900000000003;24.7239;19.868299999999998;20.0389;11.772;19.5378;16.8328;23.480900000000002;24.6295;21.7283;39.497;18.1557;22.001900000000003;14.6199;24.4269;25.638;29.952;11.8836;15.863299999999999;15.200899999999999;37.960800000000006;13.8596;28.5478;16.722900000000003;19.675099999999997;11.8836;16.722900000000003;30.523799999999998;21.3927;17.826400000000003;27.908;18.7348;15.576600000000001;13.8596;19.5378;12.5589;20.8168;11.772;11.2147;22.001900000000003;11.989799999999999;16.722900000000003;13.9876;12.5589;17.826400000000003;12.6259;11.8836;12.6259;23.888;14.4528;11.8836;10.756200000000002;8.7188;16.1828;10.771700000000001;9.1139;25.0747;18.5299;10.3422;22.4158;12.5589;12.6259;14.982;9.5384;11.4921;6.1711;13.5628;22.471799999999998;21.7283;7.982399999999999;6.9425;9.412799999999999;23.888;5.5038;4.9701;6.5838;4.9701;3.7488;10.9061;6.5838;6.9425;25.0747;6.4831;0.0;0.0;6.8568999999999996;5.7264;2.7146999999999997;5.5219;5.5219;6.8568999999999996;6.8392;5.2359;3.7488;5.7264;2.7146999999999997;6.9425;6.8568999999999996;0.0;5.812600000000001;8.5969;13.385;11.6783;6.9891000000000005;17.3715;6.618;17.3715;6.4831;11.6783;8.7013;5.4517;7.0675;5.7264;9.460799999999999;5.812600000000001;27.4255;17.3715;33.812400000000004;14.5533;24.645799999999998;18.7787;20.5261;23.5358;27.854400000000002;13.385;17.3715;17.3715;38.19;11.4921;29.0038;19.5928;25.407;26.133599999999998;24.3703;14.419;35.525800000000004;8.5969;22.422;21.9745;26.6131;21.9177;19.868299999999998;21.9177;23.8669;14.419;23.480900000000002;30.7174;32.2047;29.7328;39.497;25.638;25.564799999999998;38.514900000000004;32.814699999999995;40.4747;34.959300000000006;41.458800000000004;45.5199;55.9639;48.7412;19.5378;21.3927;24.6847;27.908;17.5089;30.523799999999998;38.6716;21.0972;15.553799999999999;19.2956;15.200899999999999;12.2685;12.2043;13.9876;19.2956;12.7054;15.200899999999999;11.989799999999999;17.884700000000002;15.576600000000001;9.5384;10.756200000000002;18.1557;19.8065;9.5384;15.200899999999999;11.8836;12.3612;10.3422;12.6259;10.9773;20.6703;4.8168999999999995;24.699;22.4158;8.5969;21.3898;19.593700000000002;16.1828;7.204;4.6129;7.982399999999999;15.7384;2.7146999999999997;0.0;8.5969;8.5969;5.7264;7.0675;6.8568999999999996;6.1047;6.8392;7.204;6.635800000000001;6.8568999999999996;5.812600000000001;5.7373;11.772;7.0675;6.7785;8.8014;6.8568999999999996;0.0;6.9517;6.6706;7.563899999999999;6.8491;7.0385;5.361800000000001;20.314400000000003;2.7598000000000003;8.5038;8.5038;20.6599;5.4556000000000004
Nikola Tesla 2.;31.3923;31.2685;35.7503;34.6009;44.9365;39.1235;40.5589;25.5906;29.3055;33.1394;33.2205;21.0005;31.7655;30.531299999999998;19.375799999999998;21.087799999999998;13.132299999999999;20.4125;16.2762;14.8738;19.375799999999998;17.4275;34.3886;13.132299999999999;18.4864;17.4815;37.2277;27.2112;45.899;27.4269;31.4716;48.0081;39.1381;33.622699999999995;37.1783;24.3014;44.1833;54.627300000000005;47.2161;39.4681;37.2277;16.2762;12.523;10.4354;16.98;20.6653;19.7293;14.8738;15.0443;10.4354;18.2012;18.5285;18.4864;23.292900000000003;20.3917;45.899;16.8191;20.6653;13.283299999999999;22.5006;24.3014;29.2189;12.329;15.477;14.1835;37.2277;12.523;27.2112;19.2385;18.942;12.329;19.2385;29.7908;20.659599999999998;19.977400000000003;27.1749;17.3982;16.14;12.523;18.2012;14.1785;20.0837;10.4354;13.3657;20.6653;14.1407;19.2385;16.1385;14.1785;19.977400000000003;14.7768;12.329;14.7768;29.5385;20.1034;12.329;12.8273;10.9666;21.833299999999998;13.655100000000001;11.2648;30.7252;24.180400000000002;11.898100000000001;28.0663;14.1785;14.7768;20.6325;11.786200000000001;18.2385;8.9374;19.2133;28.1223;20.3917;15.1812;4.571899999999999;15.0633;29.5385;12.0513;8.3593;10.469299999999999;8.3593;7.972300000000001;17.6526;10.469299999999999;4.571899999999999;30.7252;5.0866999999999996;6.9517;6.9517;5.7431;6.8925;7.718;2.8564000000000003;2.8564000000000003;5.7431;6.8784;5.382;7.972300000000001;6.8925;7.718;4.571899999999999;5.7431;6.9517;4.5861;6.9218;11.4603;15.876100000000001;6.5156;15.4468;9.099200000000002;15.4468;5.0866999999999996;15.876100000000001;6.7765;6.8871;0.0;6.8925;11.515600000000001;4.5861;26.931900000000002;15.4468;40.5589;21.2997;31.3923;19.1985;27.2725;25.5906;34.6009;11.4603;15.4468;15.4468;44.9365;18.2385;35.7503;21.647599999999997;20.4125;21.1391;19.375799999999998;13.0824;30.531299999999998;6.9218;17.4275;16.98;21.6185;16.923099999999998;14.8738;16.923099999999998;18.872400000000003;13.0824;18.4864;29.984299999999998;31.4716;28.3962;45.899;24.3014;24.2282;37.1783;31.478099999999998;39.1381;33.622699999999995;40.725699999999996;44.1833;54.627300000000005;48.0081;18.2012;20.659599999999998;25.1915;27.1749;20.0245;29.7908;37.9385;23.2482;16.1171;22.4692;14.1835;14.4195;14.4266;16.1385;22.4692;12.9155;14.1835;14.1407;20.035700000000002;16.14;11.786200000000001;12.8273;16.8191;25.457;11.786200000000001;14.1835;12.329;14.5122;11.898100000000001;14.7768;18.176099999999998;26.3208;12.821;30.3495;28.0663;6.9218;27.0403;25.2442;21.833299999999998;13.9505;11.4863;15.1812;21.388900000000003;7.718;6.9517;6.9218;6.9218;6.8925;0.0;5.7431;8.047600000000001;6.8784;13.9505;6.5625;5.7431;4.5861;5.7058;10.4354;0.0;3.0286;4.984100000000001;5.7431;6.9517;0.0;6.7618;7.2048000000000005;5.9779;6.7537;3.3104;14.2274;5.4064;5.9435;5.9435;26.278200000000002;8.811399999999999
Eimsbüttel 4.;30.5232;30.3994;34.8813;33.7319;44.0675;38.2545;39.689800000000005;33.4634;33.057900000000004;32.2703;32.3514;20.131400000000003;30.8964;35.22;19.105900000000002;25.7766;17.821099999999998;19.268900000000002;12.6127;12.0999;19.105900000000002;22.1163;39.077400000000004;17.821099999999998;16.2107;22.1702;31.8485;22.4355;33.384699999999995;22.6513;26.0924;42.6289;34.3624;28.847;32.4026;19.5257;39.407599999999995;49.8516;42.440400000000004;34.6924;31.8485;12.6127;7.7473;5.6597;21.6687;15.8896;18.5857;12.0999;12.090200000000001;5.6597;13.4255;10.7205;16.2107;18.5172;15.616;33.384699999999995;12.0434;15.8896;8.5076;18.3146;19.5257;23.8397;6.6902;9.751;9.088700000000001;31.8485;7.7473;22.4355;13.0487;13.5628;6.6902;13.0487;24.4115;15.2804;14.1522;21.7957;12.6225;10.5012;7.7473;13.4255;7.5565;14.7045;5.6597;7.5406;15.8896;8.0792;13.0487;10.3134;7.5565;14.1522;8.9517;6.6902;8.9517;18.2912;15.2559;6.6902;6.2388;4.5937;15.0935;8.0974;5.4397;20.9436;14.5421;5.3002;18.428;7.5565;8.9517;10.6534;5.4133000000000004;17.3695;3.7885;11.9895;27.2533;15.616;14.3122;3.2039;10.023200000000001;18.2912;11.1823;3.5779;4.9115;3.5779;3.2138;16.7835;4.9115;3.2039;20.9436;10.0075;6.6706;6.6706;1.538;2.1111;4.827;7.1741;7.1741;1.538;0.7355;1.9247;3.2138;2.1111;4.827;3.2039;1.538;6.6706;2.9078000000000004;3.0471999999999997;16.3811;17.555799999999998;1.3124;20.3676;14.7326;20.3676;10.0075;17.555799999999998;11.6974;10.859399999999999;6.7618;2.1111;15.268;2.9078000000000004;33.3029;20.3676;39.689800000000005;20.4307;30.5232;24.656200000000002;26.4035;33.4634;33.7319;16.3811;20.3676;20.3676;44.0675;17.3695;34.8813;25.4001;19.268900000000002;25.827900000000003;19.105900000000002;8.306700000000001;35.22;3.0471999999999997;22.1163;21.6687;20.843400000000003;21.611900000000002;12.0999;21.611900000000002;23.5612;8.306700000000001;16.2107;24.6051;26.0924;23.6206;33.384699999999995;19.5257;19.4525;32.4026;26.7025;34.3624;28.847;35.3465;39.407599999999995;49.8516;42.6289;13.4255;15.2804;19.3663;21.7957;13.834700000000002;24.4115;32.5593;17.423;10.478299999999999;17.09;9.088700000000001;8.3307;8.0538;10.3134;17.09;7.2767;9.088700000000001;8.0792;14.2105;10.5012;5.4133000000000004;6.2388;12.0434;15.818700000000002;5.4133000000000004;9.088700000000001;6.6902;8.423399999999999;5.3002;8.9517;17.3071;25.451700000000002;6.9254;20.7112;18.428;3.0471999999999997;26.1713;17.994400000000002;15.0935;13.0815;8.864;14.3122;16.2183;4.827;6.6706;3.0471999999999997;3.0471999999999997;2.1111;6.7618;1.538;2.8988;0.7355;13.0815;0.0;1.538;2.9078000000000004;1.7038;5.6597;6.7618;5.464300000000001;9.9049;1.538;6.6706;6.7618;0.0;11.6943;1.5771;0.4116;7.162;20.594;7.9742;2.8535999999999997;2.8535999999999997;25.879099999999998;3.1248
Blankenese 2.;22.3383;26.4749;30.9567;29.807299999999998;40.142900000000004;33.116099999999996;35.7653;21.601;25.315900000000003;28.3458;28.4269;13.9955;26.9719;35.663;24.5076;26.2196;18.2641;25.5443;21.408;20.005599999999998;24.5076;22.5593;39.5204;18.2641;23.6182;22.6132;42.3595;32.343;51.030800000000006;32.5587;36.6034;53.139900000000004;44.269800000000004;38.7545;42.3101;29.4332;49.3151;59.7591;52.3479;44.5999;42.3595;21.408;17.654799999999998;15.567200000000001;22.1118;25.797099999999997;24.861099999999997;20.005599999999998;20.176099999999998;15.567200000000001;23.333;23.6603;23.6182;28.4247;25.5235;51.030800000000006;21.9509;25.797099999999997;18.4151;27.6324;29.4332;34.350699999999996;17.4608;20.6088;19.3153;42.3595;17.654799999999998;32.343;23.2736;24.0738;17.4608;23.2736;34.922599999999996;25.791400000000003;24.3771;32.3067;22.53;21.2718;17.654799999999998;23.333;19.109599999999997;25.2155;15.567200000000001;17.765400000000003;25.797099999999997;18.5405;23.2736;20.5383;19.109599999999997;24.3771;19.176599999999997;17.4608;19.176599999999997;30.900599999999997;21.465400000000002;17.4608;17.306900000000002;15.2695;23.195400000000003;17.322400000000002;15.6646;32.0873;25.5425;16.8929;29.4284;19.109599999999997;19.176599999999997;21.9946;16.089100000000002;15.4967;12.7218;20.575400000000002;29.4844;25.5235;15.0046;9.703700000000001;16.4254;30.900599999999997;12.516399999999999;11.2935;13.1345;11.2935;9.8866;12.859;13.1345;9.703700000000001;32.0873;2.9869;7.563899999999999;7.563899999999999;10.8749;11.8689;9.9716;4.7421999999999995;4.7421999999999995;10.8749;12.010200000000001;9.984399999999999;9.8866;11.8689;9.9716;9.703700000000001;10.8749;7.563899999999999;9.7179;12.053600000000001;6.1552;11.8865;11.6474;10.6296;6.6064;10.6296;2.9869;11.8865;0.0;4.8052;7.2048000000000005;11.8689;7.526;9.7179;22.9423;10.6296;35.7653;16.809099999999997;22.3383;15.209;22.478900000000003;21.601;29.807299999999998;6.1552;10.6296;10.6296;40.142900000000004;15.4967;30.9567;17.658099999999997;25.5443;26.2709;24.5076;18.2142;35.663;12.053600000000001;22.5593;22.1118;26.7503;22.0549;20.005599999999998;22.0549;24.0042;18.2142;23.6182;35.116099999999996;36.6034;33.528;51.030800000000006;29.4332;29.36;42.3101;36.6099;44.269800000000004;38.7545;45.8575;49.3151;59.7591;53.139900000000004;23.333;25.791400000000003;31.6973;32.3067;24.0596;34.922599999999996;43.0703;27.6479;21.248900000000003;27.601;19.3153;18.819200000000002;18.755;20.5383;27.601;18.0473;19.3153;18.5405;24.4354;21.2718;16.089100000000002;17.306900000000002;21.9509;26.8191;16.089100000000002;19.3153;17.4608;18.911900000000003;16.8929;19.176599999999997;18.895;27.6829;11.8295;31.711599999999997;29.4284;12.053600000000001;28.4024;26.6063;23.195400000000003;11.2087;11.6255;15.0046;22.751;9.9716;7.563899999999999;12.053600000000001;12.053600000000001;11.8689;7.2048000000000005;10.8749;12.6554;12.010200000000001;11.2087;11.6943;10.8749;9.7179;10.424700000000001;15.567200000000001;7.2048000000000005;8.1604;4.122;10.8749;7.563899999999999;7.2048000000000005;11.6943;0.0;10.9135;11.6893;4.7443;20.5902;5.6271;11.7727;11.7727;22.5138;12.013200000000001
Sternschanze 3.;30.701700000000002;30.577900000000003;35.0598;33.9104;44.2459;38.433;39.868300000000005;33.6419;33.2299;32.4488;32.529900000000005;20.309900000000003;31.074900000000003;34.436099999999996;19.127599999999997;24.9927;17.0371;19.2905;12.6344;12.1216;19.127599999999997;21.3324;38.2935;17.0371;16.2324;21.3863;31.8702;22.4572;33.406400000000005;22.672900000000002;26.114099999999997;42.6505;34.384;28.8687;32.4243;19.547400000000003;39.429300000000005;49.8733;42.4621;34.7141;31.8702;12.6344;7.7688999999999995;5.6813;20.8848;15.911299999999999;18.607400000000002;12.1216;12.111799999999999;5.6813;13.4472;10.7422;16.2324;18.5389;15.6377;33.406400000000005;12.065100000000001;15.911299999999999;8.5293;18.3362;19.547400000000003;23.8614;6.7119;9.7727;9.110299999999999;31.8702;7.7688999999999995;22.4572;13.6214;13.5844;6.7119;13.6214;24.4332;15.302;15.386899999999999;21.8173;12.644200000000001;10.5229;7.7688999999999995;13.4472;8.561399999999999;14.7261;5.6813;8.6563;15.911299999999999;9.0661;13.6214;11.548;8.561399999999999;15.386899999999999;10.0674;6.7119;10.0674;28.847900000000003;19.4128;6.7119;7.210100000000001;5.5806000000000004;16.1262;9.13;6.5554;21.8549;15.5747;6.2809;19.339299999999998;8.561399999999999;10.0674;11.686;6.4002;17.548;4.8211;13.0221;27.4318;15.6377;14.4907;1.8635;11.0558;28.847900000000003;11.3608;5.2176;5.944100000000001;5.2176;4.13;16.962;5.944100000000001;1.8635;21.8549;9.223600000000001;6.8491;6.8491;0.0;3.5376999999999996;5.4968;6.3902;6.3902;0.0;1.6869;2.0272;4.13;3.5376999999999996;5.4968;1.8635;0.0;6.8491;2.2561999999999998;2.6281;15.5972;17.734299999999998;0.8985;19.5837;14.911100000000001;19.5837;9.223600000000001;17.734299999999998;10.9135;11.0315;5.9779;3.5376999999999996;15.44;2.2561999999999998;33.4814;19.5837;39.868300000000005;20.6092;30.701700000000002;24.8347;26.582;33.6419;33.9104;15.5972;19.5837;19.5837;44.2459;17.548;35.0598;25.5721;19.2905;25.044;19.127599999999997;8.3284;34.436099999999996;2.6281;21.3324;20.8848;20.865099999999998;20.828;12.1216;20.828;22.7772;8.3284;16.2324;24.6267;26.114099999999997;23.6422;33.406400000000005;19.547400000000003;19.4742;32.4243;26.7241;34.384;28.8687;35.368199999999995;39.429300000000005;49.8733;42.6505;13.4472;15.302;20.624299999999998;21.8173;14.407399999999999;24.4332;32.581;18.1275;10.5;17.1116;9.110299999999999;9.1105;8.840399999999999;11.548;17.1116;7.2984;9.110299999999999;9.0661;15.445200000000002;10.5229;6.4002;7.210100000000001;12.065100000000001;16.7222;6.4002;9.110299999999999;6.7119;9.117899999999999;6.2809;10.0674;17.485599999999998;25.630200000000002;7.958;21.622400000000003;19.339299999999998;2.6281;26.3498;19.027;16.1262;13.26;10.7958;14.4907;20.6983;5.4968;6.8491;2.6281;2.6281;3.5376999999999996;5.9779;0.0;3.9314;1.6869;13.26;1.5771;0.0;2.2561999999999998;1.7625;5.6813;5.9779;4.1868;9.121;0.0;6.8491;5.9779;1.5771;10.9135;0.0;1.3662999999999998;6.3426;19.304599999999997;8.9208;2.5684;2.5684;26.1002;4.1635
Alsterbrüder 3.;30.8912;30.767400000000002;35.249199999999995;34.0998;44.4354;38.6225;40.0578;33.831300000000006;33.4194;32.6383;32.7194;20.4994;31.264400000000002;35.2119;18.8645;25.7685;17.813;19.0275;12.3714;11.8585;18.8645;22.1082;39.506800000000005;17.813;15.969299999999999;22.1621;31.6071;22.1941;33.1433;22.4099;25.851;42.3875;34.121;28.6056;32.1612;19.284299999999998;39.166199999999996;49.6102;42.199;34.451;31.6071;12.3714;7.5059;5.4183;21.660700000000002;15.648200000000001;18.3444;11.8585;11.848799999999999;5.4183;13.1841;10.4792;15.969299999999999;18.2759;15.374600000000001;33.1433;11.802;15.648200000000001;8.266200000000001;18.0732;19.284299999999998;23.5983;6.4488;9.5096;8.847299999999999;31.6071;7.5059;22.1941;13.3583;13.321399999999999;6.4488;13.3583;24.1702;15.039;14.1441;21.554299999999998;12.3811;10.259799999999998;7.5059;13.1841;8.2983;14.4631;5.4183;7.5325;15.648200000000001;8.2704;13.3583;10.305299999999999;8.2983;14.1441;8.9436;6.4488;8.9436;18.283099999999997;15.2478;6.4488;6.4238;4.7848999999999995;15.0855;8.0893;5.4316;20.9355;14.534;5.4852;18.419900000000002;8.2983;8.9436;10.645299999999999;5.6045;17.7375;3.7804;11.981399999999999;27.621299999999998;15.374600000000001;13.025;2.843;10.0151;18.283099999999997;9.895100000000001;4.1769;4.9033999999999995;4.1769;3.5993000000000004;17.1515;4.9033999999999995;2.843;20.9355;9.9994;7.0385;7.0385;1.3662999999999998;2.4966999999999997;5.2125;7.166;7.166;1.3662999999999998;0.0;1.9305999999999999;3.5993000000000004;2.4966999999999997;5.2125;2.843;1.3662999999999998;7.0385;2.8996999999999997;2.783;16.373;17.9237;1.0483;20.359599999999997;15.1006;20.359599999999997;9.9994;17.9237;11.6893;11.2209;6.7537;2.4966999999999997;15.6295;2.8996999999999997;33.6709;20.359599999999997;40.0578;20.7987;30.8912;25.024099999999997;26.7715;33.831300000000006;34.0998;16.373;20.359599999999997;20.359599999999997;44.4354;17.7375;35.249199999999995;25.761599999999998;19.0275;25.8198;18.8645;8.0654;35.2119;2.783;22.1082;21.660700000000002;20.602;21.6038;11.8585;21.6038;23.553099999999997;8.0654;15.969299999999999;24.3637;25.851;23.3792;33.1433;19.284299999999998;19.2112;32.1612;26.4611;34.121;28.6056;35.1051;39.166199999999996;49.6102;42.3875;13.1841;15.039;19.3582;21.554299999999998;14.1443;24.1702;32.3179;17.8645;10.237;16.848599999999998;8.847299999999999;8.3536;8.0835;10.305299999999999;16.848599999999998;7.0353;8.847299999999999;8.2704;14.202399999999999;10.259799999999998;5.6045;6.4238;11.802;15.8106;5.6045;8.847299999999999;6.4488;8.361;5.4852;8.9436;16.0199;25.8197;6.9173;20.7031;18.419900000000002;2.783;26.5392;17.9863;15.0855;13.449399999999999;8.856;13.025;16.2102;5.2125;7.0385;2.783;2.783;2.4966999999999997;6.7537;1.3662999999999998;2.8907;0.0;13.449399999999999;0.4116;1.3662999999999998;2.8996999999999997;1.7097;5.4183;6.7537;5.4562;9.896799999999999;1.3662999999999998;7.0385;6.7537;0.4116;11.6893;1.3662999999999998;0.0;7.4779;20.559099999999997;8.1775;2.8055;2.8055;26.0825;2.9345
Groß Flottbek 1.;30.744799999999998;30.621;35.1028;33.9534;44.289;38.476099999999995;39.9114;24.000700000000002;27.7156;32.4919;32.573;16.3953;31.118;31.7687;20.6132;22.3253;14.3697;21.649900000000002;17.5136;16.1112;20.6132;18.664900000000003;35.626;14.3697;19.7238;18.7189;37.8272;27.8107;47.1364;28.026400000000002;32.0711;48.6076;39.7375;34.222199999999994;37.777800000000006;24.9009;44.7828;55.226800000000004;47.815599999999996;40.0676;37.8272;17.5136;13.1225;11.0349;18.2174;21.2648;20.9668;16.1112;16.2818;11.0349;18.8007;19.765900000000002;19.7238;23.892400000000002;20.9912;47.1364;17.418599999999998;21.2648;13.8828;23.100099999999998;24.9009;29.8184;12.9285;16.0765;14.783;37.8272;13.1225;27.8107;19.0445;19.5415;12.9285;19.0445;30.3903;21.2591;20.1481;27.7744;17.997700000000002;16.7395;13.1225;18.8007;14.778;20.6832;11.0349;13.5364;21.2648;14.311399999999999;19.0445;16.3092;14.778;20.1481;14.9475;12.9285;14.9475;28.891;19.4559;12.9285;13.4268;11.1373;21.1858;14.1358;11.4355;30.0777;23.5329;12.4976;27.4188;14.778;14.9475;19.985;11.9569;17.591099999999997;9.5353;18.5658;27.4749;20.9912;14.533700000000001;5.4912;14.415799999999999;28.891;11.403799999999999;8.107;9.948;8.107;6.7001;17.0051;9.948;5.4912;30.0777;3.0544000000000002;5.361800000000001;5.361800000000001;6.3426;6.7527;6.785100000000001;0.0;0.0;6.3426;7.4779;5.2421999999999995;6.7001;6.7527;6.785100000000001;5.4912;6.3426;5.361800000000001;5.1856;7.5213;9.4281;14.286299999999999;7.1151;13.4146;7.509399999999999;13.4146;3.0544000000000002;14.286299999999999;4.7443;4.8549;3.3104;6.7527;9.925799999999999;5.1856;25.3421;13.4146;39.9114;20.6523;30.744799999999998;17.608700000000002;26.6251;24.000700000000002;33.9534;9.4281;13.4146;13.4146;44.289;17.591099999999997;35.1028;20.0578;21.649900000000002;22.3765;20.6132;13.681899999999999;31.7687;7.5213;18.664900000000003;18.2174;22.856;18.1606;16.1112;18.1606;20.1098;13.681899999999999;19.7238;30.5838;32.0711;28.9957;47.1364;24.9009;24.8277;37.777800000000006;32.0776;39.7375;34.222199999999994;41.325199999999995;44.7828;55.226800000000004;48.6076;18.8007;21.2591;29.6877;27.7744;19.8305;30.3903;38.538;23.4189;16.7166;23.0687;14.783;14.590200000000001;14.597299999999999;16.3092;23.0687;13.515;14.783;14.311399999999999;20.206400000000002;16.7395;11.9569;13.4268;17.418599999999998;24.8095;11.9569;14.783;12.9285;14.6829;12.4976;14.9475;17.528599999999997;25.673299999999998;12.1736;29.702;27.4188;7.5213;26.392799999999998;24.596799999999998;21.1858;13.303;10.838799999999999;14.533700000000001;20.741400000000002;6.785100000000001;5.361800000000001;7.5213;7.5213;6.7527;3.3104;6.3426;8.0302;7.4779;13.303;7.162;6.3426;5.1856;5.6825;11.0349;3.3104;4.266;3.7763;6.3426;5.361800000000001;3.3104;7.162;4.7443;6.3426;7.4779;0.0;16.670099999999998;3.46;7.2494;7.2494;27.2718;8.8338
Altenwerder 2.;43.7269;43.6031;48.085;46.9356;57.2712;51.4582;52.8935;39.404300000000006;43.1192;45.474;45.555099999999996;33.3351;44.1001;15.5142;8.4939;10.9702;12.1755;9.5306;14.5269;13.4152;8.4939;6.5456;24.271;12.1755;13.1251;6.5995;44.896699999999996;28.5374;35.7813;32.2281;32.2755;55.677099999999996;40.4643;34.9489;38.5045;29.891099999999998;45.5095;67.0123;48.542300000000004;40.7943;44.896699999999996;14.5269;20.302400000000002;20.3259;6.0981000000000005;25.8951;8.8474;13.4152;13.585700000000001;20.3259;26.6073;16.6857;13.1251;24.6192;25.6215;35.7813;27.092;25.8951;21.359099999999998;27.6673;29.891099999999998;31.6301;22.729200000000002;24.17;23.3903;44.896699999999996;20.302400000000002;28.5374;35.252300000000005;31.7156;22.729200000000002;35.252300000000005;37.4709;33.4332;38.1148;34.843900000000005;28.1103;27.014400000000002;20.302400000000002;26.6073;25.3323;32.8573;20.3259;28.1857;25.8951;26.374200000000002;35.252300000000005;28.501;25.3323;38.1148;29.5969;22.729200000000002;29.5969;41.8731;32.438;22.729200000000002;24.1631;25.689799999999998;34.168;27.7427;26.0849;43.0598;36.515;23.456599999999998;40.4009;25.3323;29.5969;32.9671;26.509400000000003;30.5732;23.1421;31.548;40.457;25.6215;27.515900000000002;17.4407;27.3979;41.8731;24.386;21.7138;23.5548;21.7138;20.306900000000002;29.9872;23.5548;17.4407;43.0598;18.9004;20.314400000000003;20.314400000000003;19.304599999999997;22.2845;20.052599999999998;16.670099999999998;16.670099999999998;19.304599999999997;20.559099999999997;19.6094;20.306900000000002;22.2845;20.052599999999998;17.4407;19.304599999999997;20.314400000000003;18.6176;19.852400000000003;25.274;30.7595;19.7707;29.2605;22.9129;29.2605;18.9004;30.7595;20.5902;20.875400000000003;14.2274;22.2845;25.3293;18.6176;40.745599999999996;29.2605;52.8935;33.6344;43.7269;37.8599;39.6072;39.404300000000006;46.9356;25.274;29.2605;29.2605;57.2712;30.5732;48.085;35.461400000000005;9.5306;20.182299999999998;8.4939;16.1162;15.5142;19.852400000000003;6.5456;6.0981000000000005;11.5009;0.0;13.4152;0.0;3.8554;16.1162;13.1251;37.6532;32.2755;33.1974;35.7813;29.891099999999998;29.458;38.5045;32.8044;40.4643;34.9489;41.0721;45.5095;67.0123;55.677099999999996;26.6073;33.4332;41.9762;34.843900000000005;36.0383;37.4709;45.6186;38.400800000000004;26.9916;35.2428;23.3903;26.0635;25.793400000000002;28.501;35.2428;23.301;23.3903;26.374200000000002;32.3982;27.014400000000002;26.509400000000003;24.1631;27.092;37.791599999999995;26.509400000000003;23.3903;22.729200000000002;26.0709;23.456599999999998;29.5969;30.5108;38.6554;25.1557;42.6841;40.4009;19.852400000000003;39.375;37.578900000000004;34.168;26.2852;23.821;27.515900000000002;33.7235;20.052599999999998;20.314400000000003;19.852400000000003;19.852400000000003;22.2845;14.2274;19.304599999999997;23.0757;20.559099999999997;26.2852;20.594;19.304599999999997;18.6176;19.7372;20.3259;14.2274;15.5679;16.9455;19.304599999999997;20.314400000000003;14.2274;20.594;20.5902;19.304599999999997;20.559099999999997;16.670099999999998;0.0;20.2565;20.9106;20.9106;41.1284;23.6615
Lurup 1.;26.8543;26.7305;31.2123;30.062900000000003;40.3985;34.5855;36.0208;22.1681;25.883;28.6014;28.6824;16.4625;27.2275;33.8647;22.7092;24.421200000000002;16.465700000000002;23.745900000000002;19.609599999999997;18.2072;22.7092;20.760900000000003;37.722;16.465700000000002;21.8198;20.8149;40.024800000000006;30.6118;49.2324;30.8275;34.268699999999995;50.805099999999996;42.538599999999995;37.023300000000006;40.578900000000004;27.702;47.5839;58.0279;50.616699999999994;42.8687;40.024800000000006;19.609599999999997;15.9235;13.835899999999999;20.3134;24.065900000000003;23.0627;18.2072;18.3777;13.835899999999999;21.6018;18.8968;21.8198;26.6935;23.7923;49.2324;20.2197;24.065900000000003;16.6839;26.4908;27.702;32.016;13.6302;17.9273;17.2649;40.024800000000006;15.9235;30.6118;18.4694;21.739;13.6302;18.4694;32.5878;23.456599999999998;19.573;29.9719;20.7988;17.3232;15.9235;21.6018;14.3055;22.8807;13.835899999999999;12.9613;24.065900000000003;13.7363;18.4694;15.7341;14.3055;19.573;14.372399999999999;13.6302;14.372399999999999;26.096400000000003;16.6613;13.6302;12.5027;10.465399999999999;18.391299999999998;12.5182;10.8604;27.283099999999997;20.738400000000002;12.088700000000001;24.624200000000002;14.3055;14.372399999999999;17.1905;11.2849;13.7005;7.9177;15.7713;24.6803;23.7923;10.1908;7.514600000000001;11.6212;26.096400000000003;7.7123;6.4894;8.3304;6.4894;5.0825;13.114600000000001;8.3304;7.514600000000001;27.283099999999997;3.4088000000000003;2.7598000000000003;2.7598000000000003;8.9208;7.0648;5.1674;3.46;3.46;8.9208;8.1775;7.361;5.0825;7.0648;5.1674;7.514600000000001;8.9208;2.7598000000000003;7.6283;9.5447;10.310799999999999;12.453700000000001;9.0531;14.2973;5.6768;14.2973;3.4088000000000003;12.453700000000001;5.6271;3.6846;5.4064;7.0648;8.0932;7.6283;23.509400000000003;14.2973;36.0208;16.7617;26.8543;15.7761;22.7345;22.1681;30.062900000000003;10.310799999999999;14.2973;14.2973;40.3985;13.7005;31.2123;18.2252;23.745900000000002;24.4725;22.7092;16.483;33.8647;9.5447;20.760900000000003;20.3134;24.951900000000002;20.2565;18.2072;20.2565;22.2058;16.483;21.8198;32.7813;34.268699999999995;31.796799999999998;49.2324;27.702;27.6288;40.578900000000004;34.878699999999995;42.538599999999995;37.023300000000006;43.522800000000004;47.5839;58.0279;50.805099999999996;21.6018;23.456599999999998;26.8932;29.9719;19.2554;32.5878;40.7356;22.843799999999998;17.3003;21.0422;17.2649;14.0151;13.950899999999999;15.7341;21.0422;14.4519;17.2649;13.7363;19.6313;17.3232;11.2849;12.5027;20.2197;22.0149;11.2849;17.2649;13.6302;14.1078;12.088700000000001;14.372399999999999;13.1857;22.878700000000002;7.025399999999999;26.907400000000003;24.624200000000002;9.5447;23.5983;21.8022;18.391299999999998;9.4125;6.8213;10.1908;17.9468;5.1674;2.7598000000000003;9.5447;9.5447;7.0648;5.4064;8.9208;7.8513;8.1775;9.4125;7.9742;8.9208;7.6283;7.8013;13.835899999999999;5.4064;6.362;5.7272;8.9208;2.7598000000000003;5.4064;7.9742;5.6271;8.9208;8.1775;3.46;20.2565;0.0;9.799700000000001;9.799700000000001;25.513;7.1842
Hansa 11 2.;32.3565;32.2326;36.7145;35.5651;45.9007;40.0877;41.523;29.878400000000003;33.593300000000006;34.1035;34.184599999999996;21.964599999999997;32.7296;34.518800000000006;17.9638;25.075400000000002;17.119799999999998;18.1267;11.470600000000001;10.957799999999999;17.9638;21.415;38.606;17.119799999999998;15.0686;19.2912;31.269;21.293400000000002;32.242599999999996;21.5091;25.512900000000002;42.0493;33.2202;27.704900000000002;31.2605;18.383599999999998;38.2655;48.7095;41.298300000000005;33.5503;31.269;11.470600000000001;6.6052;4.5175;18.3962;14.7475;17.4436;10.957799999999999;10.948;4.5175;12.2834;9.5784;15.0686;17.3751;14.4739;32.242599999999996;10.901299999999999;14.7475;7.3655;16.5828;18.383599999999998;23.2602;6.1499;9.0198;8.2248;31.269;6.6052;21.293400000000002;13.0594;12.9832;6.1499;13.0594;23.832;14.7008;14.8249;21.216099999999997;11.4804;9.960899999999999;6.6052;12.2834;7.9994;14.1249;4.5175;9.1158;14.7475;8.8593;13.0594;10.9861;7.9994;14.8249;11.0224;6.1499;11.0224;30.5027;21.0675;6.1499;6.6482;6.6293;17.1982;10.202;7.6114;21.292900000000003;16.6468;5.9372;18.7773;7.9994;11.0224;12.7581;7.4489;19.2027;5.8932;14.094100000000001;29.0865;14.4739;16.1454;3.0091;12.1279;30.5027;13.0155;6.2897;7.0161999999999995;6.2897;5.7847;18.616799999999998;7.0161999999999995;3.0091;21.292900000000003;10.0829;8.5038;8.5038;2.5684;5.1925;7.1515;7.2494;7.2494;2.5684;2.8055;3.682;5.7847;5.1925;7.1515;3.0091;2.5684;8.5038;3.3739;0.0;16.4565;19.389;1.6992;20.443;16.565900000000003;20.443;10.0829;19.389;11.7727;11.3496;5.9435;5.1925;15.8035;3.3739;35.1361;20.443;41.523;22.263900000000003;32.3565;26.4894;28.2367;29.878400000000003;35.5651;16.4565;20.443;20.443;45.9007;19.2027;36.7145;25.9355;18.1267;25.1266;17.9638;7.1646;34.518800000000006;0.0;21.415;18.3962;19.7013;20.9106;10.957799999999999;20.9106;22.859900000000003;7.1646;15.0686;24.0255;25.512900000000002;22.4784;32.242599999999996;18.383599999999998;18.3104;31.2605;25.560299999999998;33.2202;27.704900000000002;34.767;38.2655;48.7095;42.0493;12.2834;14.7008;20.0624;21.216099999999997;13.8454;23.832;31.9798;19.668400000000002;9.9381;16.5104;8.2248;8.5485;8.2784;10.9861;16.5104;6.7364;8.2248;8.8593;14.8832;9.960899999999999;7.4489;6.6482;10.901299999999999;16.1602;7.4489;8.2248;6.1499;8.5559;5.9372;11.0224;19.1403;27.2849;9.030100000000001;21.0605;18.7773;0.0;28.0045;20.0991;17.1982;14.9147;12.4505;16.1454;18.323;7.1515;8.5038;0.0;0.0;5.1925;5.9435;2.5684;5.0034;2.8055;14.9147;2.8535999999999997;2.5684;3.3739;3.4172;4.5175;5.9435;4.3807;9.1592;2.5684;8.5038;5.9435;2.8535999999999997;11.7727;2.5684;2.8055;7.2494;20.9106;9.799700000000001;0.0;0.0;27.8402;5.2437
St. Pauli VI;32.3565;32.2326;36.7145;35.5651;45.9007;40.0877;41.523;29.878400000000003;33.593300000000006;34.1035;34.184599999999996;21.964599999999997;32.7296;34.518800000000006;17.9638;25.075400000000002;17.119799999999998;18.1267;11.470600000000001;10.957799999999999;17.9638;21.415;38.606;17.119799999999998;15.0686;19.2912;31.269;21.293400000000002;32.242599999999996;21.5091;25.512900000000002;42.0493;33.2202;27.704900000000002;31.2605;18.383599999999998;38.2655;48.7095;41.298300000000005;33.5503;31.269;11.470600000000001;6.6052;4.5175;18.3962;14.7475;17.4436;10.957799999999999;10.948;4.5175;12.2834;9.5784;15.0686;17.3751;14.4739;32.242599999999996;10.901299999999999;14.7475;7.3655;16.5828;18.383599999999998;23.2602;6.1499;9.0198;8.2248;31.269;6.6052;21.293400000000002;13.0594;12.9832;6.1499;13.0594;23.832;14.7008;14.8249;21.216099999999997;11.4804;9.960899999999999;6.6052;12.2834;7.9994;14.1249;4.5175;9.1158;14.7475;8.8593;13.0594;10.9861;7.9994;14.8249;11.0224;6.1499;11.0224;30.5027;21.0675;6.1499;6.6482;6.6293;17.1982;10.202;7.6114;21.292900000000003;16.6468;5.9372;18.7773;7.9994;11.0224;12.7581;7.4489;19.2027;5.8932;14.094100000000001;29.0865;14.4739;16.1454;3.0091;12.1279;30.5027;13.0155;6.2897;7.0161999999999995;6.2897;5.7847;18.616799999999998;7.0161999999999995;3.0091;21.292900000000003;10.0829;8.5038;8.5038;2.5684;5.1925;7.1515;7.2494;7.2494;2.5684;2.8055;3.682;5.7847;5.1925;7.1515;3.0091;2.5684;8.5038;3.3739;0.0;16.4565;19.389;1.6992;20.443;16.565900000000003;20.443;10.0829;19.389;11.7727;11.3496;5.9435;5.1925;15.8035;3.3739;35.1361;20.443;41.523;22.263900000000003;32.3565;26.4894;28.2367;29.878400000000003;35.5651;16.4565;20.443;20.443;45.9007;19.2027;36.7145;25.9355;18.1267;25.1266;17.9638;7.1646;34.518800000000006;0.0;21.415;18.3962;19.7013;20.9106;10.957799999999999;20.9106;22.859900000000003;7.1646;15.0686;24.0255;25.512900000000002;22.4784;32.242599999999996;18.383599999999998;18.3104;31.2605;25.560299999999998;33.2202;27.704900000000002;34.767;38.2655;48.7095;42.0493;12.2834;14.7008;20.0624;21.216099999999997;13.8454;23.832;31.9798;19.668400000000002;9.9381;16.5104;8.2248;8.5485;8.2784;10.9861;16.5104;6.7364;8.2248;8.8593;14.8832;9.960899999999999;7.4489;6.6482;10.901299999999999;16.1602;7.4489;8.2248;6.1499;8.5559;5.9372;11.0224;19.1403;27.2849;9.030100000000001;21.0605;18.7773;0.0;28.0045;20.0991;17.1982;14.9147;12.4505;16.1454;18.323;7.1515;8.5038;0.0;0.0;5.1925;5.9435;2.5684;5.0034;2.8055;14.9147;2.8535999999999997;2.5684;3.3739;3.4172;4.5175;5.9435;4.3807;9.1592;2.5684;8.5038;5.9435;2.8535999999999997;11.7727;2.5684;2.8055;7.2494;20.9106;9.799700000000001;0.0;0.0;27.8402;5.2437
Union Tornesch 4.;5.051699999999999;9.464799999999999;9.5591;12.4333;23.1328;12.7829;18.7551;7.9918000000000005;14.9109;11.335700000000001;11.0529;10.235700000000001;9.961799999999998;54.7365;43.581;45.293099999999995;37.3375;44.6177;40.4814;39.079;43.581;41.6327;58.5938;37.3375;42.6916;41.686699999999995;57.2041;47.7911;58.740300000000005;48.0069;51.448;67.9845;59.718;54.2026;57.758199999999995;44.8813;64.7632;75.2072;67.796;60.048;57.2041;40.4814;33.1029;31.0153;41.185199999999995;41.2452;43.934599999999996;39.079;39.2495;31.0153;38.781099999999995;36.0762;42.6916;43.8729;40.971599999999995;58.740300000000005;37.399;41.2452;33.8632;43.670199999999994;44.8813;49.1953;31.539900000000003;35.1066;34.444300000000005;57.2041;33.1029;47.7911;39.7861;38.9184;31.539900000000003;39.7861;49.767199999999995;40.636;40.8896;47.151300000000006;37.9781;35.232800000000005;33.1029;38.781099999999995;32.2151;40.0601;31.0153;30.871;41.2452;31.646;39.7861;37.0508;32.2151;40.8896;35.689099999999996;31.539900000000003;35.689099999999996;25.9158;30.1614;31.539900000000003;30.4124;28.375;31.8914;30.0583;28.7701;40.783300000000004;34.2385;29.9984;38.1244;32.2151;35.689099999999996;30.6906;29.194599999999998;16.2741;25.8273;29.2714;25.942400000000003;40.971599999999995;17.33;26.1858;25.121299999999998;25.9158;22.1094;24.399099999999997;25.4069;24.399099999999997;22.992099999999997;12.409;25.4069;26.1858;40.783300000000004;21.835099999999997;20.6599;20.6599;26.1002;24.9697;23.145400000000002;27.2718;27.2718;26.1002;26.0825;24.4793;22.992099999999997;24.9697;23.145400000000002;26.1858;26.1002;20.6599;25.0559;27.8402;26.702;13.517700000000001;26.232400000000002;18.1692;16.1964;18.1692;21.835099999999997;13.517700000000001;22.5138;19.700400000000002;26.278200000000002;24.9697;13.4139;25.0559;7.8313999999999995;18.1692;18.7551;9.954600000000001;5.051699999999999;11.5109;0.0;7.9918000000000005;12.4333;26.702;18.1692;18.1692;23.1328;16.2741;9.5591;13.139100000000001;44.6177;45.344300000000004;43.581;33.6624;54.7365;27.8402;41.6327;41.185199999999995;45.823699999999995;41.1284;39.079;41.1284;43.0776;33.6624;42.6916;49.960699999999996;51.448;48.9762;58.740300000000005;44.8813;44.8082;57.758199999999995;52.058099999999996;59.718;54.2026;60.7021;64.7632;75.2072;67.9845;38.781099999999995;40.636;40.3933;47.151300000000006;40.5721;49.767199999999995;47.0826;41.2264;35.21;42.3588;34.444300000000005;31.924799999999998;31.8605;37.0508;42.3588;32.361599999999996;34.444300000000005;31.646;37.276900000000005;35.232800000000005;29.194599999999998;30.4124;37.399;35.515;29.194599999999998;34.444300000000005;31.539900000000003;32.0174;29.9984;35.689099999999996;18.4749;20.7963;21.8994;40.4075;38.1244;27.8402;20.9655;35.3023;31.8914;17.7196;20.558799999999998;17.33;31.446900000000003;23.145400000000002;20.6599;27.8402;27.8402;24.9697;26.278200000000002;26.1002;25.760900000000003;26.0825;17.7196;25.879099999999998;26.1002;25.0559;24.9806;31.0153;26.278200000000002;26.4172;29.3994;26.1002;20.6599;26.278200000000002;25.879099999999998;22.5138;26.1002;26.0825;27.2718;41.1284;25.513;27.8402;27.8402;0.0;25.6148
Victoria 4.;29.7345;29.6107;34.0925;32.9431;43.2787;37.4658;38.9011;32.6747;32.2692;31.4816;31.5627;19.3427;30.1077;37.2696;21.2778;27.8262;19.8707;21.4407;14.784600000000001;14.271700000000001;21.2778;24.1659;41.127;19.8707;18.3826;24.2198;34.020300000000006;24.6073;35.5565;24.8231;28.2643;44.8007;36.5342;31.018900000000002;34.574400000000004;21.6975;41.5794;52.0235;44.612199999999994;36.8643;34.020300000000006;14.784600000000001;9.9191;7.8315;23.7183;18.0615;20.7576;14.271700000000001;14.262;7.8315;15.5974;12.8924;18.3826;20.6891;17.7878;35.5565;14.215200000000001;18.0615;10.6795;20.4864;21.6975;26.0115;7.3039;11.9229;11.2605;34.020300000000006;9.9191;24.6073;12.9383;15.7346;7.3039;12.9383;26.5834;17.4522;14.0419;23.9675;14.7944;11.7921;9.9191;15.5974;7.979100000000001;16.8763;7.8315;7.4302;18.0615;8.205200000000001;12.9383;10.203100000000001;7.979100000000001;14.0419;8.8414;7.3039;8.8414;24.493;15.057799999999999;7.3039;6.176399999999999;4.139;13.9833;6.987100000000001;5.3294;19.8334;13.431899999999999;5.7623999999999995;17.3178;7.979100000000001;8.8414;9.5432;4.958600000000001;13.6417;0.8897999999999999;10.8792;23.0768;17.7878;10.1344;4.9556000000000004;7.1244;24.493;7.0043999999999995;1.2862;2.6258000000000004;1.2862;3.1569000000000003;15.9948;2.6258000000000004;4.9556000000000004;19.8334;9.795;5.4556000000000004;5.4556000000000004;4.1635;2.4013;3.4429000000000003;8.8338;8.8338;4.1635;2.9345;3.1940999999999997;3.1569000000000003;2.4013;3.4429000000000003;4.9556000000000004;4.1635;5.4556000000000004;4.4983;5.2437;16.696900000000003;16.767;3.8455;20.683400000000002;13.9439;20.683400000000002;9.795;16.767;12.013200000000001;10.0707;8.811399999999999;2.4013;14.479299999999999;4.4983;32.5142;20.683400000000002;38.9011;19.642;29.7345;23.8674;25.6148;32.6747;32.9431;16.696900000000003;20.683400000000002;20.683400000000002;43.2787;13.6417;34.0925;24.6113;21.4407;27.8775;21.2778;10.4786;37.2696;5.2437;24.1659;23.7183;28.356900000000003;23.6615;14.271700000000001;23.6615;25.610799999999998;10.4786;18.3826;26.7769;28.2643;25.7924;35.5565;21.6975;21.6244;34.574400000000004;28.874299999999998;36.5342;31.018900000000002;37.5184;41.5794;52.0235;44.8007;15.5974;17.4522;19.256;23.9675;13.7243;26.5834;34.7311;17.3127;11.769200000000001;15.5111;11.2605;8.484;8.419799999999999;10.203100000000001;15.5111;8.1256;11.2605;8.205200000000001;14.100200000000001;11.7921;4.958600000000001;6.176399999999999;14.215200000000001;14.7084;4.958600000000001;11.2605;7.3039;8.5767;5.7623999999999995;8.8414;13.129299999999999;21.2752;4.0267;19.600900000000003;17.3178;5.2437;21.994799999999998;16.8842;13.9833;9.3541;5.9653;10.1344;16.3434;3.4429000000000003;5.4556000000000004;5.2437;5.2437;2.4013;8.811399999999999;4.1635;0.0;2.9345;9.3541;3.1248;4.1635;4.4983;3.2403000000000004;7.8315;8.811399999999999;7.216;11.9326;4.1635;5.4556000000000004;8.811399999999999;3.1248;12.013200000000001;4.1635;2.9345;8.8338;23.6615;7.1842;5.2437;5.2437;25.6148;0.0
